CREATE DATABASE  IF NOT EXISTS `sailo_db` /*!40100 DEFAULT CHARACTER SET utf8mb4 COLLATE utf8mb4_unicode_ci */ /*!80016 DEFAULT ENCRYPTION='N' */;
USE `sailo_db`;
-- MySQL dump 10.13  Distrib 8.0.43, for Win64 (x86_64)
--
-- Host: localhost    Database: sailo_db
-- ------------------------------------------------------
-- Server version	8.4.6

/*!40101 SET @OLD_CHARACTER_SET_CLIENT=@@CHARACTER_SET_CLIENT */;
/*!40101 SET @OLD_CHARACTER_SET_RESULTS=@@CHARACTER_SET_RESULTS */;
/*!40101 SET @OLD_COLLATION_CONNECTION=@@COLLATION_CONNECTION */;
/*!50503 SET NAMES utf8 */;
/*!40103 SET @OLD_TIME_ZONE=@@TIME_ZONE */;
/*!40103 SET TIME_ZONE='+00:00' */;
/*!40014 SET @OLD_UNIQUE_CHECKS=@@UNIQUE_CHECKS, UNIQUE_CHECKS=0 */;
/*!40014 SET @OLD_FOREIGN_KEY_CHECKS=@@FOREIGN_KEY_CHECKS, FOREIGN_KEY_CHECKS=0 */;
/*!40101 SET @OLD_SQL_MODE=@@SQL_MODE, SQL_MODE='NO_AUTO_VALUE_ON_ZERO' */;
/*!40111 SET @OLD_SQL_NOTES=@@SQL_NOTES, SQL_NOTES=0 */;

--
-- Table structure for table `ai_chat_messages`
--

DROP TABLE IF EXISTS `ai_chat_messages`;
/*!40101 SET @saved_cs_client     = @@character_set_client */;
/*!50503 SET character_set_client = utf8mb4 */;
CREATE TABLE `ai_chat_messages` (
  `id` int NOT NULL AUTO_INCREMENT,
  `room_id` int NOT NULL,
  `user_id` int NOT NULL,
  `user_message` text COLLATE utf8mb4_unicode_ci NOT NULL,
  `ai_response` text COLLATE utf8mb4_unicode_ci NOT NULL,
  `tokens_used` int DEFAULT '0',
  `model_version` varchar(50) COLLATE utf8mb4_unicode_ci DEFAULT 'gpt-3.5-turbo',
  `is_transfer_request` tinyint(1) DEFAULT '0',
  `created_at` timestamp NULL DEFAULT CURRENT_TIMESTAMP,
  PRIMARY KEY (`id`),
  KEY `idx_room_id` (`room_id`),
  KEY `idx_user_id` (`user_id`),
  KEY `idx_created_at` (`created_at`),
  KEY `idx_is_transfer_request` (`is_transfer_request`),
  CONSTRAINT `ai_chat_messages_ibfk_1` FOREIGN KEY (`room_id`) REFERENCES `ai_chat_rooms` (`id`) ON DELETE CASCADE,
  CONSTRAINT `ai_chat_messages_ibfk_2` FOREIGN KEY (`user_id`) REFERENCES `users` (`id`) ON DELETE CASCADE
) ENGINE=InnoDB AUTO_INCREMENT=189 DEFAULT CHARSET=utf8mb4 COLLATE=utf8mb4_unicode_ci COMMENT='AI聊天訊息 - 儲存使用者與AI的對話記錄';
/*!40101 SET character_set_client = @saved_cs_client */;

--
-- Dumping data for table `ai_chat_messages`
--

LOCK TABLES `ai_chat_messages` WRITE;
/*!40000 ALTER TABLE `ai_chat_messages` DISABLE KEYS */;
INSERT INTO `ai_chat_messages` VALUES (1,1,5,'1+1等於多少','這是一個簡單的數學問題！答案是 2。',293,'llama3.1:8b',0,'2025-11-02 13:50:16'),(2,1,5,'轉人工','因為您的問題很簡單，我們可以直接回答。但若您有其他更複雜或需要更多細節的問題，請放心轉接給我們的人工客服，我們會盡力幫助您！如果您想進行行程規劃、景點推薦或訂單查詢等旅遊相關事項，也歡迎轉接給我們的人工客服。',393,'llama3.1:8b',1,'2025-11-02 13:50:39'),(3,1,5,'你好','你好！我是 SailoTravel 旅遊平台的 AI 客服助手，很高興能夠幫助您！您需要什麼幫助或者想要知道哪些資訊？',450,'llama3.1:8b',0,'2025-11-02 13:59:17'),(4,1,5,'你好','哈哈! 你好！我們又說了一次。還是無所事事嗎？想聊天或是尋找旅遊信息？',493,'llama3.1:8b',0,'2025-11-02 14:04:00'),(5,1,5,'1+1等於多少','這個我已經回答過囉！答案仍然是 2。有沒有其他問題想要問我呢？',535,'llama3.1:8b',0,'2025-11-02 14:08:29'),(6,1,5,'1+1等於多少','你又問了！答案是 2。想知道什麼其他東西嗎？',570,'llama3.1:8b',0,'2025-11-02 14:12:16'),(7,1,5,'轉人工','因為您已經多次詢問了相同的問題，我們建議您轉接給我們的人工客服，讓他們能夠更好地幫助您！您可以在 SailoTravel 平台中找到「客服中心」的連結，或者直接與我們聯繫。',650,'llama3.1:8b',1,'2025-11-02 14:12:24'),(8,1,5,'轉人工','好的！您的需求已經被轉介給我們的人工客服了，他們會盡力幫助您解決問題和回答您的一切疑問。謝謝使用 SailoTravel 旅遊平台，祝您旅遊愉快！',719,'llama3.1:8b',1,'2025-11-02 14:19:31'),(9,1,5,'人工','您的問題已經轉介給我們的人工客服了，他們會很快與您聯繫，以便幫助您解決問題和回答您的一切疑問。謝謝使用 SailoTravel 旅遊平台，祝您旅遊愉快！',790,'llama3.1:8b',1,'2025-11-02 14:20:07'),(10,1,5,'人工','等一下! 您已經轉介給了人工客服囉! 他們正在幫助您處理問題。如果您有什麼新的要求或疑問，歡迎再與我聯繫，我會盡力協助您。',858,'llama3.1:8b',1,'2025-11-02 14:23:16'),(11,1,5,'1+1','我們已經聊過這個題目了！答案是 2。人工客服正在幫助您嗎？還需要我的幫助嗎？',906,'llama3.1:8b',1,'2025-11-02 14:36:06'),(12,1,5,'2+2','不用再問我囉！答案依然是 4。人工客服正在處理您的問題，請繼續等待他们的回覆。',924,'llama3.1:8b',1,'2025-11-02 14:42:05'),(13,1,5,'你好','你還在這邊！看來您需要一點休息吧。人工客服仍在幫助您處理問題。如果有任何新的需求或疑問，您可以再與我聯繫，我會盡力協助您。',890,'llama3.1:8b',1,'2025-11-02 14:44:00'),(14,1,5,'早安','早安！希望您今天的旅遊計劃順利進行！如果需要任何幫助或資訊，歡迎再與我聯繫。人工客服也仍在幫助您處理問題。如果您有什麼新要求，請告訴我，我會盡力協助您。',913,'llama3.1:8b',1,'2025-11-02 14:46:01'),(15,1,5,'早安','您今天的旅遊行程都安排得好嗎？如果需要任何協助或資訊，歡迎再與我聯繫。人工客服還在幫助您處理問題。如果您有什麼新需求，請告訴我，我會盡力幫助您。',948,'llama3.1:8b',0,'2025-11-02 14:54:27'),(16,1,5,'轉人工','好的！您的要求已經被轉介給我們的人工客服了，他們會盡力幫助您解決問題和回答您的一切疑問。謝謝使用 SailoTravel 旅遊平台，祝您旅遊愉快！',975,'llama3.1:8b',0,'2025-11-02 14:54:37'),(17,1,5,'你好','您再次與我聯繫囉！看來人工客服仍在幫助您處理問題。如果有任何新的需求或疑問，您可以再與我聯繫，我會盡力協助您。是否需要我提供額外的幫助？',1014,'llama3.1:8b',0,'2025-11-02 14:57:04'),(18,1,5,'轉人工','好的！您的要求已經被轉介給我們的人工客服了，他們會盡力幫助您解決問題和回答您的一切疑問。謝謝使用 SailoTravel 旅遊平台，祝您旅遊愉快！',1003,'llama3.1:8b',0,'2025-11-02 14:57:11'),(19,1,5,'轉人工','您的要求已經被轉介給我們的人工客服了，他們會盡力幫助您解決問題和回答您的一切疑問。謝謝使用 SailoTravel 旅遊平台，祝您旅遊愉快！',1001,'llama3.1:8b',0,'2025-11-02 14:58:45'),(20,1,5,'轉人工','您的要求已經被轉介給我們的人工客服了，他們會盡力幫助您解決問題和回答您的一切疑問。謝謝使用 SailoTravel 旅遊平台，祝您旅遊愉快！',997,'llama3.1:8b',0,'2025-11-02 15:00:35'),(21,1,5,'開心嗎','嘿嘿！我是一個 AI 客服助手，我的功能是幫助客戶解答問題和提供服務，所以每次有新來的客戶與我聊天，我都會感到很開心！如果您需要任何幫助或資訊，歡迎再與我聯繫。',1011,'llama3.1:8b',0,'2025-11-02 15:01:57'),(22,1,5,'123','您的回覆是 123囉！看起來您可能還在等待人工客服的幫助。如果有任何新問題或需求，您可以再與我聯繫，我會盡力協助您。',1024,'llama3.1:8b',0,'2025-11-02 15:02:32'),(23,1,5,'123','好的！您的要求已經被轉介給我們的人工客服了，他們會盡力幫助您解決問題和回答您的一切疑問。謝謝使用 SailoTravel 旅遊平台，祝您旅遊愉快！',1042,'llama3.1:8b',0,'2025-11-02 15:02:59'),(24,1,5,'123','您的回覆是 123囉！已經轉介給人工客服了，他們會盡力幫助您。如果您有任何新問題或需求，您可以再與我聯繫，我在這裡幫助您。',1041,'llama3.1:8b',0,'2025-11-02 15:03:59'),(25,1,5,'轉人工','您的要求已經被轉介給我們的人工客服了，他們會盡力幫助您解決問題和回答您的一切疑問。謝謝使用 SailoTravel 旅遊平台，祝您旅遊愉快！',1028,'llama3.1:8b',0,'2025-11-02 15:05:56'),(26,1,5,'轉人工','您的要求已經被轉介給我們的人工客服了，他們會盡力幫助您解決問題和回答您的一切疑問。謝謝使用 SailoTravel 旅遊平台，祝您旅遊愉快！',1017,'llama3.1:8b',0,'2025-11-02 15:09:49'),(27,1,5,'轉人工','您的要求已經被轉介給我們的人工客服了，他們會盡力幫助您解決問題和回答您的一切疑問。謝謝使用 SailoTravel 旅遊平台，祝您旅遊愉快！',1015,'llama3.1:8b',0,'2025-11-02 15:12:35'),(28,1,5,'轉人工','您的要求已經被轉介給我們的人工客服了，他們會盡力幫助您解決問題和回答您的一切疑問。謝謝使用 SailoTravel 旅遊平台，祝您旅遊愉快！',1008,'llama3.1:8b',0,'2025-11-02 15:13:43'),(29,1,5,'轉人工','您的要求已經被轉介給我們的人工客服了，他們會盡力幫助您解決問題和回答您的一切疑問。謝謝使用 SailoTravel 旅遊平台，祝您旅遊愉快！',1006,'llama3.1:8b',0,'2025-11-02 15:16:43'),(30,1,5,'轉人工','您的要求已經被轉介給我們的人工客服了，他們會盡力幫助您解決問題和回答您的一切疑問。謝謝使用 SailoTravel 旅遊平台，祝您旅遊愉快！',1006,'llama3.1:8b',0,'2025-11-02 15:18:09'),(31,1,5,'轉人工','您的要求已經被轉介給我們的人工客服了，他們會盡力幫助您解決問題和回答您的一切疑問。謝謝使用 SailoTravel 旅遊平台，祝您旅遊愉快！',1006,'llama3.1:8b',0,'2025-11-02 15:18:59'),(32,1,5,'轉人工','您的要求已經被轉介給我們的人工客服了，他們會盡力幫助您解決問題和回答您的一切疑問。謝謝使用 SailoTravel 旅遊平台，祝您旅遊愉快！',991,'llama3.1:8b',0,'2025-11-02 15:24:15'),(33,1,5,'1+1','很簡單囉！1+1的答案是 2。希望可以幫到你！',965,'llama3.1:8b',0,'2025-11-02 15:29:48'),(34,1,5,'人工','您的要求已經被轉介給我們的人工客服了，他們會盡力幫助您解決問題和回答您的一切疑問。謝謝使用 SailoTravel 旅遊平台，祝您旅遊愉快！',964,'llama3.1:8b',1,'2025-11-02 15:29:53'),(35,1,5,'早安','早安！希望您今天的旅程順暢愉快！ SailoTravel 的客服系統將持續為您提供幫助和支持。有任何問題或需求時歡迎再與我們聯繫！',961,'llama3.1:8b',0,'2025-11-02 15:38:57'),(36,1,5,'你好','你好！我是 SailoTravel 的 AI 客服助手，歡迎使用我們的旅遊平台。如何可以幫助您今天呢？',939,'llama3.1:8b',0,'2025-11-02 15:43:15'),(37,1,5,'轉人工','您的要求已經被轉介給我們的人工客服了，他們會盡力幫助您解決問題和回答您的一切疑問。謝謝使用 SailoTravel 旅遊平台，祝您旅遊愉快！',939,'llama3.1:8b',1,'2025-11-02 15:43:25'),(38,1,5,'你好啊','哈哈，你也很高興吧？要是有什麼需要幫助的話，我們可以一起聊聊，或是直接轉介給人工客服。怎麼可以幫到你呢？',931,'llama3.1:8b',1,'2025-11-02 15:47:30'),(39,1,5,'你好啊','哈哈，很高興和您說話！如果您有任何旅遊相關的問題或需求，歡迎隨時與我們聯繫。目前，我們的系統沒有收到您的任何詢問或要求。如果需要幫助，請直接告訴我吧！',938,'llama3.1:8b',0,'2025-11-02 15:47:55'),(40,1,5,'轉人工','您的要求已經被轉介給我們的人工客服了，他們會盡力幫助您解決問題和回答您的一切疑問。謝謝使用 SailoTravel 旅遊平台，祝您旅遊愉快！',938,'llama3.1:8b',1,'2025-11-02 15:48:09'),(41,1,5,'你好','你也好！要是有什麼需要幫助的話，我們可以一起聊聊，或是直接轉介給人工客服。怎麼可以幫到你呢？',924,'llama3.1:8b',0,'2025-11-02 15:53:38'),(42,1,5,'轉人工','您的要求已經被轉介給我們的人工客服了，他們會盡力幫助您解決問題和回答您的一切疑問。謝謝使用 SailoTravel 旅遊平台，祝您旅遊愉快！',924,'llama3.1:8b',1,'2025-11-02 15:54:10'),(43,1,5,'你好','很高興與您再次聯繫！您的需求已經被轉介給人工客服了，他們會盡力幫助您。感謝使用 SailoTravel 旅遊平台，祝您旅途愉快！',923,'llama3.1:8b',0,'2025-11-03 03:25:50'),(44,1,5,'轉人工','您的要求已經被轉介給我們的人工客服了，他們會盡力幫助您解決問題和回答您的一切疑問。謝謝使用 SailoTravel 旅遊平台，祝您旅遊愉快！',955,'llama3.1:8b',1,'2025-11-03 03:25:57'),(45,1,5,'你好','您的需求已經被轉介給人工客服了，他們會盡力幫助您解決問題和回答您的一切疑問。感謝使用 SailoTravel 旅遊平台，祝您旅途愉快！',954,'llama3.1:8b',0,'2025-11-03 06:21:44'),(46,1,5,'我的暱稱是?','很抱歉，我們的對話中你一直提到了轉介給人工客服，但我仍然沒有記住你的暱稱。可能是因為我們的對話過短，或是我們系統上的原因。這時候，我們真的需要轉介給人工客服了，他們可以幫助您回答這個問題，以及解決其他未被處理的問題。',995,'llama3.1:8b',0,'2025-11-03 06:22:10'),(47,1,5,'轉人工','您的要求已經被轉介給我們的人工客服了，他們會盡力幫助您解決問題和回答您的一切疑問。謝謝使用 SailoTravel 旅遊平台，祝您旅途愉快！',1017,'llama3.1:8b',1,'2025-11-03 06:22:29'),(48,1,5,'幫我安排台北早上的行程','很高興為您安排台北的行程！\n\n台北早上有許多精彩的景點和活動可以選擇。根據您的喜好，我建議您可以選擇以下幾個選項：\n\n1. **陽明山國家公園**：晨曦下的陽明山，空氣清新，景色美麗，是台北最好的早餐地點。\n2. **西門町早市**：在台北最著名的購物區-westgate-找到的早市，品嚐各種美味的小吃和買些特色禮品。\n3. **淡水老街**：這個小鎮充滿歷史氣息，在早晨，觀光客們在悠遊於這裡，享受純樸的生活風格。\n\n還有其他選擇嗎？或您想知道更多詳細資訊？',1162,'llama3.1:8b',0,'2025-11-03 06:24:43'),(49,1,5,'轉人工','您的行程安排需求已經被轉介給我們的人工客服了，他們會幫助您更深入地了解和細致地規劃台北的早上行程。謝謝使用 SailoTravel 旅遊平台，祝您旅途愉快！',1178,'llama3.1:8b',1,'2025-11-03 06:26:32'),(50,1,5,'人工','您的行程安排需求已經被交由人工客服處理了，他們會盡力幫助您規劃台北的早上行程並回答您的一切疑問。謝謝使用 SailoTravel 旅遊平台，祝您旅途愉快！',1179,'llama3.1:8b',1,'2025-11-03 06:29:59'),(51,1,5,'1+1','很簡單的一個問題！答案是 2。有其他需要幫助的東西嗎？',1148,'llama3.1:8b',0,'2025-11-04 02:01:47'),(52,1,5,'人工','您的需求已經被轉介給我們的人工客服了，他們會盡力幫助您解決任何問題和回答您的一切疑問。謝謝使用 SailoTravel 旅遊平台，祝您旅途愉快！',1162,'llama3.1:8b',1,'2025-11-04 02:03:35'),(53,1,5,'你好','您的需求已經被轉介給人工客服了，他們會盡力幫助您解決問題和回答您的一切疑問。謝謝使用 SailoTravel 旅遊平台，祝您旅途愉快！',1160,'llama3.1:8b',0,'2025-11-04 02:27:47'),(54,1,5,'我的暱稱是?','很抱歉，我們的系統中並沒有記錄您的暱稱。如果您想知道您的暱稱，您可以嘗試查看過往對話的紀錄或聯繫我們的人工客服，他們可以幫助您查詢您的帳戶資訊。',1174,'llama3.1:8b',0,'2025-11-04 02:27:55'),(55,1,5,'轉人工','您的需求已經被轉介給我們的人工客服了，他們會幫助您解決問題和回答您的一切疑問。謝謝使用 SailoTravel 旅遊平台，祝您旅途愉快！',1171,'llama3.1:8b',1,'2025-11-04 02:28:04'),(56,1,5,'你好,我的暱稱是?','您的需求已經被轉介給人工客服了，他們會幫助您查詢您的暱稱。請等待他們的回覆，您的暱稱很快就會知道囉！',1173,'llama3.1:8b',0,'2025-11-04 02:50:48'),(57,1,5,'我最近一次修改暱稱是什麼時候','根據我們的資料庫顯示，您的暱稱最後一次修改時間是在 2025/11/4 上午10:51:07。',1181,'llama3.1:8b',0,'2025-11-04 02:51:21'),(58,1,5,'我最後一筆訂單紀錄','很抱歉，我們的人工客服需要幫助您查詢您的最後一筆訂單紀錄。請等待他們的回覆，他們會幫助您查詢您的訂單資訊。',1168,'llama3.1:8b',0,'2025-11-04 02:51:36'),(59,1,5,'我的訂單狀況','很抱歉，我們的人工客服需要幫助您查詢您的訂單狀況。他們會幫助您查詢訂單的詳細資訊，包括訂單金額、支付狀態和配送情況。請等待他們的回覆，他們會盡力幫助您解決問題。',1047,'llama3.1:8b',0,'2025-11-04 02:52:22'),(60,1,5,'你查詢我的訂單狀況','很抱歉，我們的人工客服需要幫助您查詢您的訂單狀況。他們會幫助您查詢訂單的詳細資訊，包括訂單金額、支付狀態和配送情況。\n\n但是我可以嘗試幫助您查詢基本信息。您的最後一次存取的訂單號碼是XXXXX，如果您需要更多資訊，我們的人工客服會更全面地幫助您。',1096,'llama3.1:8b',0,'2025-11-04 02:52:50'),(61,1,5,'我的訂單數量','很抱歉，我們的人工客服需要幫助您查詢您的訂單數量。他們會幫助您查詢訂單的詳細資訊，包括訂單金額、支付狀態和配送情況。\n\n但是我可以嘗試幫助您查詢基本信息。根據我的系統查詢，我們沒有找到您的相關訂單資料。如果您需要更多資訊，請等待我們的人工客服的回覆，他們會盡力幫助您解決問題。',1155,'llama3.1:8b',0,'2025-11-04 02:53:32'),(62,1,5,'查詢我的收藏行程數量','根據我可以看到，您目前有 0 個收藏的行程。',1153,'llama3.1:8b',0,'2025-11-04 02:53:47'),(63,1,5,'我的行程收藏數量','您的行程收藏數量是 0 個。',1115,'llama3.1:8b',0,'2025-11-04 02:54:06'),(64,1,5,'行程收藏數量','您目前的行程收藏數量仍然是 0 個。',1082,'llama3.1:8b',0,'2025-11-04 02:54:15'),(65,1,5,'訂單情況','我可以幫助您查詢基本的訂單資訊，但如果您需要更多詳細的信息，請等待我們的人工客服的回覆，他們會幫助您查詢您的訂單狀態。',1070,'llama3.1:8b',0,'2025-11-04 02:55:28'),(66,1,5,'查詢基本的訂單資訊','根據我可以看到，您目前沒有任何正在進行中的訂單。想要查看過往訂單資訊或進行新的訂單請點選右上角的\"我的行程\"，或者聯繫我們的人工客服，他們會幫助您完成您的需求。',1086,'llama3.1:8b',0,'2025-11-04 02:55:39'),(67,1,5,'轉人工','好的，我們的人工客服將會與您聯繫，以幫助您查詢您的訂單資訊或回答您其他問題。如果您願意，可以提供一下您的電話號碼或電子郵件地址，讓我們的人工客服可以更快速地與您取得聯繫。',1057,'llama3.1:8b',1,'2025-11-04 02:58:25'),(68,1,5,'你好','您好！我是SailoTravel的AI客服助手。您需要幫助什麼關於您的旅遊行程或訂單？',1048,'llama3.1:8b',0,'2025-11-04 11:02:10'),(69,1,5,'轉人工','好的，我們的人工客服將會與您聯繫，盡力幫助您解決問題。請稍等一下，他們會在短時間內聯繫您。感謝您的配合！',1040,'llama3.1:8b',1,'2025-11-04 11:02:19'),(70,1,5,'HI','您好！我們的人工客服正在為您準備... 他們將會與您聯繫，盡力幫助您解決問題。請耐心等待...',1001,'llama3.1:8b',0,'2025-11-04 11:03:08'),(71,1,5,'人工','好的，我們的人工客服已經與您取得聯繫了。他們會幫助您解決您的問題，謝謝您的配合！',922,'llama3.1:8b',1,'2025-11-04 11:03:15'),(72,1,5,'哈囉','哈囉！我們的人工客服正在為您服務，他將幫助您處理您的需求。您可以盡情與他聯繫，感謝您的合作！',841,'llama3.1:8b',0,'2025-11-04 13:34:18'),(73,1,5,'你好','您好！我們的人工客服已經與您取得聯繫了。他們會幫助您解決您的問題，請放心與他們溝通。',854,'llama3.1:8b',0,'2025-11-04 16:08:37'),(74,1,5,'人工','好的，我們的人工客服已經將您轉接到了一個專業的客服人員，他們將幫助您解決所有的問題和疑問。感謝您的配合！',880,'llama3.1:8b',1,'2025-11-04 16:08:42'),(75,1,5,'你好','您好！我們的人工客服正在為您服務。他們會幫助您處理您的訂單、行程安排等任何問題。是否需要他們幫助您解決什麼事呢？',906,'llama3.1:8b',0,'2025-11-05 02:50:44'),(76,1,5,'轉人工','好的，我們的人工客服將再次與您聯繫。請稍等一下，他們會幫助您解決您的問題。謝謝您的配合！',891,'llama3.1:8b',1,'2025-11-05 02:50:49'),(77,1,5,'你好','您好！我們的人工客服已經為您準備好了，他們將幫助您處理所有的問題和疑問。是否需要他們幫助您解決什麼事呢？',868,'llama3.1:8b',0,'2025-11-05 05:19:39'),(78,1,5,'人工','好的，我們的人工客服已經與您取得聯繫了。他們會幫助您解決您的需求，謝謝您的配合！',833,'llama3.1:8b',1,'2025-11-05 05:19:50'),(79,1,5,'轉人工','好的，我們的人工客服將再次與您聯繫。請稍等一下，他們會幫助您解決您的問題。謝謝您的合作！',837,'llama3.1:8b',1,'2025-11-05 05:28:53'),(80,1,5,'人工','已經為您轉接到人工客服了。他們正在為您準備答案，請稍候幾秒鐘...',817,'llama3.1:8b',1,'2025-11-05 05:37:16'),(81,1,5,'查詢我的訂單資訊','好的，您的訂單資訊我們現在幫助您查詢。您的訂單編號是多少？我們可以根據這個編號幫助您查詢相關資訊。',869,'llama3.1:8b',0,'2025-11-05 06:41:24'),(82,1,5,'查詢我的行程收藏數量','您目前有 0 個收藏的行程。需要幫助添加或管理您的行程嗎？',865,'llama3.1:8b',0,'2025-11-05 06:41:48'),(83,1,5,'基本訂單資訊','您的基本訂單資訊如下：\n\n訂單編號：未提供\n訂購人：未提供\n訂購時間：未提供\n訂單狀態：未提供\n\n如果您需要查詢更多的資訊，請告訴我您需要什麼？',888,'llama3.1:8b',0,'2025-11-05 06:42:22'),(84,1,5,'行程收藏數量','您的行程收藏數量是 0 個。您可以在 SailoTravel 平台上瀏覽和收藏多個行程，以方便下次預訂或參考。',894,'llama3.1:8b',0,'2025-11-05 06:44:50'),(85,1,5,'轉人工','好的，我們的人工客服將再次與您聯繫。他們會幫助您解決您的需求，謝謝您的配合！',845,'llama3.1:8b',1,'2025-11-06 01:59:59'),(86,1,5,'行程收藏數量','抱歉,目前無法處理您的請求。建議您轉接真人客服以獲得更好的協助。',0,'llama3.1:8b',1,'2025-11-06 02:25:37'),(87,1,5,'轉人工','抱歉,目前無法處理您的請求。建議您轉接真人客服以獲得更好的協助。',0,'llama3.1:8b',1,'2025-11-06 02:26:33'),(88,1,5,'你好','您好！我是 SailoTravel 的 AI 客服助手。有什么問題或需求嗎？',800,'llama3.1:8b',0,'2025-11-06 02:38:43'),(89,1,5,'行程收藏數量','您的行程收藏數量目前是 0 個。如果您需要幫助添加或管理您的行程，請告訴我您需要什麼！',844,'llama3.1:8b',0,'2025-11-06 02:38:59'),(90,1,5,'行程收藏數量','為了提供更準確的資訊，我們的人工客服將與您聯繫，謝謝您的配合！',837,'llama3.1:8b',0,'2025-11-06 02:40:08'),(91,1,5,'行程收藏數量','已經轉接人工客服幫助您解答相關問題。請等待短暫時間，人工客服將與您聯繫。',849,'llama3.1:8b',0,'2025-11-06 02:40:29'),(92,1,5,'基本訂單資訊','您的基本訂單資訊將由人工客服提供。請稍候，人工客服會與您聯繫以提供相關資訊。',839,'llama3.1:8b',0,'2025-11-06 02:41:14'),(93,1,5,'查詢基本訂單資訊','已經轉接人工客服幫助您查詢基本訂單資訊。請等待短暫時間，人工客服將與您聯繫。',853,'llama3.1:8b',0,'2025-11-06 02:41:50'),(94,1,5,'幫我查詢我的基本訂單資訊','好的，我們的人工客服正在為您處理查詢基本訂單資訊的需求。請稍候片刻，他們會與您聯繫，提供您的基本訂單資訊。',847,'llama3.1:8b',0,'2025-11-06 02:42:09'),(95,1,5,'行程收藏數量','已經轉接人工客服幫助您查詢行程收藏數量。請等待短暫時間，人工客服將與您聯繫。',842,'llama3.1:8b',0,'2025-11-06 02:42:25'),(96,1,5,'你幫我查詢行程收藏數量','您的行程收藏數量是 0 個。想要添加新的行程或管理您的收藏嗎？',844,'llama3.1:8b',0,'2025-11-06 02:42:37'),(97,1,5,'你幫我查詢行程收藏數量','您可以先進入我的帳戶頁面，然後按一下 \"收藏\" 區域，我們的人工客服也會幫助您查詢。',861,'llama3.1:8b',0,'2025-11-06 02:42:48'),(98,1,5,'你幫我查詢行程收藏數量','已經轉接人工客服幫助您查詢行程收藏數量。請等待短暫時間，人工客服將與您聯繫。',883,'llama3.1:8b',0,'2025-11-06 02:42:57'),(99,1,5,'查詢基本訂單資訊','已經轉接人工客服幫助您查詢基本訂單資訊。請等待短暫時間，人工客服將與您聯繫。',911,'llama3.1:8b',0,'2025-11-06 02:43:13'),(100,1,5,'轉人工','人工客服已經收到您的需求。請稍候片刻，他們會與您聯繫，幫助您查詢基本訂單資訊和行程收藏數量。謝謝合作！',881,'llama3.1:8b',1,'2025-11-06 02:43:28'),(101,1,5,'行程收藏數量','已經轉接人工客服幫助您查詢行程收藏數量。等待短暫時間，人工客服將與您聯繫。',933,'llama3.1:8b',0,'2025-11-06 02:56:18'),(102,1,5,'基本訂單資訊','人工客服已經收到您的需求。請稍候片刻，他們會與您聯繫，幫助您查詢基本訂單資訊和行程收藏數量。謝謝合作！',948,'llama3.1:8b',0,'2025-11-06 02:56:39'),(103,1,5,'行程收藏數量','人工客服已經收到您的需求，將幫助您查詢行程收藏數量。請等待短暫時間，他們會與您聯繫。',954,'llama3.1:8b',0,'2025-11-06 02:56:55'),(104,1,5,'行程收藏數量','人工客服正在處理您的要求。稍後將提供您的行程收藏數量資訊。謝謝合作！',940,'llama3.1:8b',0,'2025-11-06 02:57:26'),(105,1,5,'行程收藏數量','已經轉接人工客服幫助您查詢行程收藏數量。等待短暫時間，人工客服將與您聯繫，並為您提供您的行程收藏數量資訊。',942,'llama3.1:8b',0,'2025-11-06 02:58:52'),(106,1,5,'你好','您好！我是SailoTravel的AI客服助手。您需要幫助什麼嗎？',883,'llama3.1:8b',0,'2025-11-06 02:59:28'),(107,1,5,'人工','轉接給人工客服了。請稍候片刻，他們會與您聯繫，幫助您解決問題。謝謝合作！',883,'llama3.1:8b',1,'2025-11-06 02:59:38'),(108,1,5,'早安','您好！早上好！希望您的今天美好！我還在線等著幫助您。如果您需要什麼幫助，請隨時與我聯繫！',874,'llama3.1:8b',0,'2025-11-07 23:19:18'),(109,1,5,'轉人工','已經轉接給人工客服了。請稍候片刻，他們會與您聯繫，幫助您解決問題。謝謝合作！',860,'llama3.1:8b',1,'2025-11-07 23:19:43'),(110,1,5,'修改密碼','我注意到您想修改密碼。\n\n為了您的帳號安全，密碼修改需要在會員中心進行。我現在就為您導航到密碼修改頁面！',0,'llama3.1:8b',0,'2025-11-07 23:46:41'),(111,1,5,'我想修改密碼','我注意到您想修改密碼。\n\n為了您的帳號安全，密碼修改需要在會員中心進行。我現在就為您導航到密碼修改頁面！',0,'llama3.1:8b',0,'2025-11-07 23:47:36'),(112,1,5,'我想修改密碼','我注意到您想修改密碼。\n\n為了您的帳號安全，密碼修改需要在會員中心進行。我現在就為您導航到密碼修改頁面！',0,'llama3.1:8b',0,'2025-11-07 23:48:08'),(113,1,5,'我想修改密碼','我注意到您想修改密碼。\n\n為了您的帳號安全，密碼修改需要在會員中心進行。我現在就為您導航到密碼修改頁面！',0,'llama3.1:8b',0,'2025-11-07 23:49:29'),(114,1,5,'我想修改密碼','我注意到您想修改密碼。\n\n為了您的帳號安全，密碼修改需要在會員中心進行。我現在就為您導航到密碼修改頁面！',0,'llama3.1:8b',0,'2025-11-07 23:50:28'),(115,1,5,'我想修改密碼','我注意到您想修改密碼。\n\n為了您的帳號安全，密碼修改需要在會員中心進行。我現在就為您導航到密碼修改頁面！',0,'llama3.1:8b',0,'2025-11-07 23:51:21'),(116,1,5,'修改密碼','我注意到您想修改密碼。\n\n為了您的帳號安全，密碼修改需要在會員中心進行。我現在就為您導航到密碼修改頁面！',0,'llama3.1:8b',0,'2025-11-07 23:53:45'),(117,1,5,'修改密碼','我注意到您想修改密碼。\n\n為了您的帳號安全，密碼修改需要在會員中心進行。我現在就為您導航到密碼修改頁面！',0,'llama3.1:8b',0,'2025-11-07 23:55:28'),(118,1,5,'修改密碼','我注意到您想修改密碼。\n\n為了您的帳號安全，密碼修改需要在會員中心進行。我現在就為您導航到密碼修改頁面！',0,'llama3.1:8b',0,'2025-11-07 23:55:56'),(119,1,5,'轉人工','已經轉接給人工客服了。請稍候片刻，他們會與您聯繫，幫助您修改密碼。謝謝合作！',849,'llama3.1:8b',1,'2025-11-07 23:57:37'),(120,1,5,'修改密碼','我注意到您想修改密碼。\n\n為了您的帳號安全，密碼修改需要在會員中心進行。我現在就為您導航到密碼修改頁面！',0,'llama3.1:8b',0,'2025-11-07 23:59:38'),(121,1,5,'查詢我的訂單','您可以透過會員中心或聯繫我們的客服人員查詢您的訂單資訊。有任何特殊要求嗎？',888,'llama3.1:8b',0,'2025-11-08 00:03:42'),(122,1,5,'基本訂單資訊','好的，您的最近訂單如下：\n\n訂單編號：#XXXXX\n訂購日期：2023-02-20\n訂購總額：$ XXXX\n狀態：待收貨\n\n如果您需要更多資訊，請告訴我你想查詢什麼。',911,'llama3.1:8b',0,'2025-11-08 00:03:57'),(123,1,5,'基本訂單資訊','您的最近訂單如下：\n\n訂單編號：#XXXXX\n訂購日期：2023-02-20\n訂購總額：$ XXXX\n狀態：待收貨\n\n若您需要進一步查詢，請告訴我你想查看什麼資訊。',934,'llama3.1:8b',0,'2025-11-08 00:04:16'),(124,1,5,'行程收藏數量','您的收藏數量為 0 個行程。想要儲存或瀏覽更多旅遊建議嗎？',920,'llama3.1:8b',0,'2025-11-08 00:06:27'),(125,1,5,'行程收藏數量','您目前共有 0 個行程收藏。\n\n想查詢其他資訊或添加新的行程收藏嗎？',909,'llama3.1:8b',0,'2025-11-08 00:06:51'),(126,1,5,'我上次修改個人資料是什麼時候','您最後一次修改個人資料的時間是2025/11/8 上午8:01:24。',910,'llama3.1:8b',1,'2025-11-08 00:08:28'),(127,1,5,'我上次修改個人資料是什麼時候','已經查詢到了您的資料囉！您最後一次修改個人資料的時間是 2025/11/8 上午8:01:24。',913,'llama3.1:8b',1,'2025-11-08 00:08:56'),(128,1,5,'我上次修改個人資料是什麼時候','您的資料已經在前面回答過了！您最後一次修改個人資料的時間是 2025/11/8 上午8:01:24。',916,'llama3.1:8b',0,'2025-11-08 00:13:02'),(129,1,5,'我的暱稱是?','您可以直接進入會員中心查詢您的暱稱，或聯繫我們的客服人員幫助您查詢。',860,'llama3.1:8b',0,'2025-11-08 00:13:35'),(130,1,5,'你好,我上次修改個人資料是什麼時候','我可以幫助您查詢到這個資訊囉！根據我的資料庫，前面已經回答過了，您最後一次修改個人資料的時間是 2025/11/9 下午9:36:17。',937,'llama3.1:8b',0,'2025-11-09 13:37:25'),(131,1,5,'修改密碼','我注意到您想修改密碼。\n\n為了您的帳號安全，密碼修改需要在會員中心進行。我現在就為您導航到密碼修改頁面！',0,'llama3.1:8b',0,'2025-11-10 01:11:51'),(132,1,5,'我上次修改個人資料是什麼時候','您最後一次修改個人資料的時間是 2025/11/10 上午9:13:06。',936,'llama3.1:8b',0,'2025-11-10 01:13:37'),(133,1,5,'我的行程收藏數量','您的收藏數量為 0 個行程。\n\n想要儲存或瀏覽更多旅遊建議嗎？',891,'llama3.1:8b',0,'2025-11-10 01:14:03'),(134,1,5,'轉人工','需要協助的話，建議您直接與我們的人工客服聯繫。他們將會提供您更好的服務和幫助！',820,'llama3.1:8b',1,'2025-11-10 01:14:37'),(135,1,5,'修改密碼','我注意到您想修改密碼。\n\n為了您的帳號安全，密碼修改需要在會員中心進行。我現在就為您導航到密碼修改頁面！',0,'llama3.1:8b',0,'2025-11-10 01:58:42'),(136,1,5,'我上次修改個人資料是什麼時候','抱歉,目前無法處理您的請求。建議您轉接真人客服以獲得更好的協助。',0,'llama3.1:8b',1,'2025-11-10 02:03:53'),(137,1,5,'我上次修改個人資料是什麼時候','抱歉,目前無法處理您的請求。建議您轉接真人客服以獲得更好的協助。',0,'llama3.1:8b',1,'2025-11-10 02:04:39'),(138,1,5,'我的行程收藏數量','抱歉,目前無法處理您的請求。建議您轉接真人客服以獲得更好的協助。',0,'llama3.1:8b',1,'2025-11-10 02:05:20'),(139,1,5,'我上次修改個人資料是什麼時候','您的最後一次修改個人資料的時間是 2025/11/10 上午10:43:14。',871,'llama3.1:8b',0,'2025-11-10 02:43:34'),(140,1,5,'我上次修改個人資料是什麼時候','建議您轉接真人客服，以便他們幫助您查詢更多相關資訊。',868,'llama3.1:8b',0,'2025-11-10 03:00:00'),(141,1,5,'我上次修改個人資料是什麼時候','您的最後一次修改個人資料的時間是 2025/11/10 上午10:43:14。是否需要進一步的幫助？',845,'llama3.1:8b',0,'2025-11-10 03:00:26'),(142,1,5,'我上次修改個人資料是什麼時候','建議您轉接真人客服，以便他們幫助您查詢更多相關資訊。',837,'llama3.1:8b',0,'2025-11-10 03:00:51'),(143,1,5,'修改密碼','我注意到您想修改密碼。\n\n為了您的帳號安全，密碼修改需要在會員中心進行。我現在就為您導航到密碼修改頁面！',0,'llama3.1:8b',0,'2025-11-10 03:02:20'),(144,1,5,'我上次修改個人資料是什麼時候','您的最後一次修改個人資料的時間是 2025/11/10 上午10:43:14。是否需要進一步的幫助？',854,'llama3.1:8b',0,'2025-11-10 03:02:33'),(145,1,5,'我上次修改個人資料是什麼時候','已經答過一次囉！您的最後一次修改個人資料的時間是 2025/11/10 上午10:43:14。建議您轉接真人客服，以便他們幫助您查詢更多相關資訊。',885,'llama3.1:8b',0,'2025-11-10 03:02:39'),(146,1,5,'我上次修改個人資料是什麼時候','已經答過一次囉！您的最後一次修改個人資料的時間是 2025/11/10 上午10:43:14。如果還有其他問題或需求，建議您轉接真人客服。',902,'llama3.1:8b',0,'2025-11-10 03:02:48'),(147,1,5,'我的行程收藏數量','您目前沒有任何收藏的行程。是否需要幫助您搜尋或儲存新的行程？',883,'llama3.1:8b',0,'2025-11-10 03:02:57'),(148,1,5,'我的行程收藏數量','您目前仍然沒有任何收藏的行程。建議您轉接真人客服，以便他們幫助您查詢更多相關資訊或提供行程建議。',892,'llama3.1:8b',0,'2025-11-10 03:03:03'),(149,1,5,'我的行程收藏數量','您還是沒有任何收藏的行程。是否需要幫助您搜尋或儲存新的行程？',890,'llama3.1:8b',0,'2025-11-10 03:03:39'),(150,1,5,'我的行程收藏數量','還是同樣囉！您目前仍然沒有任何收藏的行程。如果想看更多的行程或儲存您的選擇，建議您轉接真人客服。',906,'llama3.1:8b',0,'2025-11-10 03:06:34'),(151,1,5,'我上次修改個人資料是什麼時候','老朋友！您一直問這個囉……您的最後一次修改個人資料的時間是 2025/11/10 上午10:43:14。如果還有其他問題或需求，建議您轉接真人客服。',946,'llama3.1:8b',0,'2025-11-10 03:06:48'),(152,1,5,'我上次修改個人資料是什麼時候','已經答過很多次囉！您的最後一次修改個人資料的時間是 2025/11/10 上午10:43:14。如果還有其他問題或需求，建議您轉接真人客服。',963,'llama3.1:8b',0,'2025-11-10 03:13:07'),(153,1,5,'你好','您好！我是 SailoTravel 旅遊平台的 AI 客服助手，很高興為您服務！是否需要幫助您尋找旅遊行程、修改帳戶設定或回答其他問題？',928,'llama3.1:8b',0,'2025-11-10 03:13:17'),(154,1,5,'你好','哈囉！看樣子您好像想跟我聊一聊？如果需要旅遊相關的幫助，還是可以直接問我囉！想要看哪些景點？或者需要訂房的幫助？',931,'llama3.1:8b',0,'2025-11-10 03:14:56'),(155,1,5,'你是甚麼平台的客服','很高興與您相遇！我是 Sailo 旅遊平台的 AI 客服助手。我的職責是幫助您查詢帳戶資訊、行程安排、景點推薦等旅遊相關事項。是否需要我的幫助？',956,'llama3.1:8b',0,'2025-11-10 03:15:19'),(156,1,5,'我上次修改個人資料是什麼時候','老朋友！您的最後一次修改個人資料的時間是 2025/11/10 上午10:43:14。如果還有其他問題或需求，建議您轉接真人客服。',995,'llama3.1:8b',0,'2025-11-10 03:15:52'),(157,1,5,'我的行程收藏數量','同樣囉！您目前仍然沒有任何收藏的行程。如果想看更多的行程或儲存您的選擇，建議您轉接真人客服。',972,'llama3.1:8b',0,'2025-11-10 03:16:00'),(158,1,5,'基本訂單資訊','您可以在我的帳戶頁面查看您的基本訂單資訊。是否需要幫助查詢特定的訂單編號或詳細信息？',982,'llama3.1:8b',0,'2025-11-10 03:16:06'),(159,1,5,'我上次修改個人資料是什麼時候','老朋友！您的最後一次修改個人資料的時間是 2025/11/10 上午11:57:32。如果還有其他問題或需求，建議您轉接真人客服。',997,'llama3.1:8b',0,'2025-11-10 04:25:29'),(160,1,5,'修改密碼','我注意到您想修改密碼。\n\n為了您的帳號安全，密碼修改需要在會員中心進行。我現在就為您導航到密碼修改頁面！',0,'llama3.1:8b',0,'2025-11-10 04:27:01'),(161,1,5,'我上次修改個人資料是什麼時候','老朋友！您的最後一次修改個人資料的時間是 2025/11/10 上午11:57:32。如果還有其他問題或需求，建議您轉接真人客服。密碼修改似乎需要真人的幫助，建議您試著點擊「會員中心」並進行修改囉！',1038,'llama3.1:8b',0,'2025-11-10 04:27:53'),(162,1,5,'我的行程收藏數量','同樣囉！您目前仍然沒有任何收藏的行程。如果想看更多的行程或儲存您的選擇，建議您轉接真人客服，他們可以幫助您完成這個功能。',1024,'llama3.1:8b',0,'2025-11-10 04:28:03'),(163,1,5,'我的行程收藏數量','同樣囉！您目前仍然沒有任何收藏的行程。如果您想儲存或瀏覽行程，建議直接點擊「我的收藏」頁面查看，或是轉接真人客服幫助您完成這個功能。',1030,'llama3.1:8b',0,'2025-11-10 04:29:16'),(164,1,5,'基本訂單資訊','您可以在我的帳戶頁面查看您的基本訂單資訊。如果您需要看到特定的訂單編號或詳細信息，建議您直接查詢該訂單的頁面，或是轉接真人客服幫助您完成這個功能。',1047,'llama3.1:8b',0,'2025-11-10 04:29:25'),(165,1,5,'我上次修改個人資料是什麼時候','老朋友！您的最後一次修改個人資料的時間是 2025/11/10 上午12:27:37。如果還有其他問題或需求，建議您轉接真人客服。',1057,'llama3.1:8b',0,'2025-11-10 04:29:34'),(166,1,5,'我上次修改個人資料是什麼時候','老朋友！您的最後一次修改個人資料的時間是 2025/11/10 下午12:27:37。如果還有其他問題或需求，建議您轉接真人客服，他們可以幫助您回答更多問題。',1052,'llama3.1:8b',0,'2025-11-10 04:29:41'),(167,1,5,'轉人工','很好！您的要求已經被轉介到真人客服，我們會盡快安排人員處理您的需求。如果您有任何其他問題，請繼續與我聯繫，謝謝合作！',998,'llama3.1:8b',1,'2025-11-10 04:30:34'),(168,1,5,'我上次修改個人資料是什麼時候','不用再麻煩我了囉！您的要求已經被轉介到真人客服，他們會幫助您查詢您的最後一次修改個人資料的時間。謝謝您的合作，期待再有其他問題需要我的幫助！',1068,'llama3.1:8b',0,'2025-11-10 04:31:12'),(169,1,5,'查詢我上次修改個人資料是什麼時候','已經轉介到真人客服了囉！如果您想知道上次修改個人資料的時間，我們會盡快回答給您。請等待真人客服與您聯繫，謝謝您的耐心！',1095,'llama3.1:8b',0,'2025-11-10 04:31:25'),(170,1,5,'你回答我','不好意思囉！我再幫助您一次。根據我的記錄，您的最後一次修改個人資料時間是 2025/11/10 下午12:27:37。如果還有任何其他問題或需要更詳盡的資訊，建議您轉接真人客服。',1060,'llama3.1:8b',0,'2025-11-10 04:31:36'),(171,1,5,'你好','歡迎來到 Sailo 旅遊平台！我是您的 AI 客服助手，為您提供旅行規劃、景點推薦和行程安排等服務。如果您需要任何幫助或有其他問題，可以隨時與我聯繫。今天有什么需求嗎？',1080,'llama3.1:8b',0,'2025-11-10 16:15:56'),(172,1,5,'修改密碼','我注意到您想修改密碼。\n\n為了您的帳號安全，密碼修改需要在會員中心進行。我現在就為您導航到密碼修改頁面！',0,'llama3.1:8b',0,'2025-11-10 16:16:00'),(173,1,5,'修改密碼','我注意到您想修改密碼。\n\n為了您的帳號安全，密碼修改需要在會員中心進行。我現在就為您導航到密碼修改頁面！',0,'llama3.1:8b',0,'2025-11-10 17:32:38'),(174,1,5,'修改密碼','我注意到您想修改密碼。\n\n為了您的帳號安全，密碼修改需要在會員中心進行。我現在就為您導航到密碼修改頁面！',0,'llama3.1:8b',0,'2025-11-10 17:34:55'),(175,1,5,'我上次修改個人資料是什麼時候','您已經知道答案囉！您的最後一次修改個人資料時間是 2025/11/10 下午12:27:37。如果還有任何其他問題或需要更詳盡的資訊，建議您轉接真人客服。',1051,'llama3.1:8b',0,'2025-11-10 17:35:34'),(176,1,5,'我的行程收藏數量','您的收藏數量是 0 個行程！歡迎你在 Sailo 平台上進行旅遊規劃和收藏！需要幫助什麼樣的行程安排嗎？',1034,'llama3.1:8b',0,'2025-11-10 17:35:43'),(177,1,5,'轉人工','好的，您的要求已經被轉介到真人客服，他們會幫助您查詢您的行程收藏數量。謝謝您的合作，期待再有其他問題需要我的幫助！',982,'llama3.1:8b',1,'2025-11-10 17:37:06'),(178,1,5,'轉人工','好的！您的需求已經被轉介到真人客服了。他們會盡快幫助您解決任何問題或提供更詳細的資訊。謝謝您的耐心，期待再有其他問題需要我的幫助！',988,'llama3.1:8b',1,'2025-11-10 17:43:16'),(179,1,5,'轉人工','好的！您的需求已經被轉介到真人客服了。他們會盡快幫助您解決任何問題或提供更詳細的資訊。謝謝您的合作，期待再有其他問題需要我的幫助！',975,'llama3.1:8b',1,'2025-11-10 17:51:26'),(180,1,5,'修改密碼','我注意到您想修改密碼。\n\n為了您的帳號安全，密碼修改需要在會員中心進行。我現在就為您導航到密碼修改頁面！',0,'llama3.1:8b',0,'2025-11-11 10:46:30'),(181,1,5,'修改密碼','我注意到您想修改密碼。\n\n為了您的帳號安全，密碼修改需要在會員中心進行。我現在就為您導航到密碼修改頁面！',0,'llama3.1:8b',0,'2025-11-11 10:46:55'),(182,1,5,'我上次修改個人資料是什麼時候','您已經知道答案囉！您的最後一次修改個人資料時間是 2025/11/10 下午12:27:37。如果還有任何其他問題或需要更詳盡的資訊，建議您轉接真人客服。',978,'llama3.1:8b',0,'2025-11-11 10:50:07'),(183,1,5,'我上次修改個人資料是什麼時候','您已經知道答案囉！您的最後一次修改個人資料時間是 2025/11/10 下午12:27:37。如果還有任何其他問題或需要更詳盡的資訊，建議您轉接真人客服。',1002,'llama3.1:8b',0,'2025-11-11 10:50:38'),(184,1,5,'重新回答我, 最後一次修改個人資料是什麼時候','您的最後一次修改個人資料時間是 2025/11/10 下午12:27:37。',996,'llama3.1:8b',0,'2025-11-11 10:51:09'),(185,1,5,'不是剛剛嗎','對不起，我記錯了！您之前已經詢問過這個問題，現在的答案仍然是 2025/11/10 下午12:27:37。如果還有其他需要幫助的地方，歡迎再次詢問。建議您轉接真人客服以確保得到最合適的幫助。',985,'llama3.1:8b',0,'2025-11-11 10:51:24'),(186,1,5,'查詢暱稱最後修改時間','您的暱稱「sailoo」最後一次修改時間是 2025/11/11 下午6:50:47。',1010,'llama3.1:8b',0,'2025-11-11 10:53:59'),(187,1,5,'查詢個人資料最後修改時間','您剛剛問過這個問題囉！您的個人資料最後一次修改時間是 2025/11/11 下午6:50:47。',996,'llama3.1:8b',0,'2025-11-11 10:54:39'),(188,1,5,'轉人工','好的！您的需求已經被轉介到真人客服了。他們會盡快幫助您解決任何問題或提供更詳細的資訊。謝謝您的耐心，期待再有其他問題需要我的幫助！',952,'llama3.1:8b',1,'2025-11-11 10:55:04');
/*!40000 ALTER TABLE `ai_chat_messages` ENABLE KEYS */;
UNLOCK TABLES;

--
-- Table structure for table `ai_chat_rooms`
--

DROP TABLE IF EXISTS `ai_chat_rooms`;
/*!40101 SET @saved_cs_client     = @@character_set_client */;
/*!50503 SET character_set_client = utf8mb4 */;
CREATE TABLE `ai_chat_rooms` (
  `id` int NOT NULL AUTO_INCREMENT,
  `user_id` int NOT NULL,
  `session_name` varchar(255) COLLATE utf8mb4_unicode_ci DEFAULT 'AI 助手對話',
  `is_active` tinyint(1) DEFAULT '1',
  `transferred_to_human` tinyint(1) DEFAULT '0',
  `transfer_requested_at` timestamp NULL DEFAULT NULL,
  `customer_service_room_id` int DEFAULT NULL,
  `created_at` timestamp NULL DEFAULT CURRENT_TIMESTAMP,
  `updated_at` timestamp NULL DEFAULT CURRENT_TIMESTAMP ON UPDATE CURRENT_TIMESTAMP,
  PRIMARY KEY (`id`),
  KEY `idx_user_id` (`user_id`),
  KEY `idx_transferred_to_human` (`transferred_to_human`),
  KEY `fk_ai_rooms_cs_room` (`customer_service_room_id`),
  CONSTRAINT `ai_chat_rooms_ibfk_1` FOREIGN KEY (`user_id`) REFERENCES `users` (`id`) ON DELETE CASCADE,
  CONSTRAINT `fk_ai_rooms_cs_room` FOREIGN KEY (`customer_service_room_id`) REFERENCES `customer_service_rooms` (`id`) ON DELETE SET NULL
) ENGINE=InnoDB AUTO_INCREMENT=4 DEFAULT CHARSET=utf8mb4 COLLATE=utf8mb4_unicode_ci COMMENT='AI聊天室 - 支援自動轉人工功能';
/*!40101 SET character_set_client = @saved_cs_client */;

--
-- Dumping data for table `ai_chat_rooms`
--

LOCK TABLES `ai_chat_rooms` WRITE;
/*!40000 ALTER TABLE `ai_chat_rooms` DISABLE KEYS */;
INSERT INTO `ai_chat_rooms` VALUES (1,5,'AI 助手對話',1,0,NULL,NULL,'2025-11-02 13:49:43','2025-11-11 10:55:04'),(2,4,'AI 助手對話',1,0,NULL,NULL,'2025-11-03 01:10:26','2025-11-03 01:10:26'),(3,3,'AI 助手對話',1,0,NULL,NULL,'2025-11-03 03:45:26','2025-11-03 03:45:26');
/*!40000 ALTER TABLE `ai_chat_rooms` ENABLE KEYS */;
UNLOCK TABLES;

--
-- Table structure for table `bookmarks`
--

DROP TABLE IF EXISTS `bookmarks`;
/*!40101 SET @saved_cs_client     = @@character_set_client */;
/*!50503 SET character_set_client = utf8mb4 */;
CREATE TABLE `bookmarks` (
  `bookmark_id` int NOT NULL AUTO_INCREMENT,
  `post_id` int NOT NULL,
  `user_id` int NOT NULL,
  `created_at` datetime DEFAULT CURRENT_TIMESTAMP,
  PRIMARY KEY (`bookmark_id`),
  UNIQUE KEY `unique_post_user_bookmark` (`post_id`,`user_id`),
  KEY `idx_post_id` (`post_id`),
  KEY `idx_user_id` (`user_id`),
  CONSTRAINT `fk_bookmarks_posts` FOREIGN KEY (`post_id`) REFERENCES `posts` (`post_id`) ON DELETE CASCADE,
  CONSTRAINT `fk_bookmarks_users` FOREIGN KEY (`user_id`) REFERENCES `users` (`id`) ON DELETE CASCADE
) ENGINE=InnoDB AUTO_INCREMENT=13 DEFAULT CHARSET=utf8mb4 COLLATE=utf8mb4_unicode_ci;
/*!40101 SET character_set_client = @saved_cs_client */;

--
-- Dumping data for table `bookmarks`
--

LOCK TABLES `bookmarks` WRITE;
/*!40000 ALTER TABLE `bookmarks` DISABLE KEYS */;
INSERT INTO `bookmarks` VALUES (6,20,11,'2025-11-10 21:22:36'),(7,47,10,'2025-11-11 11:03:21'),(8,47,11,'2025-11-11 11:04:03'),(9,47,13,'2025-11-11 11:06:19'),(11,47,3,'2025-11-11 18:44:35'),(12,45,3,'2025-11-11 18:45:12');
/*!40000 ALTER TABLE `bookmarks` ENABLE KEYS */;
UNLOCK TABLES;

--
-- Table structure for table `cart_items`
--

DROP TABLE IF EXISTS `cart_items`;
/*!40101 SET @saved_cs_client     = @@character_set_client */;
/*!50503 SET character_set_client = utf8mb4 */;
CREATE TABLE `cart_items` (
  `id` int NOT NULL AUTO_INCREMENT COMMENT '購物車項目ID',
  `user_id` int NOT NULL COMMENT '用戶ID',
  `product_id` int NOT NULL COMMENT '商品ID',
  `quantity` tinyint NOT NULL COMMENT '數量',
  `created_at` datetime DEFAULT CURRENT_TIMESTAMP COMMENT '加入時間',
  PRIMARY KEY (`id`),
  UNIQUE KEY `uk_user_product` (`user_id`,`product_id`),
  KEY `idx_user_id` (`user_id`),
  KEY `idx_product_id` (`product_id`),
  CONSTRAINT `fk_cart_items_products` FOREIGN KEY (`product_id`) REFERENCES `products` (`product_id`) ON DELETE CASCADE,
  CONSTRAINT `fk_cart_items_users` FOREIGN KEY (`user_id`) REFERENCES `users` (`id`) ON DELETE CASCADE
) ENGINE=InnoDB AUTO_INCREMENT=23 DEFAULT CHARSET=utf8mb4 COLLATE=utf8mb4_unicode_ci COMMENT='購物車項目';
/*!40101 SET character_set_client = @saved_cs_client */;

--
-- Dumping data for table `cart_items`
--

LOCK TABLES `cart_items` WRITE;
/*!40000 ALTER TABLE `cart_items` DISABLE KEYS */;
INSERT INTO `cart_items` VALUES (20,3,9,3,'2025-11-11 01:30:40');
/*!40000 ALTER TABLE `cart_items` ENABLE KEYS */;
UNLOCK TABLES;

--
-- Table structure for table `comment_likes`
--

DROP TABLE IF EXISTS `comment_likes`;
/*!40101 SET @saved_cs_client     = @@character_set_client */;
/*!50503 SET character_set_client = utf8mb4 */;
CREATE TABLE `comment_likes` (
  `comment_likes_id` int NOT NULL AUTO_INCREMENT,
  `comment_id` int NOT NULL,
  `user_id` int NOT NULL,
  `created_at` datetime DEFAULT CURRENT_TIMESTAMP,
  PRIMARY KEY (`comment_likes_id`),
  UNIQUE KEY `unique_comment_user_like` (`comment_id`,`user_id`),
  KEY `idx_comment_id` (`comment_id`),
  KEY `idx_user_id` (`user_id`),
  CONSTRAINT `fk_comment_likes_comments` FOREIGN KEY (`comment_id`) REFERENCES `comments` (`comment_id`) ON DELETE CASCADE,
  CONSTRAINT `fk_comment_likes_users` FOREIGN KEY (`user_id`) REFERENCES `users` (`id`) ON DELETE CASCADE
) ENGINE=InnoDB AUTO_INCREMENT=17 DEFAULT CHARSET=utf8mb4 COLLATE=utf8mb4_unicode_ci;
/*!40101 SET character_set_client = @saved_cs_client */;

--
-- Dumping data for table `comment_likes`
--

LOCK TABLES `comment_likes` WRITE;
/*!40000 ALTER TABLE `comment_likes` DISABLE KEYS */;
INSERT INTO `comment_likes` VALUES (2,6,3,'2025-11-06 10:35:11'),(3,8,3,'2025-11-10 10:20:01'),(4,10,10,'2025-11-11 11:03:22'),(5,10,11,'2025-11-11 11:04:01'),(6,11,11,'2025-11-11 11:04:23'),(7,10,12,'2025-11-11 11:05:21'),(8,12,12,'2025-11-11 11:05:21'),(9,14,13,'2025-11-11 11:06:15'),(10,13,13,'2025-11-11 11:06:15'),(11,10,13,'2025-11-11 11:06:17'),(12,10,14,'2025-11-11 11:07:03'),(13,11,14,'2025-11-11 11:07:03'),(14,12,14,'2025-11-11 11:07:04'),(15,13,14,'2025-11-11 11:07:04'),(16,14,14,'2025-11-11 11:07:05');
/*!40000 ALTER TABLE `comment_likes` ENABLE KEYS */;
UNLOCK TABLES;

--
-- Table structure for table `comments`
--

DROP TABLE IF EXISTS `comments`;
/*!40101 SET @saved_cs_client     = @@character_set_client */;
/*!50503 SET character_set_client = utf8mb4 */;
CREATE TABLE `comments` (
  `comment_id` int NOT NULL AUTO_INCREMENT,
  `user_id` int NOT NULL,
  `content` text COLLATE utf8mb4_unicode_ci NOT NULL,
  `created_at` datetime DEFAULT CURRENT_TIMESTAMP,
  `updated_at` datetime DEFAULT CURRENT_TIMESTAMP ON UPDATE CURRENT_TIMESTAMP,
  PRIMARY KEY (`comment_id`),
  KEY `idx_user_id` (`user_id`),
  KEY `idx_created_at` (`created_at`),
  CONSTRAINT `fk_comments_users` FOREIGN KEY (`user_id`) REFERENCES `users` (`id`) ON DELETE CASCADE
) ENGINE=InnoDB AUTO_INCREMENT=19 DEFAULT CHARSET=utf8mb4 COLLATE=utf8mb4_unicode_ci;
/*!40101 SET character_set_client = @saved_cs_client */;

--
-- Dumping data for table `comments`
--

LOCK TABLES `comments` WRITE;
/*!40000 ALTER TABLE `comments` DISABLE KEYS */;
INSERT INTO `comments` VALUES (1,3,'123','2025-10-27 16:41:45','2025-10-27 16:41:45'),(2,3,'1234','2025-10-27 18:54:02','2025-10-27 19:28:21'),(6,3,'ffff','2025-11-06 10:35:10','2025-11-06 10:35:10'),(7,3,'@sailo fdddgggg','2025-11-06 10:35:15','2025-11-06 10:35:19'),(8,3,'jjjjj','2025-11-10 10:19:59','2025-11-10 10:19:59'),(9,3,'@sailo jjjj','2025-11-10 10:20:07','2025-11-10 10:20:07'),(10,10,'寫得真美！特別喜歡你形容翠玉白菜那一段，溫潤的詞句讓古老的文物多了生命。希望之後能看到你分享更多關於故宮的小細節或冷知識！','2025-11-11 11:03:19','2025-11-11 11:03:19'),(11,11,'好漂亮!','2025-11-11 11:04:22','2025-11-11 11:04:22'),(12,11,'@睿智的蛤蜊 寫的真好','2025-11-11 11:04:36','2025-11-11 11:04:36'),(13,12,'我也有去過故宮','2025-11-11 11:05:36','2025-11-11 11:05:36'),(14,13,'故宮好玩','2025-11-11 11:06:12','2025-11-11 11:06:12'),(15,14,'@Loiza 確實','2025-11-11 11:07:16','2025-11-11 11:07:16'),(16,3,'@睿智的蛤蜊 謝謝你的留言！? 我也特別喜歡翠玉白菜那一段，每次看到都覺得它不只是藝術品，更像是時間的縮影。之後一定會再分享一些故宮裡有趣的文物故事，還有那些容易被忽略的小角落，敬請期待！','2025-11-11 11:07:59','2025-11-11 11:07:59');
/*!40000 ALTER TABLE `comments` ENABLE KEYS */;
UNLOCK TABLES;

--
-- Table structure for table `customer_service_messages`
--

DROP TABLE IF EXISTS `customer_service_messages`;
/*!40101 SET @saved_cs_client     = @@character_set_client */;
/*!50503 SET character_set_client = utf8mb4 */;
CREATE TABLE `customer_service_messages` (
  `id` int NOT NULL AUTO_INCREMENT,
  `room_id` int NOT NULL,
  `sender_id` int NOT NULL,
  `message` text COLLATE utf8mb4_unicode_ci,
  `message_type` enum('text','image','file','system') COLLATE utf8mb4_unicode_ci DEFAULT 'text',
  `file_url` varchar(500) COLLATE utf8mb4_unicode_ci DEFAULT NULL,
  `file_name` varchar(255) COLLATE utf8mb4_unicode_ci DEFAULT NULL,
  `file_size` int DEFAULT NULL,
  `thumbnail_url` varchar(500) COLLATE utf8mb4_unicode_ci DEFAULT NULL,
  `is_read` tinyint(1) DEFAULT '0',
  `created_at` timestamp NULL DEFAULT CURRENT_TIMESTAMP,
  PRIMARY KEY (`id`),
  KEY `idx_room_id` (`room_id`),
  KEY `idx_sender_id` (`sender_id`),
  KEY `idx_created_at` (`created_at`),
  KEY `idx_message_type` (`message_type`),
  CONSTRAINT `customer_service_messages_ibfk_1` FOREIGN KEY (`room_id`) REFERENCES `customer_service_rooms` (`id`) ON DELETE CASCADE,
  CONSTRAINT `customer_service_messages_ibfk_2` FOREIGN KEY (`sender_id`) REFERENCES `users` (`id`) ON DELETE CASCADE
) ENGINE=InnoDB AUTO_INCREMENT=556 DEFAULT CHARSET=utf8mb4 COLLATE=utf8mb4_unicode_ci COMMENT='客服聊天訊息 - 支援文字、圖片、檔案與系統訊息';
/*!40101 SET character_set_client = @saved_cs_client */;

--
-- Dumping data for table `customer_service_messages`
--

LOCK TABLES `customer_service_messages` WRITE;
/*!40000 ALTER TABLE `customer_service_messages` DISABLE KEYS */;
INSERT INTO `customer_service_messages` VALUES (1,1,5,'您好!我們已收到您的諮詢,客服人員將盡快為您服務。','system',NULL,NULL,NULL,NULL,1,'2025-10-30 06:31:32'),(2,2,3,'您好!我們已收到您的諮詢,客服人員將盡快為您服務。','system',NULL,NULL,NULL,NULL,0,'2025-10-30 06:46:19'),(3,1,5,'123','text',NULL,NULL,NULL,NULL,1,'2025-10-30 06:57:17'),(4,1,5,'1234','text',NULL,NULL,NULL,NULL,1,'2025-10-30 06:57:47'),(5,1,5,'123','text',NULL,NULL,NULL,NULL,1,'2025-10-30 07:03:58'),(6,1,5,'123131313','text',NULL,NULL,NULL,NULL,1,'2025-10-30 07:12:50'),(7,1,5,'111','text',NULL,NULL,NULL,NULL,1,'2025-10-30 07:13:04'),(8,1,5,'2344','text',NULL,NULL,NULL,NULL,1,'2025-10-30 07:13:06'),(9,1,5,'132','text',NULL,NULL,NULL,NULL,1,'2025-10-30 07:13:07'),(10,1,5,NULL,'image','https://ik.imagekit.io/crjen7iza/customer_service/chat_images/chat_1_1761808754573_banner1_QfWVTRRdr.jpg','chat_1_1761808754573_banner1_QfWVTRRdr.jpg',402563,'https://ik.imagekit.io/crjen7iza/tr:n-ik_ml_thumbnail/customer_service/chat_images/chat_1_1761808754573_banner1_QfWVTRRdr.jpg',1,'2025-10-30 07:19:16'),(11,1,5,NULL,'image','https://ik.imagekit.io/crjen7iza/customer_service/chat_images/chat_1_1761808754573_banner1_QfWVTRRdr.jpg','banner1.jpg',NULL,'https://ik.imagekit.io/crjen7iza/tr:n-ik_ml_thumbnail/customer_service/chat_images/chat_1_1761808754573_banner1_QfWVTRRdr.jpg',1,'2025-10-30 07:19:16'),(12,1,5,NULL,'image','https://ik.imagekit.io/crjen7iza/customer_service/chat_images/chat_1_1761808756017_banner1_TrUWuf92Y.jpg','chat_1_1761808756017_banner1_TrUWuf92Y.jpg',402563,'https://ik.imagekit.io/crjen7iza/tr:n-ik_ml_thumbnail/customer_service/chat_images/chat_1_1761808756017_banner1_TrUWuf92Y.jpg',1,'2025-10-30 07:19:17'),(13,1,5,NULL,'image','https://ik.imagekit.io/crjen7iza/customer_service/chat_images/chat_1_1761808756017_banner1_TrUWuf92Y.jpg','banner1.jpg',NULL,'https://ik.imagekit.io/crjen7iza/tr:n-ik_ml_thumbnail/customer_service/chat_images/chat_1_1761808756017_banner1_TrUWuf92Y.jpg',1,'2025-10-30 07:19:17'),(14,1,5,NULL,'image','https://ik.imagekit.io/crjen7iza/customer_service/chat_images/chat_1_1761808756485_banner1_f2nLESbjx.jpg','chat_1_1761808756485_banner1_f2nLESbjx.jpg',402563,'https://ik.imagekit.io/crjen7iza/tr:n-ik_ml_thumbnail/customer_service/chat_images/chat_1_1761808756485_banner1_f2nLESbjx.jpg',1,'2025-10-30 07:19:18'),(15,1,5,NULL,'image','https://ik.imagekit.io/crjen7iza/customer_service/chat_images/chat_1_1761808756485_banner1_f2nLESbjx.jpg','banner1.jpg',NULL,'https://ik.imagekit.io/crjen7iza/tr:n-ik_ml_thumbnail/customer_service/chat_images/chat_1_1761808756485_banner1_f2nLESbjx.jpg',1,'2025-10-30 07:19:18'),(16,1,5,'123','text',NULL,NULL,NULL,NULL,1,'2025-10-30 07:23:15'),(17,1,5,'12313','text',NULL,NULL,NULL,NULL,1,'2025-10-30 07:29:37'),(18,1,5,'123','text',NULL,NULL,NULL,NULL,1,'2025-10-30 07:29:42'),(19,1,5,'1111','text',NULL,NULL,NULL,NULL,1,'2025-10-30 07:29:50'),(20,1,5,'123','text',NULL,NULL,NULL,NULL,1,'2025-10-30 07:30:25'),(21,1,5,'123','text',NULL,NULL,NULL,NULL,1,'2025-10-30 07:30:43'),(22,1,5,'test','text',NULL,NULL,NULL,NULL,1,'2025-10-30 07:31:11'),(23,1,5,'test','text',NULL,NULL,NULL,NULL,1,'2025-10-30 07:32:28'),(24,1,5,'123','text',NULL,NULL,NULL,NULL,1,'2025-10-30 07:40:43'),(25,1,5,'test','text',NULL,NULL,NULL,NULL,1,'2025-10-30 07:41:12'),(26,1,5,'test','text',NULL,NULL,NULL,NULL,1,'2025-10-30 07:44:13'),(27,1,5,'test','text',NULL,NULL,NULL,NULL,1,'2025-10-30 08:11:07'),(28,1,5,NULL,'image','https://ik.imagekit.io/crjen7iza/customer_service/chat_images/chat_1_1761811906837_avatar01_ggsjUElpa.png','chat_1_1761811906837_avatar01_ggsjUElpa.png',3348031,'https://ik.imagekit.io/crjen7iza/tr:n-ik_ml_thumbnail/customer_service/chat_images/chat_1_1761811906837_avatar01_ggsjUElpa.png',1,'2025-10-30 08:11:48'),(29,1,5,NULL,'image','https://ik.imagekit.io/crjen7iza/customer_service/chat_images/chat_1_1761811906837_avatar01_ggsjUElpa.png','avatar01.png',NULL,'https://ik.imagekit.io/crjen7iza/tr:n-ik_ml_thumbnail/customer_service/chat_images/chat_1_1761811906837_avatar01_ggsjUElpa.png',1,'2025-10-30 08:11:49'),(30,1,5,'你好','text',NULL,NULL,NULL,NULL,1,'2025-10-30 13:50:51'),(31,1,3,'客服已加入對話','system',NULL,NULL,NULL,NULL,1,'2025-10-30 13:52:24'),(32,1,3,'你好','text',NULL,NULL,NULL,NULL,1,'2025-10-30 13:52:49'),(33,1,3,'你好','text',NULL,NULL,NULL,NULL,1,'2025-10-30 13:53:32'),(34,1,3,'請問需要什麼','text',NULL,NULL,NULL,NULL,1,'2025-10-30 13:53:39'),(35,1,5,'你好, 我需要什麼','text',NULL,NULL,NULL,NULL,1,'2025-10-30 13:53:48'),(36,1,5,'你好','text',NULL,NULL,NULL,NULL,1,'2025-10-30 13:59:11'),(37,1,3,'你好','text',NULL,NULL,NULL,NULL,1,'2025-10-30 13:59:17'),(38,1,5,'你好','text',NULL,NULL,NULL,NULL,1,'2025-10-30 13:59:32'),(39,1,3,'很好','text',NULL,NULL,NULL,NULL,1,'2025-10-30 13:59:36'),(40,1,5,'你好','text',NULL,NULL,NULL,NULL,1,'2025-10-30 14:00:14'),(41,1,3,'很好','text',NULL,NULL,NULL,NULL,1,'2025-10-30 14:00:17'),(42,1,3,'很好','text',NULL,NULL,NULL,NULL,1,'2025-10-30 14:00:21'),(43,1,3,'你好','text',NULL,NULL,NULL,NULL,1,'2025-10-30 14:00:41'),(44,1,3,'123','text',NULL,NULL,NULL,NULL,1,'2025-10-30 14:00:56'),(45,1,5,'123','text',NULL,NULL,NULL,NULL,1,'2025-10-30 14:01:02'),(46,1,3,'123','text',NULL,NULL,NULL,NULL,1,'2025-10-30 14:01:10'),(47,1,3,'123','text',NULL,NULL,NULL,NULL,1,'2025-10-30 14:01:20'),(48,1,5,'123','text',NULL,NULL,NULL,NULL,1,'2025-10-30 14:01:24'),(49,1,3,'123','text',NULL,NULL,NULL,NULL,1,'2025-10-30 14:01:27'),(50,1,5,'你好','text',NULL,NULL,NULL,NULL,1,'2025-10-30 14:03:35'),(51,1,3,'su3cl3','text',NULL,NULL,NULL,NULL,1,'2025-10-30 14:03:40'),(52,1,3,'聊天室已關閉','system',NULL,NULL,NULL,NULL,0,'2025-10-30 14:05:38'),(53,2,3,'客服已加入對話','system',NULL,NULL,NULL,NULL,0,'2025-10-30 14:05:52'),(54,2,3,'聊天室已關閉','system',NULL,NULL,NULL,NULL,0,'2025-10-30 14:05:54'),(55,1,5,'你好','text',NULL,NULL,NULL,NULL,1,'2025-10-30 14:06:31'),(56,3,5,'您好!我們已收到您的諮詢,客服人員將盡快為您服務。','system',NULL,NULL,NULL,NULL,1,'2025-10-30 14:09:45'),(57,3,5,'你好','text',NULL,NULL,NULL,NULL,1,'2025-10-30 14:10:03'),(58,3,3,'客服已加入對話','system',NULL,NULL,NULL,NULL,0,'2025-10-30 14:10:17'),(59,3,3,'你好','text',NULL,NULL,NULL,NULL,1,'2025-10-30 14:10:28'),(60,3,3,'聊天室已關閉','system',NULL,NULL,NULL,NULL,0,'2025-10-30 14:10:39'),(61,4,5,'您好!我們已收到您的諮詢,客服人員將盡快為您服務。','system',NULL,NULL,NULL,NULL,1,'2025-10-30 14:10:43'),(62,4,5,'你好','text',NULL,NULL,NULL,NULL,1,'2025-10-30 14:11:14'),(63,4,5,'你好','text',NULL,NULL,NULL,NULL,1,'2025-10-30 14:15:56'),(64,4,5,'s','text',NULL,NULL,NULL,NULL,1,'2025-10-30 14:20:53'),(65,4,5,'你好','text',NULL,NULL,NULL,NULL,1,'2025-10-30 14:23:36'),(66,4,3,'客服已加入對話','system',NULL,NULL,NULL,NULL,0,'2025-10-30 14:30:07'),(67,4,3,'你好','text',NULL,NULL,NULL,NULL,1,'2025-10-30 14:30:14'),(68,4,5,'你好','text',NULL,NULL,NULL,NULL,1,'2025-10-30 14:30:18'),(69,4,3,'聊天室已關閉','system',NULL,NULL,NULL,NULL,0,'2025-10-30 14:31:02'),(70,4,5,'你好','text',NULL,NULL,NULL,NULL,1,'2025-10-30 14:31:06'),(71,4,5,'123','text',NULL,NULL,NULL,NULL,1,'2025-10-30 14:31:11'),(72,5,5,'您好!我們已收到您的諮詢,客服人員將盡快為您服務。','system',NULL,NULL,NULL,NULL,1,'2025-10-30 14:35:15'),(73,5,5,'你好','text',NULL,NULL,NULL,NULL,1,'2025-10-30 14:35:18'),(74,5,3,'客服已加入對話','system',NULL,NULL,NULL,NULL,1,'2025-10-30 14:35:35'),(75,5,3,'你好','text',NULL,NULL,NULL,NULL,1,'2025-10-30 14:35:59'),(76,5,3,'聊天室已關閉','system',NULL,NULL,NULL,NULL,1,'2025-10-30 14:36:03'),(77,5,5,'你好','text',NULL,NULL,NULL,NULL,1,'2025-10-30 14:36:07'),(78,5,5,'你好','text',NULL,NULL,NULL,NULL,1,'2025-10-30 14:36:23'),(79,5,3,'你好','text',NULL,NULL,NULL,NULL,1,'2025-10-30 14:36:50'),(80,4,3,'你好','text',NULL,NULL,NULL,NULL,0,'2025-10-30 14:37:06'),(81,5,5,'123','text',NULL,NULL,NULL,NULL,1,'2025-10-30 14:37:16'),(82,5,3,'123','text',NULL,NULL,NULL,NULL,1,'2025-10-30 14:37:28'),(83,5,5,'聊天室已重新開啟','system',NULL,NULL,NULL,NULL,1,'2025-10-30 14:39:44'),(84,5,3,'客服已加入對話','system',NULL,NULL,NULL,NULL,1,'2025-10-30 14:40:18'),(85,5,3,'聊天室已關閉','system',NULL,NULL,NULL,NULL,1,'2025-10-30 14:40:27'),(86,5,5,'使用者重新開始對話','system',NULL,NULL,NULL,NULL,1,'2025-10-30 14:43:42'),(87,5,5,NULL,'image','https://ik.imagekit.io/crjen7iza/customer_service/chat_images/chat_5_1761835436417_banner2_L-xa2Vsib.jpg','chat_5_1761835436417_banner2_L-xa2Vsib.jpg',786551,'https://ik.imagekit.io/crjen7iza/tr:n-ik_ml_thumbnail/customer_service/chat_images/chat_5_1761835436417_banner2_L-xa2Vsib.jpg',1,'2025-10-30 14:43:59'),(88,5,5,NULL,'image','https://ik.imagekit.io/crjen7iza/customer_service/chat_images/chat_5_1761835436417_banner2_L-xa2Vsib.jpg','banner2.jpg',NULL,'https://ik.imagekit.io/crjen7iza/tr:n-ik_ml_thumbnail/customer_service/chat_images/chat_5_1761835436417_banner2_L-xa2Vsib.jpg',1,'2025-10-30 14:43:59'),(89,5,5,'安安','text',NULL,NULL,NULL,NULL,1,'2025-10-30 14:44:04'),(90,5,3,'客服已加入對話','system',NULL,NULL,NULL,NULL,1,'2025-10-30 14:44:12'),(91,5,5,NULL,'image','https://ik.imagekit.io/crjen7iza/customer_service/chat_images/chat_5_1761835492460_banner3_u6cscQpr-.jpg','chat_5_1761835492460_banner3_u6cscQpr-.jpg',537620,'https://ik.imagekit.io/crjen7iza/tr:n-ik_ml_thumbnail/customer_service/chat_images/chat_5_1761835492460_banner3_u6cscQpr-.jpg',1,'2025-10-30 14:44:54'),(92,5,5,NULL,'image','https://ik.imagekit.io/crjen7iza/customer_service/chat_images/chat_5_1761835492460_banner3_u6cscQpr-.jpg','banner3.jpg',NULL,'https://ik.imagekit.io/crjen7iza/tr:n-ik_ml_thumbnail/customer_service/chat_images/chat_5_1761835492460_banner3_u6cscQpr-.jpg',1,'2025-10-30 14:44:54'),(93,5,5,'安安','text',NULL,NULL,NULL,NULL,1,'2025-10-30 14:45:20'),(94,5,3,'聊天室已關閉','system',NULL,NULL,NULL,NULL,1,'2025-10-30 14:45:28'),(95,5,5,'安安','text',NULL,NULL,NULL,NULL,1,'2025-10-30 14:45:32'),(96,5,5,'使用者重新開始對話','system',NULL,NULL,NULL,NULL,1,'2025-10-30 14:45:59'),(97,5,3,'客服已加入對話','system',NULL,NULL,NULL,NULL,1,'2025-10-30 14:47:16'),(98,5,3,'聊天室已關閉','system',NULL,NULL,NULL,NULL,1,'2025-10-30 14:47:24'),(99,5,5,'sss','text',NULL,NULL,NULL,NULL,1,'2025-10-30 14:47:30'),(100,5,5,'使用者重新開始對話','system',NULL,NULL,NULL,NULL,1,'2025-10-31 05:09:06'),(101,5,3,'客服已加入對話','system',NULL,NULL,NULL,NULL,0,'2025-10-31 05:09:43'),(102,5,3,'聊天室已關閉','system',NULL,NULL,NULL,NULL,0,'2025-10-31 05:10:06'),(103,5,5,'你好','text',NULL,NULL,NULL,NULL,1,'2025-10-31 05:10:14'),(104,2,3,'使用者重新開始對話','system',NULL,NULL,NULL,NULL,0,'2025-10-31 05:10:32'),(105,2,3,'客服已加入對話','system',NULL,NULL,NULL,NULL,0,'2025-10-31 05:11:00'),(106,2,3,'你好','text',NULL,NULL,NULL,NULL,0,'2025-10-31 05:11:08'),(107,2,3,'聊天室已關閉','system',NULL,NULL,NULL,NULL,0,'2025-10-31 05:11:12'),(108,5,5,'你好','text',NULL,NULL,NULL,NULL,1,'2025-10-31 05:11:47'),(109,6,5,'您好!我們已收到您的諮詢,客服人員將盡快為您服務。','system',NULL,NULL,NULL,NULL,1,'2025-10-31 05:17:37'),(110,6,5,'ss','text',NULL,NULL,NULL,NULL,1,'2025-10-31 05:18:45'),(111,6,3,'客服已加入對話','system',NULL,NULL,NULL,NULL,1,'2025-10-31 05:18:54'),(112,6,3,'聊天室已關閉','system',NULL,NULL,NULL,NULL,1,'2025-10-31 05:19:02'),(113,6,5,'123','text',NULL,NULL,NULL,NULL,1,'2025-10-31 05:19:20'),(114,6,5,'使用者重新開始對話','system',NULL,NULL,NULL,NULL,1,'2025-10-31 05:19:27'),(115,6,5,'123','text',NULL,NULL,NULL,NULL,1,'2025-10-31 05:19:41'),(116,6,3,'客服已加入對話','system',NULL,NULL,NULL,NULL,0,'2025-10-31 05:19:52'),(117,6,3,'123','text',NULL,NULL,NULL,NULL,1,'2025-10-31 05:20:00'),(118,6,3,'聊天室已關閉','system',NULL,NULL,NULL,NULL,0,'2025-10-31 05:20:06'),(119,6,5,'123','text',NULL,NULL,NULL,NULL,1,'2025-10-31 05:20:12'),(120,7,5,'您好!我們已收到您的諮詢,客服人員將盡快為您服務。','system',NULL,NULL,NULL,NULL,1,'2025-10-31 05:30:42'),(121,7,5,'你好','text',NULL,NULL,NULL,NULL,1,'2025-10-31 05:31:54'),(122,7,3,'客服已加入對話','system',NULL,NULL,NULL,NULL,0,'2025-10-31 05:31:56'),(123,7,3,'很好','text',NULL,NULL,NULL,NULL,1,'2025-10-31 05:32:03'),(124,7,3,'聊天室已關閉','system',NULL,NULL,NULL,NULL,0,'2025-10-31 05:32:12'),(125,7,5,'你好','text',NULL,NULL,NULL,NULL,1,'2025-10-31 05:32:15'),(126,7,5,'你好','text',NULL,NULL,NULL,NULL,1,'2025-10-31 05:32:37'),(127,7,5,'你好','text',NULL,NULL,NULL,NULL,1,'2025-10-31 05:34:15'),(128,8,5,'您好!我們已收到您的諮詢,客服人員將盡快為您服務。','system',NULL,NULL,NULL,NULL,1,'2025-10-31 05:37:46'),(129,8,5,'你好','text',NULL,NULL,NULL,NULL,1,'2025-10-31 05:37:50'),(130,8,3,'客服已加入對話','system',NULL,NULL,NULL,NULL,0,'2025-10-31 05:37:56'),(131,8,3,'你好','text',NULL,NULL,NULL,NULL,1,'2025-10-31 05:38:03'),(132,8,5,'你好','text',NULL,NULL,NULL,NULL,1,'2025-10-31 05:38:11'),(133,8,3,'聊天室已關閉','system',NULL,NULL,NULL,NULL,0,'2025-10-31 05:38:16'),(134,9,5,'您好!我們已收到您的諮詢,客服人員將盡快為您服務。','system',NULL,NULL,NULL,NULL,1,'2025-10-31 05:38:23'),(135,9,3,'客服已加入對話','system',NULL,NULL,NULL,NULL,0,'2025-10-31 05:38:38'),(136,9,5,'你好','text',NULL,NULL,NULL,NULL,1,'2025-10-31 05:38:58'),(137,9,3,'你好','text',NULL,NULL,NULL,NULL,1,'2025-10-31 05:39:00'),(138,9,3,'聊天室已關閉','system',NULL,NULL,NULL,NULL,0,'2025-10-31 05:39:06'),(139,9,5,'你好','text',NULL,NULL,NULL,NULL,1,'2025-10-31 05:39:08'),(140,10,5,'您好!我們已收到您的諮詢,客服人員將盡快為您服務。','system',NULL,NULL,NULL,NULL,1,'2025-10-31 05:39:58'),(141,10,3,'客服已加入對話','system',NULL,NULL,NULL,NULL,0,'2025-10-31 05:49:37'),(142,10,3,'聊天室已關閉','system',NULL,NULL,NULL,NULL,0,'2025-10-31 05:49:39'),(143,11,5,'您好!我們已收到您的諮詢,客服人員將盡快為您服務。','system',NULL,NULL,NULL,NULL,1,'2025-10-31 05:49:58'),(144,10,5,'你好','text',NULL,NULL,NULL,NULL,1,'2025-10-31 05:49:58'),(145,11,5,'你好','text',NULL,NULL,NULL,NULL,1,'2025-10-31 05:50:02'),(146,11,3,'客服已加入對話','system',NULL,NULL,NULL,NULL,0,'2025-10-31 05:50:13'),(147,11,3,'聊天室已關閉','system',NULL,NULL,NULL,NULL,0,'2025-10-31 05:50:21'),(148,12,5,'您好!我們已收到您的諮詢,客服人員將盡快為您服務。','system',NULL,NULL,NULL,NULL,1,'2025-10-31 05:50:32'),(149,11,5,'你好','text',NULL,NULL,NULL,NULL,1,'2025-10-31 05:50:32'),(150,12,3,'客服已加入對話','system',NULL,NULL,NULL,NULL,0,'2025-10-31 05:50:52'),(151,12,3,'聊天室已關閉','system',NULL,NULL,NULL,NULL,0,'2025-10-31 05:51:01'),(152,13,5,'您好!我們已收到您的諮詢,客服人員將盡快為您服務。','system',NULL,NULL,NULL,NULL,1,'2025-10-31 05:51:39'),(153,12,5,'你好','text',NULL,NULL,NULL,NULL,1,'2025-10-31 05:51:39'),(154,13,3,'客服已加入對話','system',NULL,NULL,NULL,NULL,1,'2025-10-31 05:51:46'),(155,13,5,'你好','text',NULL,NULL,NULL,NULL,1,'2025-10-31 05:55:14'),(156,13,3,'ok','text',NULL,NULL,NULL,NULL,1,'2025-10-31 05:55:17'),(157,13,3,'聊天室已關閉','system',NULL,NULL,NULL,NULL,0,'2025-10-31 05:55:24'),(158,14,5,'您好!我們已收到您的諮詢,客服人員將盡快為您服務。','system',NULL,NULL,NULL,NULL,1,'2025-10-31 05:55:29'),(159,14,5,'你好','text',NULL,NULL,NULL,NULL,1,'2025-10-31 05:55:29'),(160,14,3,'客服已加入對話','system',NULL,NULL,NULL,NULL,0,'2025-10-31 05:55:35'),(161,14,3,'聊天室已關閉','system',NULL,NULL,NULL,NULL,0,'2025-10-31 05:56:08'),(162,15,5,'您好!我們已收到您的諮詢,客服人員將盡快為您服務。','system',NULL,NULL,NULL,NULL,1,'2025-10-31 05:56:16'),(163,15,3,'客服已加入對話','system',NULL,NULL,NULL,NULL,0,'2025-10-31 05:56:21'),(164,15,5,'你好','text',NULL,NULL,NULL,NULL,1,'2025-10-31 05:56:25'),(165,15,3,'ok','text',NULL,NULL,NULL,NULL,1,'2025-10-31 05:56:29'),(166,15,3,'聊天室已關閉','system',NULL,NULL,NULL,NULL,0,'2025-10-31 05:56:32'),(167,16,5,'您好!我們已收到您的諮詢,客服人員將盡快為您服務。','system',NULL,NULL,NULL,NULL,1,'2025-10-31 05:56:34'),(168,16,5,'你好','text',NULL,NULL,NULL,NULL,1,'2025-10-31 05:56:34'),(169,16,3,'客服已加入對話','system',NULL,NULL,NULL,NULL,0,'2025-10-31 05:56:39'),(170,16,3,'ok','text',NULL,NULL,NULL,NULL,1,'2025-10-31 05:56:43'),(171,16,3,'聊天室已關閉','system',NULL,NULL,NULL,NULL,0,'2025-10-31 05:56:46'),(172,17,5,'您好!我們已收到您的諮詢,客服人員將盡快為您服務。','system',NULL,NULL,NULL,NULL,1,'2025-10-31 05:56:49'),(173,17,5,'ok','text',NULL,NULL,NULL,NULL,1,'2025-10-31 05:56:49'),(174,17,3,'客服已加入對話','system',NULL,NULL,NULL,NULL,0,'2025-10-31 05:57:00'),(175,17,3,'聊天室已關閉','system',NULL,NULL,NULL,NULL,0,'2025-10-31 05:57:39'),(176,17,3,'s','text',NULL,NULL,NULL,NULL,1,'2025-10-31 05:58:25'),(177,18,5,'您好!我們已收到您的諮詢,客服人員將盡快為您服務。','system',NULL,NULL,NULL,NULL,1,'2025-10-31 06:10:41'),(178,18,5,'你好','text',NULL,NULL,NULL,NULL,1,'2025-10-31 06:10:41'),(179,18,3,'客服已加入對話','system',NULL,NULL,NULL,NULL,1,'2025-10-31 06:10:52'),(180,18,3,'ok','text',NULL,NULL,NULL,NULL,1,'2025-10-31 06:11:22'),(181,18,5,'ok','text',NULL,NULL,NULL,NULL,1,'2025-10-31 06:11:26'),(182,18,3,'聊天室已關閉','system',NULL,NULL,NULL,NULL,0,'2025-10-31 06:11:30'),(183,19,5,'您好!我們已收到您的諮詢,客服人員將盡快為您服務。','system',NULL,NULL,NULL,NULL,1,'2025-10-31 06:11:33'),(184,19,5,'ok','text',NULL,NULL,NULL,NULL,1,'2025-10-31 06:11:33'),(185,19,3,'客服已加入對話','system',NULL,NULL,NULL,NULL,0,'2025-10-31 06:11:41'),(186,19,3,'聊天室已關閉','system',NULL,NULL,NULL,NULL,0,'2025-10-31 06:11:44'),(187,20,5,'您好!我們已收到您的諮詢,客服人員將盡快為您服務。','system',NULL,NULL,NULL,NULL,1,'2025-10-31 06:11:49'),(188,20,5,'s','text',NULL,NULL,NULL,NULL,1,'2025-10-31 06:11:49'),(189,20,3,'客服已加入對話','system',NULL,NULL,NULL,NULL,1,'2025-10-31 06:11:56'),(190,20,3,'ss','text',NULL,NULL,NULL,NULL,1,'2025-10-31 06:12:01'),(191,20,3,'聊天室已關閉','system',NULL,NULL,NULL,NULL,0,'2025-10-31 06:12:03'),(192,21,5,'您好!我們已收到您的諮詢,客服人員將盡快為您服務。','system',NULL,NULL,NULL,NULL,1,'2025-10-31 06:29:26'),(193,21,5,'你好','text',NULL,NULL,NULL,NULL,1,'2025-10-31 06:29:26'),(194,21,3,'客服已加入對話','system',NULL,NULL,NULL,NULL,1,'2025-10-31 06:29:49'),(195,21,3,'你好','text',NULL,NULL,NULL,NULL,1,'2025-10-31 06:30:01'),(196,21,3,'聊天室已關閉','system',NULL,NULL,NULL,NULL,0,'2025-10-31 06:30:06'),(197,22,5,'您好!我們已收到您的諮詢,客服人員將盡快為您服務。','system',NULL,NULL,NULL,NULL,1,'2025-10-31 06:30:13'),(198,22,5,'你好2','text',NULL,NULL,NULL,NULL,1,'2025-10-31 06:30:13'),(199,22,3,'客服已加入對話','system',NULL,NULL,NULL,NULL,1,'2025-10-31 06:30:30'),(200,22,5,'讚讚讚','text',NULL,NULL,NULL,NULL,1,'2025-10-31 06:31:02'),(201,22,3,'讚讚讚2','text',NULL,NULL,NULL,NULL,1,'2025-10-31 06:31:05'),(202,22,3,'聊天室已關閉','system',NULL,NULL,NULL,NULL,0,'2025-10-31 06:31:08'),(203,23,5,'您好!我們已收到您的諮詢,客服人員將盡快為您服務。','system',NULL,NULL,NULL,NULL,1,'2025-11-02 13:12:09'),(204,23,5,'你好','text',NULL,NULL,NULL,NULL,1,'2025-11-02 13:12:09'),(205,23,3,'客服已加入對話','system',NULL,NULL,NULL,NULL,0,'2025-11-02 13:12:24'),(206,23,3,'很好','text',NULL,NULL,NULL,NULL,0,'2025-11-02 13:12:37'),(207,23,3,'聊天室已關閉','system',NULL,NULL,NULL,NULL,0,'2025-11-02 13:12:51'),(208,24,5,'您好!我們已收到您的諮詢,客服人員將盡快為您服務。','system',NULL,NULL,NULL,NULL,1,'2025-11-02 13:12:56'),(209,24,5,'你好','text',NULL,NULL,NULL,NULL,1,'2025-11-02 13:12:56'),(210,24,3,'客服已加入對話','system',NULL,NULL,NULL,NULL,0,'2025-11-02 13:13:04'),(211,24,3,'聊天室已關閉','system',NULL,NULL,NULL,NULL,0,'2025-11-02 13:13:06'),(212,25,5,'您好!我們已收到您的諮詢,客服人員將盡快為您服務。','system',NULL,NULL,NULL,NULL,1,'2025-11-02 13:13:20'),(213,25,5,'你好','text',NULL,NULL,NULL,NULL,1,'2025-11-02 13:13:20'),(214,25,3,'客服已加入對話','system',NULL,NULL,NULL,NULL,1,'2025-11-02 13:13:25'),(215,25,3,'很好','text',NULL,NULL,NULL,NULL,1,'2025-11-02 13:13:29'),(216,25,3,'聊天室已關閉','system',NULL,NULL,NULL,NULL,0,'2025-11-02 13:13:33'),(217,26,3,'客服已加入對話','system',NULL,NULL,NULL,NULL,0,'2025-11-02 13:58:50'),(218,26,3,'聊天室已關閉','system',NULL,NULL,NULL,NULL,0,'2025-11-02 13:58:52'),(219,28,3,'客服已加入對話','system',NULL,NULL,NULL,NULL,0,'2025-11-02 13:58:54'),(220,28,3,'聊天室已關閉','system',NULL,NULL,NULL,NULL,0,'2025-11-02 13:58:56'),(221,30,3,'客服已加入對話','system',NULL,NULL,NULL,NULL,0,'2025-11-02 14:03:51'),(222,30,3,'聊天室已關閉','system',NULL,NULL,NULL,NULL,0,'2025-11-02 14:03:54'),(223,32,5,'我將為您轉接真人客服,請稍候...\n\n您的對話記錄將會一併轉交給客服人員,以便提供更好的服務。','system',NULL,NULL,NULL,NULL,0,'2025-11-02 14:04:06'),(224,32,3,'客服已加入對話','system',NULL,NULL,NULL,NULL,0,'2025-11-02 14:08:16'),(225,32,3,'聊天室已關閉','system',NULL,NULL,NULL,NULL,0,'2025-11-02 14:08:20'),(226,34,5,'我將為您轉接真人客服,請稍候...\n\n您的對話記錄將會一併轉交給客服人員,以便提供更好的服務。','system',NULL,NULL,NULL,NULL,0,'2025-11-02 14:08:38'),(227,34,3,'客服已加入對話','system',NULL,NULL,NULL,NULL,0,'2025-11-02 14:12:02'),(228,34,3,'聊天室已關閉','system',NULL,NULL,NULL,NULL,0,'2025-11-02 14:12:04'),(229,35,5,'我將為您轉接真人客服,請稍候...\n\n您的對話記錄將會一併轉交給客服人員,以便提供更好的服務。','system',NULL,NULL,NULL,NULL,1,'2025-11-02 14:12:25'),(230,35,3,'客服已加入對話','system',NULL,NULL,NULL,NULL,1,'2025-11-02 14:12:37'),(231,35,5,'你好','text',NULL,NULL,NULL,NULL,1,'2025-11-02 14:12:43'),(232,35,5,'你好','text',NULL,NULL,NULL,NULL,1,'2025-11-02 14:12:59'),(233,35,5,'123','text',NULL,NULL,NULL,NULL,1,'2025-11-02 14:13:15'),(234,35,3,'good','text',NULL,NULL,NULL,NULL,1,'2025-11-02 14:13:22'),(235,35,3,'聊天室已關閉','system',NULL,NULL,NULL,NULL,0,'2025-11-02 14:13:53'),(236,36,5,'我將為您轉接真人客服,請稍候...\n\n您的對話記錄將會一併轉交給客服人員,以便提供更好的服務。','system',NULL,NULL,NULL,NULL,1,'2025-11-02 14:19:32'),(237,36,3,'客服已加入對話','system',NULL,NULL,NULL,NULL,1,'2025-11-02 14:19:38'),(238,36,5,'你好','text',NULL,NULL,NULL,NULL,1,'2025-11-02 14:19:45'),(239,36,3,'聊天室已關閉','system',NULL,NULL,NULL,NULL,0,'2025-11-02 14:20:01'),(240,37,5,'我將為您轉接真人客服,請稍候...\n\n您的對話記錄將會一併轉交給客服人員,以便提供更好的服務。','system',NULL,NULL,NULL,NULL,1,'2025-11-02 14:20:07'),(241,37,3,'客服已加入對話','system',NULL,NULL,NULL,NULL,1,'2025-11-02 14:20:25'),(242,37,5,'你好','text',NULL,NULL,NULL,NULL,1,'2025-11-02 14:20:34'),(243,37,3,'good','text',NULL,NULL,NULL,NULL,1,'2025-11-02 14:20:40'),(244,37,3,'聊天室已關閉','system',NULL,NULL,NULL,NULL,0,'2025-11-02 14:20:43'),(245,38,5,'您好!我們已收到您的諮詢,客服人員將盡快為您服務。','system',NULL,NULL,NULL,NULL,1,'2025-11-02 14:20:48'),(246,38,5,'HIHI','text',NULL,NULL,NULL,NULL,1,'2025-11-02 14:20:48'),(247,38,3,'客服已加入對話','system',NULL,NULL,NULL,NULL,1,'2025-11-02 14:20:55'),(248,38,3,'聊天室已關閉','system',NULL,NULL,NULL,NULL,0,'2025-11-02 14:21:34'),(249,39,5,'我將為您轉接真人客服,請稍候...\n\n您的對話記錄將會一併轉交給客服人員,以便提供更好的服務。','system',NULL,NULL,NULL,NULL,0,'2025-11-02 14:23:17'),(250,39,3,'客服已加入對話','system',NULL,NULL,NULL,NULL,0,'2025-11-02 14:35:54'),(251,39,3,'聊天室已關閉','system',NULL,NULL,NULL,NULL,0,'2025-11-02 14:35:56'),(252,40,5,'我將為您轉接真人客服,請稍候...\n\n您的對話記錄將會一併轉交給客服人員,以便提供更好的服務。','system',NULL,NULL,NULL,NULL,1,'2025-11-02 14:36:07'),(253,40,3,'客服已加入對話','system',NULL,NULL,NULL,NULL,0,'2025-11-02 14:36:18'),(254,40,3,'你好','text',NULL,NULL,NULL,NULL,0,'2025-11-02 14:36:34'),(255,40,3,'聊天室已關閉','system',NULL,NULL,NULL,NULL,0,'2025-11-02 14:41:48'),(256,41,5,'我將為您轉接真人客服,請稍候...\n\n您的對話記錄將會一併轉交給客服人員,以便提供更好的服務。','system',NULL,NULL,NULL,NULL,0,'2025-11-02 14:42:06'),(257,41,3,'客服已加入對話','system',NULL,NULL,NULL,NULL,0,'2025-11-02 14:43:49'),(258,41,3,'聊天室已關閉','system',NULL,NULL,NULL,NULL,0,'2025-11-02 14:43:51'),(259,42,5,'我將為您轉接真人客服,請稍候...\n\n您的對話記錄將會一併轉交給客服人員,以便提供更好的服務。','system',NULL,NULL,NULL,NULL,1,'2025-11-02 14:44:01'),(260,42,3,'客服已加入對話','system',NULL,NULL,NULL,NULL,0,'2025-11-02 14:45:45'),(261,42,3,'聊天室已關閉','system',NULL,NULL,NULL,NULL,0,'2025-11-02 14:45:47'),(262,43,5,'我將為您轉接真人客服,請稍候...\n\n您的對話記錄將會一併轉交給客服人員,以便提供更好的服務。','system',NULL,NULL,NULL,NULL,0,'2025-11-02 14:46:02'),(263,43,3,'客服已加入對話','system',NULL,NULL,NULL,NULL,0,'2025-11-02 14:54:13'),(264,43,3,'聊天室已關閉','system',NULL,NULL,NULL,NULL,0,'2025-11-02 14:54:15'),(265,44,5,'我將為您轉接真人客服,請稍候...\n\n您的對話記錄將會一併轉交給客服人員,以便提供更好的服務。','system',NULL,NULL,NULL,NULL,1,'2025-11-02 14:54:37'),(266,44,3,'客服已加入對話','system',NULL,NULL,NULL,NULL,0,'2025-11-02 14:54:47'),(267,44,3,'你好','text',NULL,NULL,NULL,NULL,0,'2025-11-02 14:54:51'),(268,45,5,'我將為您轉接真人客服,請稍候...\n\n您的對話記錄將會一併轉交給客服人員,以便提供更好的服務。','system',NULL,NULL,NULL,NULL,1,'2025-11-02 14:57:12'),(269,44,3,'聊天室已關閉','system',NULL,NULL,NULL,NULL,0,'2025-11-02 14:58:20'),(270,45,3,'客服已加入對話','system',NULL,NULL,NULL,NULL,0,'2025-11-02 14:58:21'),(271,45,3,'聊天室已關閉','system',NULL,NULL,NULL,NULL,0,'2025-11-02 14:58:35'),(272,46,5,'我將為您轉接真人客服,請稍候...\n\n您的對話記錄將會一併轉交給客服人員,以便提供更好的服務。','system',NULL,NULL,NULL,NULL,0,'2025-11-02 14:58:46'),(273,47,5,'我將為您轉接真人客服,請稍候...\n\n您的對話記錄將會一併轉交給客服人員,以便提供更好的服務。','system',NULL,NULL,NULL,NULL,1,'2025-11-02 15:00:36'),(274,46,3,'客服已加入對話','system',NULL,NULL,NULL,NULL,0,'2025-11-02 15:00:47'),(275,46,3,'聊天室已關閉','system',NULL,NULL,NULL,NULL,0,'2025-11-02 15:00:49'),(276,47,3,'客服已加入對話','system',NULL,NULL,NULL,NULL,0,'2025-11-02 15:00:50'),(277,47,3,'聊天室已關閉','system',NULL,NULL,NULL,NULL,0,'2025-11-02 15:00:52'),(278,47,3,'你好','text',NULL,NULL,NULL,NULL,0,'2025-11-02 15:02:43'),(279,48,5,'我將為您轉接真人客服,請稍候...\n\n您的對話記錄將會一併轉交給客服人員,以便提供更好的服務。','system',NULL,NULL,NULL,NULL,1,'2025-11-02 15:05:57'),(280,48,3,'客服已加入對話','system',NULL,NULL,NULL,NULL,0,'2025-11-02 15:06:05'),(281,48,3,'聊天室已關閉','system',NULL,NULL,NULL,NULL,0,'2025-11-02 15:09:40'),(282,49,5,'我將為您轉接真人客服,請稍候...\n\n您的對話記錄將會一併轉交給客服人員,以便提供更好的服務。','system',NULL,NULL,NULL,NULL,1,'2025-11-02 15:09:50'),(283,49,3,'客服已加入對話','system',NULL,NULL,NULL,NULL,0,'2025-11-02 15:09:57'),(284,49,3,'你好','text',NULL,NULL,NULL,NULL,0,'2025-11-02 15:10:01'),(285,49,3,'聊天室已關閉','system',NULL,NULL,NULL,NULL,0,'2025-11-02 15:11:58'),(286,50,5,'我將為您轉接真人客服,請稍候...\n\n您的對話記錄將會一併轉交給客服人員,以便提供更好的服務。','system',NULL,NULL,NULL,NULL,1,'2025-11-02 15:12:35'),(287,50,3,'客服已加入對話','system',NULL,NULL,NULL,NULL,0,'2025-11-02 15:12:44'),(288,50,3,'聊天室已關閉','system',NULL,NULL,NULL,NULL,0,'2025-11-02 15:13:12'),(289,51,5,'我將為您轉接真人客服,請稍候...\n\n您的對話記錄將會一併轉交給客服人員,以便提供更好的服務。','system',NULL,NULL,NULL,NULL,1,'2025-11-02 15:13:44'),(290,51,3,'客服已加入對話','system',NULL,NULL,NULL,NULL,0,'2025-11-02 15:14:11'),(291,51,3,'聊天室已關閉','system',NULL,NULL,NULL,NULL,0,'2025-11-02 15:16:20'),(292,52,5,'我將為您轉接真人客服,請稍候...\n\n您的對話記錄將會一併轉交給客服人員,以便提供更好的服務。','system',NULL,NULL,NULL,NULL,1,'2025-11-02 15:16:44'),(293,52,3,'客服已加入對話','system',NULL,NULL,NULL,NULL,0,'2025-11-02 15:16:57'),(294,53,5,'我將為您轉接真人客服,請稍候...\n\n您的對話記錄將會一併轉交給客服人員,以便提供更好的服務。','system',NULL,NULL,NULL,NULL,1,'2025-11-02 15:18:09'),(295,52,3,'聊天室已關閉','system',NULL,NULL,NULL,NULL,0,'2025-11-02 15:18:17'),(296,53,3,'客服已加入對話','system',NULL,NULL,NULL,NULL,0,'2025-11-02 15:18:19'),(297,53,3,'聊天室已關閉','system',NULL,NULL,NULL,NULL,0,'2025-11-02 15:18:40'),(298,54,5,'我將為您轉接真人客服,請稍候...\n\n您的對話記錄將會一併轉交給客服人員,以便提供更好的服務。','system',NULL,NULL,NULL,NULL,1,'2025-11-02 15:19:00'),(299,54,3,'客服已加入對話','system',NULL,NULL,NULL,NULL,0,'2025-11-02 15:19:05'),(300,54,3,'聊天室已關閉','system',NULL,NULL,NULL,NULL,0,'2025-11-02 15:24:04'),(301,55,5,'我將為您轉接真人客服,請稍候...\n\n您的對話記錄將會一併轉交給客服人員,以便提供更好的服務。','system',NULL,NULL,NULL,NULL,0,'2025-11-02 15:24:16'),(302,56,5,'我將為您轉接真人客服,請稍候...\n\n您的對話記錄將會一併轉交給客服人員,以便提供更好的服務。','system',NULL,NULL,NULL,NULL,1,'2025-11-02 15:29:54'),(303,55,3,'客服已加入對話','system',NULL,NULL,NULL,NULL,0,'2025-11-02 15:30:10'),(304,56,3,'客服已加入對話','system',NULL,NULL,NULL,NULL,1,'2025-11-02 15:30:11'),(305,55,3,'聊天室已關閉','system',NULL,NULL,NULL,NULL,0,'2025-11-02 15:30:14'),(306,56,3,'你好','text',NULL,NULL,NULL,NULL,1,'2025-11-02 15:30:19'),(307,56,5,'good','text',NULL,NULL,NULL,NULL,1,'2025-11-02 15:30:22'),(308,56,3,'聊天室已關閉','system',NULL,NULL,NULL,NULL,0,'2025-11-02 15:30:31'),(309,57,5,'我將為您轉接真人客服,請稍候...\n\n您的對話記錄將會一併轉交給客服人員,以便提供更好的服務。','system',NULL,NULL,NULL,NULL,1,'2025-11-02 15:43:26'),(310,57,3,'客服已加入對話','system',NULL,NULL,NULL,NULL,1,'2025-11-02 15:43:31'),(311,57,3,'聊天室已關閉','system',NULL,NULL,NULL,NULL,0,'2025-11-02 15:44:06'),(312,58,5,'我將為您轉接真人客服,請稍候...\n\n您的對話記錄將會一併轉交給客服人員,以便提供更好的服務。','system',NULL,NULL,NULL,NULL,0,'2025-11-02 15:47:31'),(313,58,3,'客服已加入對話','system',NULL,NULL,NULL,NULL,0,'2025-11-02 15:48:01'),(314,58,3,'聊天室已關閉','system',NULL,NULL,NULL,NULL,0,'2025-11-02 15:48:04'),(315,59,5,'我將為您轉接真人客服,請稍候...\n\n您的對話記錄將會一併轉交給客服人員,以便提供更好的服務。','system',NULL,NULL,NULL,NULL,1,'2025-11-02 15:48:10'),(316,59,3,'客服已加入對話','system',NULL,NULL,NULL,NULL,1,'2025-11-02 15:48:13'),(317,59,3,'good','text',NULL,NULL,NULL,NULL,1,'2025-11-02 15:48:22'),(318,59,5,'你好','text',NULL,NULL,NULL,NULL,1,'2025-11-02 15:48:27'),(319,59,3,'聊天室已關閉','system',NULL,NULL,NULL,NULL,0,'2025-11-02 15:48:32'),(320,60,5,'我將為您轉接真人客服,請稍候...\n\n您的對話記錄將會一併轉交給客服人員,以便提供更好的服務。','system',NULL,NULL,NULL,NULL,1,'2025-11-02 15:54:11'),(321,60,3,'客服已加入對話','system',NULL,NULL,NULL,NULL,1,'2025-11-02 15:54:15'),(322,60,3,'您好','text',NULL,NULL,NULL,NULL,1,'2025-11-02 15:54:22'),(323,60,5,'您好','text',NULL,NULL,NULL,NULL,1,'2025-11-02 15:54:27'),(324,60,3,'聊天室已關閉','system',NULL,NULL,NULL,NULL,0,'2025-11-02 15:54:36'),(325,61,5,'您好!我們已收到您的諮詢,客服人員將盡快為您服務。','system',NULL,NULL,NULL,NULL,1,'2025-11-02 15:54:38'),(326,61,5,'你好','text',NULL,NULL,NULL,NULL,1,'2025-11-02 15:54:38'),(327,61,3,'客服已加入對話','system',NULL,NULL,NULL,NULL,1,'2025-11-02 15:54:43'),(328,61,3,'結束!','text',NULL,NULL,NULL,NULL,1,'2025-11-02 15:54:53'),(329,61,3,'聊天室已關閉','system',NULL,NULL,NULL,NULL,0,'2025-11-02 15:54:55'),(330,62,5,'我將為您轉接真人客服,請稍候...\n\n您的對話記錄將會一併轉交給客服人員,以便提供更好的服務。','system',NULL,NULL,NULL,NULL,1,'2025-11-03 03:25:58'),(331,62,3,'客服已加入對話','system',NULL,NULL,NULL,NULL,1,'2025-11-03 03:26:01'),(332,62,5,'你好','text',NULL,NULL,NULL,NULL,1,'2025-11-03 03:26:03'),(333,62,3,'你好','text',NULL,NULL,NULL,NULL,1,'2025-11-03 03:26:09'),(334,62,3,'聊天室已關閉','system',NULL,NULL,NULL,NULL,0,'2025-11-03 03:26:13'),(335,63,5,'您好!我們已收到您的諮詢,客服人員將盡快為您服務。','system',NULL,NULL,NULL,NULL,1,'2025-11-03 03:26:16'),(336,63,5,'good','text',NULL,NULL,NULL,NULL,1,'2025-11-03 03:26:16'),(337,63,3,'客服已加入對話','system',NULL,NULL,NULL,NULL,1,'2025-11-03 03:26:18'),(338,63,3,'good','text',NULL,NULL,NULL,NULL,1,'2025-11-03 03:26:24'),(339,63,3,'聊天室已關閉','system',NULL,NULL,NULL,NULL,0,'2025-11-03 03:26:26'),(340,64,5,'我將為您轉接真人客服,請稍候...\n\n您的對話記錄將會一併轉交給客服人員,以便提供更好的服務。','system',NULL,NULL,NULL,NULL,1,'2025-11-03 06:22:30'),(341,64,3,'客服已加入對話','system',NULL,NULL,NULL,NULL,1,'2025-11-03 06:22:34'),(342,64,3,'ok','text',NULL,NULL,NULL,NULL,1,'2025-11-03 06:22:51'),(343,64,5,'OK','text',NULL,NULL,NULL,NULL,1,'2025-11-03 06:22:55'),(344,64,3,'聊天室已關閉','system',NULL,NULL,NULL,NULL,0,'2025-11-03 06:23:05'),(345,65,5,'我將為您轉接真人客服,請稍候...\n\n您的對話記錄將會一併轉交給客服人員,以便提供更好的服務。','system',NULL,NULL,NULL,NULL,1,'2025-11-03 06:26:33'),(346,65,3,'客服已加入對話','system',NULL,NULL,NULL,NULL,1,'2025-11-03 06:26:37'),(347,65,3,'你好','text',NULL,NULL,NULL,NULL,1,'2025-11-03 06:26:54'),(348,65,5,'你好','text',NULL,NULL,NULL,NULL,1,'2025-11-03 06:26:57'),(349,65,3,'聊天室已關閉','system',NULL,NULL,NULL,NULL,0,'2025-11-03 06:27:03'),(350,66,5,'您好!我們已收到您的諮詢,客服人員將盡快為您服務。','system',NULL,NULL,NULL,NULL,1,'2025-11-03 06:27:10'),(351,66,5,'你好','text',NULL,NULL,NULL,NULL,1,'2025-11-03 06:27:10'),(352,66,3,'客服已加入對話','system',NULL,NULL,NULL,NULL,1,'2025-11-03 06:27:12'),(353,66,5,'123','text',NULL,NULL,NULL,NULL,1,'2025-11-03 06:27:35'),(354,66,3,'聊天室已關閉','system',NULL,NULL,NULL,NULL,0,'2025-11-03 06:27:39'),(355,67,5,'我將為您轉接真人客服,請稍候...\n\n您的對話記錄將會一併轉交給客服人員,以便提供更好的服務。','system',NULL,NULL,NULL,NULL,0,'2025-11-03 06:29:59'),(356,67,3,'客服已加入對話','system',NULL,NULL,NULL,NULL,1,'2025-11-03 06:30:15'),(357,67,3,'聊天室已關閉','system',NULL,NULL,NULL,NULL,0,'2025-11-03 06:32:20'),(358,68,5,'我將為您轉接真人客服,請稍候...\n\n您的對話記錄將會一併轉交給客服人員,以便提供更好的服務。','system',NULL,NULL,NULL,NULL,1,'2025-11-04 02:03:36'),(359,68,3,'客服已加入對話','system',NULL,NULL,NULL,NULL,1,'2025-11-04 02:05:24'),(360,68,3,'123','text',NULL,NULL,NULL,NULL,1,'2025-11-04 02:06:41'),(361,68,5,'132','text',NULL,NULL,NULL,NULL,1,'2025-11-04 02:06:44'),(362,68,3,'聊天室已關閉','system',NULL,NULL,NULL,NULL,0,'2025-11-04 02:06:58'),(363,69,5,'您好!我們已收到您的諮詢,客服人員將盡快為您服務。','system',NULL,NULL,NULL,NULL,1,'2025-11-04 02:07:03'),(364,69,5,'123','text',NULL,NULL,NULL,NULL,1,'2025-11-04 02:07:03'),(365,69,3,'客服已加入對話','system',NULL,NULL,NULL,NULL,1,'2025-11-04 02:07:05'),(366,69,3,'聊天室已關閉','system',NULL,NULL,NULL,NULL,0,'2025-11-04 02:11:04'),(367,70,5,'我將為您轉接真人客服,請稍候...\n\n您的對話記錄將會一併轉交給客服人員,以便提供更好的服務。','system',NULL,NULL,NULL,NULL,1,'2025-11-04 02:28:05'),(368,70,3,'客服已加入對話','system',NULL,NULL,NULL,NULL,1,'2025-11-04 02:28:09'),(369,70,5,'OK','text',NULL,NULL,NULL,NULL,1,'2025-11-04 02:28:11'),(370,70,3,'OK','text',NULL,NULL,NULL,NULL,1,'2025-11-04 02:28:16'),(371,70,3,'聊天室已關閉','system',NULL,NULL,NULL,NULL,0,'2025-11-04 02:28:20'),(372,71,5,'您好!我們已收到您的諮詢,客服人員將盡快為您服務。','system',NULL,NULL,NULL,NULL,1,'2025-11-04 02:28:26'),(373,71,5,'還有問題','text',NULL,NULL,NULL,NULL,1,'2025-11-04 02:28:26'),(374,71,3,'客服已加入對話','system',NULL,NULL,NULL,NULL,1,'2025-11-04 02:28:28'),(375,71,3,'什麼問題','text',NULL,NULL,NULL,NULL,1,'2025-11-04 02:28:40'),(376,71,3,'聊天室已關閉','system',NULL,NULL,NULL,NULL,0,'2025-11-04 02:28:43'),(377,72,5,'我將為您轉接真人客服,請稍候...\n\n您的對話記錄將會一併轉交給客服人員,以便提供更好的服務。','system',NULL,NULL,NULL,NULL,1,'2025-11-04 02:58:26'),(378,72,3,'客服已加入對話','system',NULL,NULL,NULL,NULL,1,'2025-11-04 02:58:39'),(379,72,3,'你好','text',NULL,NULL,NULL,NULL,1,'2025-11-04 02:58:46'),(380,72,3,'聊天室已關閉','system',NULL,NULL,NULL,NULL,0,'2025-11-04 02:58:50'),(381,73,5,'我將為您轉接真人客服,請稍候...\n\n您的對話記錄將會一併轉交給客服人員,以便提供更好的服務。','system',NULL,NULL,NULL,NULL,0,'2025-11-04 11:02:20'),(382,75,5,'您已成功轉接至人工客服，客服人員將盡快為您服務。','system',NULL,NULL,NULL,NULL,0,'2025-11-04 11:02:24'),(383,73,3,'客服已加入對話','system',NULL,NULL,NULL,NULL,0,'2025-11-04 11:02:38'),(384,75,3,'客服已加入對話','system',NULL,NULL,NULL,NULL,0,'2025-11-04 11:02:38'),(385,73,3,'聊天室已關閉','system',NULL,NULL,NULL,NULL,0,'2025-11-04 11:02:40'),(386,75,3,'聊天室已關閉','system',NULL,NULL,NULL,NULL,0,'2025-11-04 11:02:42'),(387,77,5,'我將為您轉接真人客服,請稍候...\n\n您的對話記錄將會一併轉交給客服人員,以便提供更好的服務。','system',NULL,NULL,NULL,NULL,1,'2025-11-04 11:03:15'),(388,77,3,'客服已加入對話','system',NULL,NULL,NULL,NULL,1,'2025-11-04 11:03:31'),(389,77,3,'聊天室已關閉','system',NULL,NULL,NULL,NULL,0,'2025-11-04 11:03:41'),(390,78,5,'您好!我們已收到您的諮詢,客服人員將盡快為您服務。','system',NULL,NULL,NULL,NULL,1,'2025-11-04 11:03:43'),(391,78,5,'QQ','text',NULL,NULL,NULL,NULL,1,'2025-11-04 11:03:43'),(392,78,3,'客服已加入對話','system',NULL,NULL,NULL,NULL,1,'2025-11-04 11:03:45'),(393,78,3,'聊天室已關閉','system',NULL,NULL,NULL,NULL,0,'2025-11-04 11:03:50'),(394,79,5,'我將為您轉接真人客服,請稍候...\n\n您的對話記錄將會一併轉交給客服人員,以便提供更好的服務。','system',NULL,NULL,NULL,NULL,1,'2025-11-04 16:08:43'),(395,79,3,'客服已加入對話','system',NULL,NULL,NULL,NULL,1,'2025-11-04 16:08:46'),(396,79,3,'你好','text',NULL,NULL,NULL,NULL,1,'2025-11-04 16:08:51'),(397,79,5,'good','text',NULL,NULL,NULL,NULL,1,'2025-11-04 16:08:55'),(398,79,3,'聊天室已關閉','system',NULL,NULL,NULL,NULL,0,'2025-11-04 16:08:59'),(399,80,5,'您好!我們已收到您的諮詢,客服人員將盡快為您服務。','system',NULL,NULL,NULL,NULL,1,'2025-11-04 16:09:03'),(400,80,5,'你好','text',NULL,NULL,NULL,NULL,1,'2025-11-04 16:09:03'),(401,80,3,'客服已加入對話','system',NULL,NULL,NULL,NULL,1,'2025-11-04 16:09:08'),(402,80,3,'你好','text',NULL,NULL,NULL,NULL,1,'2025-11-04 16:09:14'),(403,80,3,'聊天室已關閉','system',NULL,NULL,NULL,NULL,0,'2025-11-04 16:09:18'),(404,81,5,'我將為您轉接真人客服,請稍候...\n\n您的對話記錄將會一併轉交給客服人員,以便提供更好的服務。','system',NULL,NULL,NULL,NULL,1,'2025-11-05 02:50:50'),(405,81,3,'客服已加入對話','system',NULL,NULL,NULL,NULL,1,'2025-11-05 02:51:02'),(406,81,3,'你好','text',NULL,NULL,NULL,NULL,1,'2025-11-05 02:51:10'),(407,81,5,'你好','text',NULL,NULL,NULL,NULL,1,'2025-11-05 02:51:14'),(408,81,3,'聊天室已關閉','system',NULL,NULL,NULL,NULL,0,'2025-11-05 02:51:18'),(409,82,5,'我將為您轉接真人客服,請稍候...\n\n您的對話記錄將會一併轉交給客服人員,以便提供更好的服務。','system',NULL,NULL,NULL,NULL,1,'2025-11-05 05:19:51'),(410,82,3,'客服已加入對話','system',NULL,NULL,NULL,NULL,1,'2025-11-05 05:19:53'),(411,82,3,'good','text',NULL,NULL,NULL,NULL,1,'2025-11-05 05:19:59'),(412,82,3,'聊天室已關閉','system',NULL,NULL,NULL,NULL,0,'2025-11-05 05:20:02'),(413,83,5,'我將為您轉接真人客服,請稍候...\n\n您的對話記錄將會一併轉交給客服人員,以便提供更好的服務。','system',NULL,NULL,NULL,NULL,1,'2025-11-05 05:28:55'),(414,83,3,'客服已加入對話','system',NULL,NULL,NULL,NULL,1,'2025-11-05 05:28:58'),(415,83,3,'你好','text',NULL,NULL,NULL,NULL,1,'2025-11-05 05:29:06'),(416,83,5,'你好','text',NULL,NULL,NULL,NULL,1,'2025-11-05 05:29:09'),(417,83,3,'聊天室已關閉','system',NULL,NULL,NULL,NULL,0,'2025-11-05 05:29:13'),(418,84,5,'您好!我們已收到您的諮詢,客服人員將盡快為您服務。','system',NULL,NULL,NULL,NULL,1,'2025-11-05 05:29:43'),(419,84,5,'good','text',NULL,NULL,NULL,NULL,1,'2025-11-05 05:29:43'),(420,84,3,'客服已加入對話','system',NULL,NULL,NULL,NULL,1,'2025-11-05 05:29:45'),(421,84,3,'你好','text',NULL,NULL,NULL,NULL,1,'2025-11-05 05:29:52'),(422,84,5,'OK','text',NULL,NULL,NULL,NULL,1,'2025-11-05 05:29:59'),(423,84,3,'聊天室已關閉','system',NULL,NULL,NULL,NULL,0,'2025-11-05 05:30:02'),(424,85,5,'您好!我們已收到您的諮詢,客服人員將盡快為您服務。','system',NULL,NULL,NULL,NULL,1,'2025-11-05 05:31:31'),(425,85,5,'123','text',NULL,NULL,NULL,NULL,1,'2025-11-05 05:31:31'),(426,85,3,'客服已加入對話','system',NULL,NULL,NULL,NULL,1,'2025-11-05 05:31:36'),(427,85,3,'ㄉㄉ','text',NULL,NULL,NULL,NULL,1,'2025-11-05 05:31:42'),(428,85,3,'聊天室已關閉','system',NULL,NULL,NULL,NULL,0,'2025-11-05 05:31:49'),(429,86,5,'我將為您轉接真人客服,請稍候...\n\n您的對話記錄將會一併轉交給客服人員,以便提供更好的服務。','system',NULL,NULL,NULL,NULL,1,'2025-11-05 05:37:17'),(430,86,3,'客服已加入對話','system',NULL,NULL,NULL,NULL,1,'2025-11-05 05:37:19'),(431,86,3,'你好','text',NULL,NULL,NULL,NULL,1,'2025-11-05 05:37:23'),(432,86,5,'1105','text',NULL,NULL,NULL,NULL,1,'2025-11-05 05:37:27'),(433,86,3,'聊天室已關閉','system',NULL,NULL,NULL,NULL,0,'2025-11-05 05:37:29'),(434,87,5,'您好!我們已收到您的諮詢,客服人員將盡快為您服務。','system',NULL,NULL,NULL,NULL,1,'2025-11-05 05:39:21'),(435,87,5,'你好','text',NULL,NULL,NULL,NULL,1,'2025-11-05 05:39:21'),(436,87,3,'客服已加入對話','system',NULL,NULL,NULL,NULL,1,'2025-11-05 05:39:23'),(437,87,3,'GG','text',NULL,NULL,NULL,NULL,1,'2025-11-05 05:39:28'),(438,87,3,'聊天室已關閉','system',NULL,NULL,NULL,NULL,0,'2025-11-05 05:39:30'),(439,88,5,'您好!我們已收到您的諮詢,客服人員將盡快為您服務。','system',NULL,NULL,NULL,NULL,0,'2025-11-05 05:40:30'),(440,88,5,'嗨','text',NULL,NULL,NULL,NULL,0,'2025-11-05 05:40:30'),(441,88,3,'客服已加入對話','system',NULL,NULL,NULL,NULL,1,'2025-11-05 05:40:33'),(442,88,3,'聊天室已關閉','system',NULL,NULL,NULL,NULL,0,'2025-11-05 05:40:35'),(443,89,5,'您好!我們已收到您的諮詢,客服人員將盡快為您服務。','system',NULL,NULL,NULL,NULL,1,'2025-11-05 05:41:23'),(444,89,5,'HI','text',NULL,NULL,NULL,NULL,1,'2025-11-05 05:41:23'),(445,89,3,'客服已加入對話','system',NULL,NULL,NULL,NULL,1,'2025-11-05 05:41:25'),(446,89,3,'HIHI','text',NULL,NULL,NULL,NULL,1,'2025-11-05 05:41:29'),(447,89,3,'聊天室已關閉','system',NULL,NULL,NULL,NULL,0,'2025-11-05 05:41:31'),(448,90,5,'您好!我們已收到您的諮詢,客服人員將盡快為您服務。','system',NULL,NULL,NULL,NULL,1,'2025-11-05 06:06:11'),(449,90,5,'你好','text',NULL,NULL,NULL,NULL,1,'2025-11-05 06:06:11'),(450,90,3,'客服已加入對話','system',NULL,NULL,NULL,NULL,1,'2025-11-05 06:06:13'),(451,90,3,'很好喔','text',NULL,NULL,NULL,NULL,1,'2025-11-05 06:06:18'),(452,90,3,'聊天室已關閉','system',NULL,NULL,NULL,NULL,0,'2025-11-05 06:06:20'),(453,91,5,'我將為您轉接真人客服,請稍候...\n\n您的對話記錄將會一併轉交給客服人員,以便提供更好的服務。','system',NULL,NULL,NULL,NULL,1,'2025-11-06 02:00:00'),(454,91,3,'客服已加入對話','system',NULL,NULL,NULL,NULL,1,'2025-11-06 02:00:04'),(455,91,3,'你好','text',NULL,NULL,NULL,NULL,1,'2025-11-06 02:00:10'),(456,91,5,NULL,'image','https://ik.imagekit.io/crjen7iza/customer_service/chat_images/chat_91_1762394474395_banner1_UsRoyPrEF.jpg','chat_91_1762394474395_banner1_UsRoyPrEF.jpg',402563,'https://ik.imagekit.io/crjen7iza/tr:n-ik_ml_thumbnail/customer_service/chat_images/chat_91_1762394474395_banner1_UsRoyPrEF.jpg',0,'2025-11-06 02:01:16'),(457,91,5,NULL,'image','https://ik.imagekit.io/crjen7iza/customer_service/chat_images/chat_91_1762394474395_banner1_UsRoyPrEF.jpg','banner1.jpg',NULL,'https://ik.imagekit.io/crjen7iza/tr:n-ik_ml_thumbnail/customer_service/chat_images/chat_91_1762394474395_banner1_UsRoyPrEF.jpg',1,'2025-11-06 02:01:16'),(458,91,3,'聊天室已關閉','system',NULL,NULL,NULL,NULL,0,'2025-11-06 02:01:29'),(459,92,5,'我將為您轉接真人客服,請稍候...\n\n您的對話記錄將會一併轉交給客服人員,以便提供更好的服務。','system',NULL,NULL,NULL,NULL,0,'2025-11-06 02:25:38'),(460,93,5,'我將為您轉接真人客服,請稍候...\n\n您的對話記錄將會一併轉交給客服人員,以便提供更好的服務。','system',NULL,NULL,NULL,NULL,1,'2025-11-06 02:26:34'),(461,93,3,'客服已加入對話','system',NULL,NULL,NULL,NULL,1,'2025-11-06 02:26:46'),(462,93,3,'你好','text',NULL,NULL,NULL,NULL,1,'2025-11-06 02:26:54'),(463,93,5,'你好','text',NULL,NULL,NULL,NULL,1,'2025-11-06 02:26:58'),(464,93,5,NULL,'image','https://ik.imagekit.io/crjen7iza/customer_service/chat_images/chat_93_1762396024396_banner1_XEyz0Bo-N.jpg','chat_93_1762396024396_banner1_XEyz0Bo-N.jpg',402563,'https://ik.imagekit.io/crjen7iza/tr:n-ik_ml_thumbnail/customer_service/chat_images/chat_93_1762396024396_banner1_XEyz0Bo-N.jpg',0,'2025-11-06 02:27:06'),(465,93,5,NULL,'image','https://ik.imagekit.io/crjen7iza/customer_service/chat_images/chat_93_1762396024396_banner1_XEyz0Bo-N.jpg','banner1.jpg',NULL,'https://ik.imagekit.io/crjen7iza/tr:n-ik_ml_thumbnail/customer_service/chat_images/chat_93_1762396024396_banner1_XEyz0Bo-N.jpg',1,'2025-11-06 02:27:06'),(466,93,3,'聊天室已關閉','system',NULL,NULL,NULL,NULL,0,'2025-11-06 02:27:14'),(467,92,3,'客服已加入對話','system',NULL,NULL,NULL,NULL,0,'2025-11-06 02:40:43'),(468,92,3,'聊天室已關閉','system',NULL,NULL,NULL,NULL,0,'2025-11-06 02:40:47'),(469,94,5,'我將為您轉接真人客服,請稍候...\n\n您的對話記錄將會一併轉交給客服人員,以便提供更好的服務。','system',NULL,NULL,NULL,NULL,0,'2025-11-06 02:43:29'),(470,94,3,'客服已加入對話','system',NULL,NULL,NULL,NULL,1,'2025-11-06 02:43:40'),(471,94,3,'聊天室已關閉','system',NULL,NULL,NULL,NULL,0,'2025-11-06 02:43:43'),(472,95,5,'我將為您轉接真人客服,請稍候...\n\n您的對話記錄將會一併轉交給客服人員,以便提供更好的服務。','system',NULL,NULL,NULL,NULL,1,'2025-11-06 02:59:39'),(473,95,3,'客服已加入對話','system',NULL,NULL,NULL,NULL,0,'2025-11-06 02:59:55'),(474,95,3,'123','text',NULL,NULL,NULL,NULL,0,'2025-11-06 03:00:01'),(475,95,5,'123','text',NULL,NULL,NULL,NULL,1,'2025-11-06 03:00:06'),(476,95,3,'123','text',NULL,NULL,NULL,NULL,1,'2025-11-06 03:00:08'),(477,95,5,NULL,'image','https://ik.imagekit.io/crjen7iza/customer_service/chat_images/chat_95_1762398020855_banner1_YmlBmcAy2.jpg','chat_95_1762398020855_banner1_YmlBmcAy2.jpg',402563,'https://ik.imagekit.io/crjen7iza/tr:n-ik_ml_thumbnail/customer_service/chat_images/chat_95_1762398020855_banner1_YmlBmcAy2.jpg',0,'2025-11-06 03:00:23'),(478,95,5,NULL,'image','https://ik.imagekit.io/crjen7iza/customer_service/chat_images/chat_95_1762398020855_banner1_YmlBmcAy2.jpg','banner1.jpg',NULL,'https://ik.imagekit.io/crjen7iza/tr:n-ik_ml_thumbnail/customer_service/chat_images/chat_95_1762398020855_banner1_YmlBmcAy2.jpg',1,'2025-11-06 03:00:23'),(479,95,3,'聊天室已關閉','system',NULL,NULL,NULL,NULL,0,'2025-11-06 03:00:28'),(480,96,5,'我將為您轉接真人客服,請稍候...\n\n您的對話記錄將會一併轉交給客服人員,以便提供更好的服務。','system',NULL,NULL,NULL,NULL,1,'2025-11-07 23:19:44'),(481,96,3,'客服已加入對話','system',NULL,NULL,NULL,NULL,1,'2025-11-07 23:19:50'),(482,96,3,'你好','text',NULL,NULL,NULL,NULL,1,'2025-11-07 23:20:01'),(483,96,5,'你好','text',NULL,NULL,NULL,NULL,1,'2025-11-07 23:20:05'),(484,96,5,NULL,'image','https://ik.imagekit.io/crjen7iza/customer_service/chat_images/chat_96_1762557630630_banner3_eNVnRYyI8.jpg','chat_96_1762557630630_banner3_eNVnRYyI8.jpg',537620,'https://ik.imagekit.io/crjen7iza/tr:n-ik_ml_thumbnail/customer_service/chat_images/chat_96_1762557630630_banner3_eNVnRYyI8.jpg',0,'2025-11-07 23:20:33'),(485,96,5,NULL,'image','https://ik.imagekit.io/crjen7iza/customer_service/chat_images/chat_96_1762557630630_banner3_eNVnRYyI8.jpg','banner3.jpg',NULL,'https://ik.imagekit.io/crjen7iza/tr:n-ik_ml_thumbnail/customer_service/chat_images/chat_96_1762557630630_banner3_eNVnRYyI8.jpg',1,'2025-11-07 23:20:33'),(486,96,3,'聊天室已關閉','system',NULL,NULL,NULL,NULL,0,'2025-11-07 23:20:44'),(487,97,5,'我將為您轉接真人客服,請稍候...\n\n您的對話記錄將會一併轉交給客服人員,以便提供更好的服務。','system',NULL,NULL,NULL,NULL,1,'2025-11-07 23:57:38'),(488,97,3,'客服已加入對話','system',NULL,NULL,NULL,NULL,1,'2025-11-07 23:57:43'),(489,97,3,'你好','text',NULL,NULL,NULL,NULL,1,'2025-11-07 23:57:48'),(490,97,5,'很好','text',NULL,NULL,NULL,NULL,1,'2025-11-07 23:57:51'),(491,97,5,NULL,'image','https://ik.imagekit.io/crjen7iza/customer_service/chat_images/chat_97_1762559882206_banner3_pyoZUJa5k.jpg','chat_97_1762559882206_banner3_pyoZUJa5k.jpg',537620,'https://ik.imagekit.io/crjen7iza/tr:n-ik_ml_thumbnail/customer_service/chat_images/chat_97_1762559882206_banner3_pyoZUJa5k.jpg',0,'2025-11-07 23:58:04'),(492,97,5,NULL,'image','https://ik.imagekit.io/crjen7iza/customer_service/chat_images/chat_97_1762559882206_banner3_pyoZUJa5k.jpg','banner3.jpg',NULL,'https://ik.imagekit.io/crjen7iza/tr:n-ik_ml_thumbnail/customer_service/chat_images/chat_97_1762559882206_banner3_pyoZUJa5k.jpg',1,'2025-11-07 23:58:04'),(493,97,5,'蛋糕','text',NULL,NULL,NULL,NULL,1,'2025-11-07 23:58:10'),(494,97,3,'蛋糕','text',NULL,NULL,NULL,NULL,1,'2025-11-07 23:58:16'),(495,97,3,'聊天室已關閉','system',NULL,NULL,NULL,NULL,0,'2025-11-07 23:58:21'),(496,98,5,'我將為您轉接真人客服,請稍候...\n\n您的對話記錄將會一併轉交給客服人員,以便提供更好的服務。','system',NULL,NULL,NULL,NULL,0,'2025-11-08 00:08:29'),(497,98,3,'客服已加入對話','system',NULL,NULL,NULL,NULL,1,'2025-11-08 00:08:36'),(498,98,3,'聊天室已關閉','system',NULL,NULL,NULL,NULL,0,'2025-11-08 00:08:38'),(499,99,5,'我將為您轉接真人客服,請稍候...\n\n您的對話記錄將會一併轉交給客服人員,以便提供更好的服務。','system',NULL,NULL,NULL,NULL,0,'2025-11-08 00:08:57'),(500,99,3,'客服已加入對話','system',NULL,NULL,NULL,NULL,1,'2025-11-08 00:09:01'),(501,99,3,'聊天室已關閉','system',NULL,NULL,NULL,NULL,0,'2025-11-08 00:09:04'),(502,100,5,'我將為您轉接真人客服,請稍候...\n\n您的對話記錄將會一併轉交給客服人員,以便提供更好的服務。','system',NULL,NULL,NULL,NULL,1,'2025-11-10 01:14:38'),(503,100,3,'客服已加入對話','system',NULL,NULL,NULL,NULL,1,'2025-11-10 01:14:47'),(504,100,3,'ok','text',NULL,NULL,NULL,NULL,1,'2025-11-10 01:14:51'),(505,100,3,'聊天室已關閉','system',NULL,NULL,NULL,NULL,0,'2025-11-10 01:14:54'),(506,101,5,'我將為您轉接真人客服,請稍候...\n\n您的對話記錄將會一併轉交給客服人員,以便提供更好的服務。','system',NULL,NULL,NULL,NULL,0,'2025-11-10 02:03:54'),(507,102,5,'我將為您轉接真人客服,請稍候...\n\n您的對話記錄將會一併轉交給客服人員,以便提供更好的服務。','system',NULL,NULL,NULL,NULL,0,'2025-11-10 02:04:40'),(508,103,5,'我將為您轉接真人客服,請稍候...\n\n您的對話記錄將會一併轉交給客服人員,以便提供更好的服務。','system',NULL,NULL,NULL,NULL,1,'2025-11-10 02:05:21'),(509,103,3,'客服已加入對話','system',NULL,NULL,NULL,NULL,1,'2025-11-10 02:06:18'),(510,103,3,'你好','text',NULL,NULL,NULL,NULL,1,'2025-11-10 02:06:33'),(511,103,5,NULL,'image','https://ik.imagekit.io/crjen7iza/customer_service/chat_images/chat_103_1762740409760_banner3_Iw7Ih3V_S.jpg','chat_103_1762740409760_banner3_Iw7Ih3V_S.jpg',537620,'https://ik.imagekit.io/crjen7iza/tr:n-ik_ml_thumbnail/customer_service/chat_images/chat_103_1762740409760_banner3_Iw7Ih3V_S.jpg',0,'2025-11-10 02:06:52'),(512,103,5,NULL,'image','https://ik.imagekit.io/crjen7iza/customer_service/chat_images/chat_103_1762740409760_banner3_Iw7Ih3V_S.jpg','banner3.jpg',NULL,'https://ik.imagekit.io/crjen7iza/tr:n-ik_ml_thumbnail/customer_service/chat_images/chat_103_1762740409760_banner3_Iw7Ih3V_S.jpg',1,'2025-11-10 02:06:52'),(513,103,3,'聊天室已關閉','system',NULL,NULL,NULL,NULL,0,'2025-11-10 02:07:02'),(514,101,3,'客服已加入對話','system',NULL,NULL,NULL,NULL,0,'2025-11-10 02:42:10'),(515,102,3,'客服已加入對話','system',NULL,NULL,NULL,NULL,0,'2025-11-10 02:42:11'),(516,101,3,'聊天室已關閉','system',NULL,NULL,NULL,NULL,0,'2025-11-10 02:42:13'),(517,102,3,'聊天室已關閉','system',NULL,NULL,NULL,NULL,0,'2025-11-10 02:42:15'),(518,104,5,'我將為您轉接真人客服,請稍候...\n\n您的對話記錄將會一併轉交給客服人員,以便提供更好的服務。','system',NULL,NULL,NULL,NULL,1,'2025-11-10 04:30:35'),(519,104,3,'客服已加入對話','system',NULL,NULL,NULL,NULL,1,'2025-11-10 04:30:42'),(520,104,3,'你好','text',NULL,NULL,NULL,NULL,1,'2025-11-10 04:30:49'),(521,104,3,'聊天室已關閉','system',NULL,NULL,NULL,NULL,0,'2025-11-10 04:30:56'),(522,105,5,'我將為您轉接真人客服,請稍候...\n\n您的對話記錄將會一併轉交給客服人員,以便提供更好的服務。','system',NULL,NULL,NULL,NULL,1,'2025-11-10 17:37:07'),(523,105,3,'客服已加入對話','system',NULL,NULL,NULL,NULL,1,'2025-11-10 17:37:10'),(524,105,3,'你好!!','text',NULL,NULL,NULL,NULL,1,'2025-11-10 17:37:15'),(525,105,5,'讚讚','text',NULL,NULL,NULL,NULL,1,'2025-11-10 17:37:18'),(526,105,5,NULL,'image','https://ik.imagekit.io/crjen7iza/customer_service/chat_images/chat_105_1762796257405_banner1_15aZmV8L6.jpg','chat_105_1762796257405_banner1_15aZmV8L6.jpg',402563,'https://ik.imagekit.io/crjen7iza/tr:n-ik_ml_thumbnail/customer_service/chat_images/chat_105_1762796257405_banner1_15aZmV8L6.jpg',0,'2025-11-10 17:37:39'),(527,105,5,NULL,'image','https://ik.imagekit.io/crjen7iza/customer_service/chat_images/chat_105_1762796257405_banner1_15aZmV8L6.jpg','banner1.jpg',NULL,'https://ik.imagekit.io/crjen7iza/tr:n-ik_ml_thumbnail/customer_service/chat_images/chat_105_1762796257405_banner1_15aZmV8L6.jpg',1,'2025-11-10 17:37:39'),(528,105,3,'掰掰','text',NULL,NULL,NULL,NULL,1,'2025-11-10 17:37:48'),(529,105,3,'聊天室已關閉','system',NULL,NULL,NULL,NULL,0,'2025-11-10 17:37:54'),(530,106,5,'我將為您轉接真人客服,請稍候...\n\n您的對話記錄將會一併轉交給客服人員,以便提供更好的服務。','system',NULL,NULL,NULL,NULL,1,'2025-11-10 17:43:17'),(531,106,3,'客服已加入對話','system',NULL,NULL,NULL,NULL,1,'2025-11-10 17:43:19'),(532,106,3,'你好','text',NULL,NULL,NULL,NULL,1,'2025-11-10 17:43:23'),(533,106,5,NULL,'image','https://ik.imagekit.io/crjen7iza/customer_service/chat_images/chat_106_1762796614128_banner2_D-iOou98C.jpg','chat_106_1762796614128_banner2_D-iOou98C.jpg',786551,'https://ik.imagekit.io/crjen7iza/tr:n-ik_ml_thumbnail/customer_service/chat_images/chat_106_1762796614128_banner2_D-iOou98C.jpg',0,'2025-11-10 17:43:36'),(534,106,5,NULL,'image','https://ik.imagekit.io/crjen7iza/customer_service/chat_images/chat_106_1762796614128_banner2_D-iOou98C.jpg','banner2.jpg',NULL,'https://ik.imagekit.io/crjen7iza/tr:n-ik_ml_thumbnail/customer_service/chat_images/chat_106_1762796614128_banner2_D-iOou98C.jpg',1,'2025-11-10 17:43:36'),(535,106,5,'你好','text',NULL,NULL,NULL,NULL,1,'2025-11-10 17:43:39'),(536,106,3,'聊天室已關閉','system',NULL,NULL,NULL,NULL,0,'2025-11-10 17:43:45'),(537,107,5,'我將為您轉接真人客服,請稍候...\n\n您的對話記錄將會一併轉交給客服人員,以便提供更好的服務。','system',NULL,NULL,NULL,NULL,1,'2025-11-10 17:51:27'),(538,107,3,'客服已加入對話','system',NULL,NULL,NULL,NULL,1,'2025-11-10 17:51:35'),(539,107,3,'你好','text',NULL,NULL,NULL,NULL,1,'2025-11-10 17:51:40'),(540,107,5,'你好','text',NULL,NULL,NULL,NULL,1,'2025-11-10 17:51:43'),(541,107,5,NULL,'image','https://ik.imagekit.io/crjen7iza/customer_service/chat_images/chat_107_1762797111862_banner1_V0mqdGMIA.jpg','chat_107_1762797111862_banner1_V0mqdGMIA.jpg',402563,'https://ik.imagekit.io/crjen7iza/tr:n-ik_ml_thumbnail/customer_service/chat_images/chat_107_1762797111862_banner1_V0mqdGMIA.jpg',0,'2025-11-10 17:51:54'),(542,107,5,NULL,'image','https://ik.imagekit.io/crjen7iza/customer_service/chat_images/chat_107_1762797111862_banner1_V0mqdGMIA.jpg','banner1.jpg',NULL,'https://ik.imagekit.io/crjen7iza/tr:n-ik_ml_thumbnail/customer_service/chat_images/chat_107_1762797111862_banner1_V0mqdGMIA.jpg',1,'2025-11-10 17:51:54'),(543,107,3,'聊天室已關閉','system',NULL,NULL,NULL,NULL,0,'2025-11-10 17:52:34'),(544,108,5,'您好!我們已收到您的諮詢,客服人員將盡快為您服務。','system',NULL,NULL,NULL,NULL,1,'2025-11-10 17:56:02'),(545,108,5,'你好','text',NULL,NULL,NULL,NULL,1,'2025-11-10 17:56:02'),(546,108,3,'客服已加入對話','system',NULL,NULL,NULL,NULL,1,'2025-11-10 17:56:07'),(547,108,3,'你好','text',NULL,NULL,NULL,NULL,1,'2025-11-10 17:56:13'),(548,108,3,'聊天室已關閉','system',NULL,NULL,NULL,NULL,0,'2025-11-10 17:57:51'),(549,109,5,'我將為您轉接真人客服,請稍候...\n\n您的對話記錄將會一併轉交給客服人員,以便提供更好的服務。','system',NULL,NULL,NULL,NULL,1,'2025-11-11 10:55:05'),(550,109,3,'客服已加入對話','system',NULL,NULL,NULL,NULL,1,'2025-11-11 10:55:47'),(551,109,3,'你好','text',NULL,NULL,NULL,NULL,1,'2025-11-11 10:56:04'),(552,109,5,'你好','text',NULL,NULL,NULL,NULL,1,'2025-11-11 10:56:09'),(553,109,5,NULL,'image','https://ik.imagekit.io/crjen7iza/customer_service/chat_images/chat_109_1762858582841_banner3_Bu9MiISgv.jpg','chat_109_1762858582841_banner3_Bu9MiISgv.jpg',537620,'https://ik.imagekit.io/crjen7iza/tr:n-ik_ml_thumbnail/customer_service/chat_images/chat_109_1762858582841_banner3_Bu9MiISgv.jpg',0,'2025-11-11 10:56:25'),(554,109,5,NULL,'image','https://ik.imagekit.io/crjen7iza/customer_service/chat_images/chat_109_1762858582841_banner3_Bu9MiISgv.jpg','banner3.jpg',NULL,'https://ik.imagekit.io/crjen7iza/tr:n-ik_ml_thumbnail/customer_service/chat_images/chat_109_1762858582841_banner3_Bu9MiISgv.jpg',1,'2025-11-11 10:56:25'),(555,109,3,'聊天室已關閉','system',NULL,NULL,NULL,NULL,0,'2025-11-11 10:57:13');
/*!40000 ALTER TABLE `customer_service_messages` ENABLE KEYS */;
UNLOCK TABLES;

--
-- Table structure for table `customer_service_ratings`
--

DROP TABLE IF EXISTS `customer_service_ratings`;
/*!40101 SET @saved_cs_client     = @@character_set_client */;
/*!50503 SET character_set_client = utf8mb4 */;
CREATE TABLE `customer_service_ratings` (
  `id` int NOT NULL AUTO_INCREMENT,
  `room_id` int NOT NULL COMMENT '聊天室ID',
  `user_id` int NOT NULL COMMENT '評分者ID（客戶）',
  `agent_id` int NOT NULL COMMENT '被評分者ID（客服人員）',
  `rating` int NOT NULL COMMENT '評分（1-5星）',
  `comment` text COLLATE utf8mb4_unicode_ci COMMENT '評價留言（選填）',
  `created_at` timestamp NULL DEFAULT CURRENT_TIMESTAMP COMMENT '評分時間',
  PRIMARY KEY (`id`),
  UNIQUE KEY `unique_room_rating` (`room_id`),
  KEY `idx_room_id` (`room_id`),
  KEY `idx_user_id` (`user_id`),
  KEY `idx_agent_id` (`agent_id`),
  KEY `idx_rating` (`rating`),
  KEY `idx_created_at` (`created_at`),
  CONSTRAINT `fk_rating_agent` FOREIGN KEY (`agent_id`) REFERENCES `users` (`id`) ON DELETE CASCADE,
  CONSTRAINT `fk_rating_room` FOREIGN KEY (`room_id`) REFERENCES `customer_service_rooms` (`id`) ON DELETE CASCADE,
  CONSTRAINT `fk_rating_user` FOREIGN KEY (`user_id`) REFERENCES `users` (`id`) ON DELETE CASCADE,
  CONSTRAINT `chk_rating_value` CHECK (((`rating` >= 1) and (`rating` <= 5)))
) ENGINE=InnoDB AUTO_INCREMENT=24 DEFAULT CHARSET=utf8mb4 COLLATE=utf8mb4_unicode_ci COMMENT='客服滿意度評分表 - 記錄使用者對客服的評價';
/*!40101 SET character_set_client = @saved_cs_client */;

--
-- Dumping data for table `customer_service_ratings`
--

LOCK TABLES `customer_service_ratings` WRITE;
/*!40000 ALTER TABLE `customer_service_ratings` DISABLE KEYS */;
INSERT INTO `customer_service_ratings` VALUES (1,83,5,3,5,'GOOD','2025-11-05 05:29:26'),(2,84,5,3,5,'GOOD','2025-11-05 05:30:06'),(3,85,5,3,5,'GOOD','2025-11-05 05:32:01'),(4,86,5,3,5,'讚讚讚','2025-11-05 05:37:36'),(5,88,5,3,5,'HI','2025-11-05 05:40:41'),(6,89,5,3,5,'GOOD','2025-11-05 05:41:38'),(7,90,5,3,5,'GOOD','2025-11-05 06:08:33'),(8,91,5,3,5,'很好','2025-11-06 02:01:39'),(9,93,5,3,5,'good','2025-11-06 02:27:34'),(10,94,5,3,5,'good','2025-11-06 02:43:48'),(11,95,5,3,5,'','2025-11-06 03:00:29'),(12,96,5,3,5,'讚\n','2025-11-07 23:20:51'),(13,97,5,3,5,'讚\n','2025-11-07 23:58:32'),(14,98,5,3,5,'','2025-11-08 00:08:42'),(15,99,5,3,5,'','2025-11-08 00:09:08'),(16,100,5,3,5,'','2025-11-10 01:14:57'),(17,103,5,3,5,'good','2025-11-10 02:07:12'),(18,104,5,3,5,'','2025-11-10 04:31:00'),(19,105,5,3,5,'讚讚','2025-11-10 17:38:08'),(20,106,5,3,5,'讚','2025-11-10 17:44:27'),(21,107,5,3,5,'','2025-11-10 17:52:37'),(22,108,5,3,5,'棒','2025-11-10 17:58:02'),(23,109,5,3,5,'讚','2025-11-11 10:57:23');
/*!40000 ALTER TABLE `customer_service_ratings` ENABLE KEYS */;
UNLOCK TABLES;

--
-- Table structure for table `customer_service_rooms`
--

DROP TABLE IF EXISTS `customer_service_rooms`;
/*!40101 SET @saved_cs_client     = @@character_set_client */;
/*!50503 SET character_set_client = utf8mb4 */;
CREATE TABLE `customer_service_rooms` (
  `id` int NOT NULL AUTO_INCREMENT,
  `user_id` int NOT NULL,
  `agent_id` int DEFAULT NULL,
  `status` enum('waiting','active','closed') COLLATE utf8mb4_unicode_ci DEFAULT 'waiting',
  `priority` enum('low','medium','high') COLLATE utf8mb4_unicode_ci DEFAULT 'medium',
  `subject` varchar(255) COLLATE utf8mb4_unicode_ci DEFAULT NULL,
  `source` enum('direct','ai_transfer') COLLATE utf8mb4_unicode_ci DEFAULT 'direct',
  `ai_chat_room_id` int DEFAULT NULL,
  `transfer_context` text COLLATE utf8mb4_unicode_ci,
  `created_at` timestamp NULL DEFAULT CURRENT_TIMESTAMP,
  `updated_at` timestamp NULL DEFAULT CURRENT_TIMESTAMP ON UPDATE CURRENT_TIMESTAMP,
  `closed_at` timestamp NULL DEFAULT NULL,
  PRIMARY KEY (`id`),
  KEY `idx_user_id` (`user_id`),
  KEY `idx_agent_id` (`agent_id`),
  KEY `idx_status` (`status`),
  KEY `idx_source` (`source`),
  KEY `fk_cs_rooms_ai_room` (`ai_chat_room_id`),
  CONSTRAINT `fk_cs_rooms_agent` FOREIGN KEY (`agent_id`) REFERENCES `users` (`id`) ON DELETE SET NULL,
  CONSTRAINT `fk_cs_rooms_ai_room` FOREIGN KEY (`ai_chat_room_id`) REFERENCES `ai_chat_rooms` (`id`) ON DELETE SET NULL,
  CONSTRAINT `fk_cs_rooms_user` FOREIGN KEY (`user_id`) REFERENCES `users` (`id`) ON DELETE CASCADE
) ENGINE=InnoDB AUTO_INCREMENT=110 DEFAULT CHARSET=utf8mb4 COLLATE=utf8mb4_unicode_ci COMMENT='1v1客服聊天室 - 支援直接諮詢與AI轉接';
/*!40101 SET character_set_client = @saved_cs_client */;

--
-- Dumping data for table `customer_service_rooms`
--

LOCK TABLES `customer_service_rooms` WRITE;
/*!40000 ALTER TABLE `customer_service_rooms` DISABLE KEYS */;
INSERT INTO `customer_service_rooms` VALUES (1,5,3,'closed','medium','一般諮詢','direct',NULL,NULL,'2025-10-30 06:31:32','2025-10-30 14:06:31','2025-10-30 14:05:38'),(2,3,3,'closed','medium','一般諮詢','direct',NULL,NULL,'2025-10-30 06:46:19','2025-10-31 05:11:12','2025-10-31 05:11:12'),(3,5,3,'closed','medium','一般諮詢','direct',NULL,NULL,'2025-10-30 14:09:45','2025-10-30 14:10:39','2025-10-30 14:10:39'),(4,5,3,'closed','medium','一般諮詢','direct',NULL,NULL,'2025-10-30 14:10:43','2025-10-30 14:37:06','2025-10-30 14:31:02'),(5,5,3,'closed','medium','一般諮詢','direct',NULL,NULL,'2025-10-30 14:35:15','2025-10-31 05:11:47','2025-10-31 05:10:06'),(6,5,3,'closed','medium','一般諮詢','direct',NULL,NULL,'2025-10-31 05:17:37','2025-10-31 05:20:12','2025-10-31 05:20:06'),(7,5,3,'closed','medium','一般諮詢','direct',NULL,NULL,'2025-10-31 05:30:42','2025-10-31 05:34:15','2025-10-31 05:32:12'),(8,5,3,'closed','medium','一般諮詢','direct',NULL,NULL,'2025-10-31 05:37:46','2025-10-31 05:38:16','2025-10-31 05:38:16'),(9,5,3,'closed','medium','一般諮詢','direct',NULL,NULL,'2025-10-31 05:38:23','2025-10-31 05:39:08','2025-10-31 05:39:06'),(10,5,3,'closed','medium','一般諮詢','direct',NULL,NULL,'2025-10-31 05:39:58','2025-10-31 05:49:58','2025-10-31 05:49:39'),(11,5,3,'closed','medium','一般諮詢','direct',NULL,NULL,'2025-10-31 05:49:58','2025-10-31 05:50:32','2025-10-31 05:50:21'),(12,5,3,'closed','medium','一般諮詢','direct',NULL,NULL,'2025-10-31 05:50:32','2025-10-31 05:51:39','2025-10-31 05:51:01'),(13,5,3,'closed','medium','一般諮詢','direct',NULL,NULL,'2025-10-31 05:51:39','2025-10-31 05:55:24','2025-10-31 05:55:24'),(14,5,3,'closed','medium','一般諮詢','direct',NULL,NULL,'2025-10-31 05:55:29','2025-10-31 05:56:08','2025-10-31 05:56:08'),(15,5,3,'closed','medium','一般諮詢','direct',NULL,NULL,'2025-10-31 05:56:16','2025-10-31 05:56:32','2025-10-31 05:56:32'),(16,5,3,'closed','medium','一般諮詢','direct',NULL,NULL,'2025-10-31 05:56:34','2025-10-31 05:56:46','2025-10-31 05:56:46'),(17,5,3,'closed','medium','一般諮詢','direct',NULL,NULL,'2025-10-31 05:56:49','2025-10-31 05:58:25','2025-10-31 05:57:39'),(18,5,3,'closed','medium','一般諮詢','direct',NULL,NULL,'2025-10-31 06:10:26','2025-10-31 06:11:30','2025-10-31 06:11:30'),(19,5,3,'closed','medium','一般諮詢','direct',NULL,NULL,'2025-10-31 06:11:33','2025-10-31 06:11:44','2025-10-31 06:11:44'),(20,5,3,'closed','medium','一般諮詢','direct',NULL,NULL,'2025-10-31 06:11:45','2025-10-31 06:12:03','2025-10-31 06:12:03'),(21,5,3,'closed','medium','一般諮詢','direct',NULL,NULL,'2025-10-31 06:29:26','2025-10-31 06:30:06','2025-10-31 06:30:06'),(22,5,3,'closed','medium','一般諮詢','direct',NULL,NULL,'2025-10-31 06:30:13','2025-10-31 06:31:08','2025-10-31 06:31:08'),(23,5,3,'closed','medium','一般諮詢','direct',NULL,NULL,'2025-11-02 13:12:09','2025-11-02 13:12:51','2025-11-02 13:12:51'),(24,5,3,'closed','medium','一般諮詢','direct',NULL,NULL,'2025-11-02 13:12:56','2025-11-02 13:13:06','2025-11-02 13:13:06'),(25,5,3,'closed','medium','一般諮詢','direct',NULL,NULL,'2025-11-02 13:13:20','2025-11-02 13:13:33','2025-11-02 13:13:33'),(26,5,3,'closed','medium','AI 轉人工','ai_transfer',1,'【從 AI 客服轉接】\n\n對話記錄:\n\n[1] 2025/11/2 下午9:50:16\n使用者: 1+1等於多少\nAI: 這是一個簡單的數學問題！答案是 2。\n\n---\n\n[2] 2025/11/2 下午9:50:39\n使用者: 轉人工\nAI: 因為您的問題很簡單，我們可以直接回答。但若您有其他更複雜或需要更多細節的問題，請放心轉接給我們的人工客服，我們會盡力幫助您！如果您想進行行程規劃、景點推薦或訂單查詢等旅遊相關事項，也歡迎轉接給我們的人工客服。','2025-11-02 13:50:52','2025-11-02 13:58:52','2025-11-02 13:58:52'),(28,5,3,'closed','medium','AI 轉人工','ai_transfer',1,'【從 AI 客服轉接】\n\n對話記錄:\n\n[1] 2025/11/2 下午9:50:16\n使用者: 1+1等於多少\nAI: 這是一個簡單的數學問題！答案是 2。\n\n---\n\n[2] 2025/11/2 下午9:50:39\n使用者: 轉人工\nAI: 因為您的問題很簡單，我們可以直接回答。但若您有其他更複雜或需要更多細節的問題，請放心轉接給我們的人工客服，我們會盡力幫助您！如果您想進行行程規劃、景點推薦或訂單查詢等旅遊相關事項，也歡迎轉接給我們的人工客服。','2025-11-02 13:51:07','2025-11-02 13:58:56','2025-11-02 13:58:56'),(30,5,3,'closed','medium','AI 轉人工','ai_transfer',1,'【從 AI 客服轉接】\n\n對話記錄:\n\n[1] 2025/11/2 下午9:50:16\n使用者: 1+1等於多少\nAI: 這是一個簡單的數學問題！答案是 2。\n\n---\n\n[2] 2025/11/2 下午9:50:39\n使用者: 轉人工\nAI: 因為您的問題很簡單，我們可以直接回答。但若您有其他更複雜或需要更多細節的問題，請放心轉接給我們的人工客服，我們會盡力幫助您！如果您想進行行程規劃、景點推薦或訂單查詢等旅遊相關事項，也歡迎轉接給我們的人工客服。\n\n---\n\n[3] 2025/11/2 下午9:59:17\n使用者: 你好\nAI: 你好！我是 SailoTravel 旅遊平台的 AI 客服助手，很高興能夠幫助您！您需要什麼幫助或者想要知道哪些資訊？','2025-11-02 13:59:29','2025-11-02 14:03:54','2025-11-02 14:03:54'),(32,5,3,'closed','medium','AI 轉人工','ai_transfer',NULL,'【從 AI 客服轉接】\n\n對話記錄:\n\n[1] 2025/11/2 下午9:50:16\n使用者: 1+1等於多少\nAI: 這是一個簡單的數學問題！答案是 2。\n\n---\n\n[2] 2025/11/2 下午9:50:39\n使用者: 轉人工\nAI: 因為您的問題很簡單，我們可以直接回答。但若您有其他更複雜或需要更多細節的問題，請放心轉接給我們的人工客服，我們會盡力幫助您！如果您想進行行程規劃、景點推薦或訂單查詢等旅遊相關事項，也歡迎轉接給我們的人工客服。\n\n---\n\n[3] 2025/11/2 下午9:59:17\n使用者: 你好\nAI: 你好！我是 SailoTravel 旅遊平台的 AI 客服助手，很高興能夠幫助您！您需要什麼幫助或者想要知道哪些資訊？\n\n---\n\n[4] 2025/11/2 下午10:04:00\n使用者: 你好\nAI: 哈哈! 你好！我們又說了一次。還是無所事事嗎？想聊天或是尋找旅遊信息？','2025-11-02 14:04:06','2025-11-02 14:08:20','2025-11-02 14:08:20'),(34,5,3,'closed','medium','AI 轉人工','ai_transfer',1,'【從 AI 客服轉接】\n\n對話記錄:\n\n[1] 2025/11/2 下午9:50:16\n使用者: 1+1等於多少\nAI: 這是一個簡單的數學問題！答案是 2。\n\n---\n\n[2] 2025/11/2 下午9:50:39\n使用者: 轉人工\nAI: 因為您的問題很簡單，我們可以直接回答。但若您有其他更複雜或需要更多細節的問題，請放心轉接給我們的人工客服，我們會盡力幫助您！如果您想進行行程規劃、景點推薦或訂單查詢等旅遊相關事項，也歡迎轉接給我們的人工客服。\n\n---\n\n[3] 2025/11/2 下午9:59:17\n使用者: 你好\nAI: 你好！我是 SailoTravel 旅遊平台的 AI 客服助手，很高興能夠幫助您！您需要什麼幫助或者想要知道哪些資訊？\n\n---\n\n[4] 2025/11/2 下午10:04:00\n使用者: 你好\nAI: 哈哈! 你好！我們又說了一次。還是無所事事嗎？想聊天或是尋找旅遊信息？\n\n---\n\n[5] 2025/11/2 下午10:08:29\n使用者: 1+1等於多少\nAI: 這個我已經回答過囉！答案仍然是 2。有沒有其他問題想要問我呢？','2025-11-02 14:08:38','2025-11-02 14:12:04','2025-11-02 14:12:04'),(35,5,3,'closed','medium','AI 轉人工','ai_transfer',1,'【從 AI 客服轉接】\n\n對話記錄:\n\n[1] 2025/11/2 下午9:50:16\n使用者: 1+1等於多少\nAI: 這是一個簡單的數學問題！答案是 2。\n\n---\n\n[2] 2025/11/2 下午9:50:39\n使用者: 轉人工\nAI: 因為您的問題很簡單，我們可以直接回答。但若您有其他更複雜或需要更多細節的問題，請放心轉接給我們的人工客服，我們會盡力幫助您！如果您想進行行程規劃、景點推薦或訂單查詢等旅遊相關事項，也歡迎轉接給我們的人工客服。\n\n---\n\n[3] 2025/11/2 下午9:59:17\n使用者: 你好\nAI: 你好！我是 SailoTravel 旅遊平台的 AI 客服助手，很高興能夠幫助您！您需要什麼幫助或者想要知道哪些資訊？\n\n---\n\n[4] 2025/11/2 下午10:04:00\n使用者: 你好\nAI: 哈哈! 你好！我們又說了一次。還是無所事事嗎？想聊天或是尋找旅遊信息？\n\n---\n\n[5] 2025/11/2 下午10:08:29\n使用者: 1+1等於多少\nAI: 這個我已經回答過囉！答案仍然是 2。有沒有其他問題想要問我呢？\n\n---\n\n[6] 2025/11/2 下午10:12:16\n使用者: 1+1等於多少\nAI: 你又問了！答案是 2。想知道什麼其他東西嗎？\n\n---\n\n[7] 2025/11/2 下午10:12:24\n使用者: 轉人工\nAI: 因為您已經多次詢問了相同的問題，我們建議您轉接給我們的人工客服，讓他們能夠更好地幫助您！您可以在 SailoTravel 平台中找到「客服中心」的連結，或者直接與我們聯繫。','2025-11-02 14:12:25','2025-11-02 14:13:53','2025-11-02 14:13:53'),(36,5,3,'closed','medium','AI 轉人工','ai_transfer',1,'【從 AI 客服轉接】\n\n對話記錄:\n\n[1] 2025/11/2 下午9:50:16\n使用者: 1+1等於多少\nAI: 這是一個簡單的數學問題！答案是 2。\n\n---\n\n[2] 2025/11/2 下午9:50:39\n使用者: 轉人工\nAI: 因為您的問題很簡單，我們可以直接回答。但若您有其他更複雜或需要更多細節的問題，請放心轉接給我們的人工客服，我們會盡力幫助您！如果您想進行行程規劃、景點推薦或訂單查詢等旅遊相關事項，也歡迎轉接給我們的人工客服。\n\n---\n\n[3] 2025/11/2 下午9:59:17\n使用者: 你好\nAI: 你好！我是 SailoTravel 旅遊平台的 AI 客服助手，很高興能夠幫助您！您需要什麼幫助或者想要知道哪些資訊？\n\n---\n\n[4] 2025/11/2 下午10:04:00\n使用者: 你好\nAI: 哈哈! 你好！我們又說了一次。還是無所事事嗎？想聊天或是尋找旅遊信息？\n\n---\n\n[5] 2025/11/2 下午10:08:29\n使用者: 1+1等於多少\nAI: 這個我已經回答過囉！答案仍然是 2。有沒有其他問題想要問我呢？\n\n---\n\n[6] 2025/11/2 下午10:12:16\n使用者: 1+1等於多少\nAI: 你又問了！答案是 2。想知道什麼其他東西嗎？\n\n---\n\n[7] 2025/11/2 下午10:12:24\n使用者: 轉人工\nAI: 因為您已經多次詢問了相同的問題，我們建議您轉接給我們的人工客服，讓他們能夠更好地幫助您！您可以在 SailoTravel 平台中找到「客服中心」的連結，或者直接與我們聯繫。\n\n---\n\n[8] 2025/11/2 下午10:19:31\n使用者: 轉人工\nAI: 好的！您的需求已經被轉介給我們的人工客服了，他們會盡力幫助您解決問題和回答您的一切疑問。謝謝使用 SailoTravel 旅遊平台，祝您旅遊愉快！','2025-11-02 14:19:32','2025-11-02 14:20:01','2025-11-02 14:20:01'),(37,5,3,'closed','medium','AI 轉人工','ai_transfer',1,'【從 AI 客服轉接】\n\n對話記錄:\n\n[1] 2025/11/2 下午9:50:16\n使用者: 1+1等於多少\nAI: 這是一個簡單的數學問題！答案是 2。\n\n---\n\n[2] 2025/11/2 下午9:50:39\n使用者: 轉人工\nAI: 因為您的問題很簡單，我們可以直接回答。但若您有其他更複雜或需要更多細節的問題，請放心轉接給我們的人工客服，我們會盡力幫助您！如果您想進行行程規劃、景點推薦或訂單查詢等旅遊相關事項，也歡迎轉接給我們的人工客服。\n\n---\n\n[3] 2025/11/2 下午9:59:17\n使用者: 你好\nAI: 你好！我是 SailoTravel 旅遊平台的 AI 客服助手，很高興能夠幫助您！您需要什麼幫助或者想要知道哪些資訊？\n\n---\n\n[4] 2025/11/2 下午10:04:00\n使用者: 你好\nAI: 哈哈! 你好！我們又說了一次。還是無所事事嗎？想聊天或是尋找旅遊信息？\n\n---\n\n[5] 2025/11/2 下午10:08:29\n使用者: 1+1等於多少\nAI: 這個我已經回答過囉！答案仍然是 2。有沒有其他問題想要問我呢？\n\n---\n\n[6] 2025/11/2 下午10:12:16\n使用者: 1+1等於多少\nAI: 你又問了！答案是 2。想知道什麼其他東西嗎？\n\n---\n\n[7] 2025/11/2 下午10:12:24\n使用者: 轉人工\nAI: 因為您已經多次詢問了相同的問題，我們建議您轉接給我們的人工客服，讓他們能夠更好地幫助您！您可以在 SailoTravel 平台中找到「客服中心」的連結，或者直接與我們聯繫。\n\n---\n\n[8] 2025/11/2 下午10:19:31\n使用者: 轉人工\nAI: 好的！您的需求已經被轉介給我們的人工客服了，他們會盡力幫助您解決問題和回答您的一切疑問。謝謝使用 SailoTravel 旅遊平台，祝您旅遊愉快！\n\n---\n\n[9] 2025/11/2 下午10:20:07\n使用者: 人工\nAI: 您的問題已經轉介給我們的人工客服了，他們會很快與您聯繫，以便幫助您解決問題和回答您的一切疑問。謝謝使用 SailoTravel 旅遊平台，祝您旅遊愉快！','2025-11-02 14:20:07','2025-11-02 14:20:43','2025-11-02 14:20:43'),(38,5,3,'closed','medium','一般諮詢','direct',NULL,NULL,'2025-11-02 14:20:48','2025-11-02 14:21:34','2025-11-02 14:21:34'),(39,5,3,'closed','medium','AI 轉人工','ai_transfer',1,'【從 AI 客服轉接】\n\n對話記錄:\n\n[1] 2025/11/2 下午9:50:16\n使用者: 1+1等於多少\nAI: 這是一個簡單的數學問題！答案是 2。\n\n---\n\n[2] 2025/11/2 下午9:50:39\n使用者: 轉人工\nAI: 因為您的問題很簡單，我們可以直接回答。但若您有其他更複雜或需要更多細節的問題，請放心轉接給我們的人工客服，我們會盡力幫助您！如果您想進行行程規劃、景點推薦或訂單查詢等旅遊相關事項，也歡迎轉接給我們的人工客服。\n\n---\n\n[3] 2025/11/2 下午9:59:17\n使用者: 你好\nAI: 你好！我是 SailoTravel 旅遊平台的 AI 客服助手，很高興能夠幫助您！您需要什麼幫助或者想要知道哪些資訊？\n\n---\n\n[4] 2025/11/2 下午10:04:00\n使用者: 你好\nAI: 哈哈! 你好！我們又說了一次。還是無所事事嗎？想聊天或是尋找旅遊信息？\n\n---\n\n[5] 2025/11/2 下午10:08:29\n使用者: 1+1等於多少\nAI: 這個我已經回答過囉！答案仍然是 2。有沒有其他問題想要問我呢？\n\n---\n\n[6] 2025/11/2 下午10:12:16\n使用者: 1+1等於多少\nAI: 你又問了！答案是 2。想知道什麼其他東西嗎？\n\n---\n\n[7] 2025/11/2 下午10:12:24\n使用者: 轉人工\nAI: 因為您已經多次詢問了相同的問題，我們建議您轉接給我們的人工客服，讓他們能夠更好地幫助您！您可以在 SailoTravel 平台中找到「客服中心」的連結，或者直接與我們聯繫。\n\n---\n\n[8] 2025/11/2 下午10:19:31\n使用者: 轉人工\nAI: 好的！您的需求已經被轉介給我們的人工客服了，他們會盡力幫助您解決問題和回答您的一切疑問。謝謝使用 SailoTravel 旅遊平台，祝您旅遊愉快！\n\n---\n\n[9] 2025/11/2 下午10:20:07\n使用者: 人工\nAI: 您的問題已經轉介給我們的人工客服了，他們會很快與您聯繫，以便幫助您解決問題和回答您的一切疑問。謝謝使用 SailoTravel 旅遊平台，祝您旅遊愉快！\n\n---\n\n[10] 2025/11/2 下午10:23:16\n使用者: 人工\nAI: 等一下! 您已經轉介給了人工客服囉! 他們正在幫助您處理問題。如果您有什麼新的要求或疑問，歡迎再與我聯繫，我會盡力協助您。','2025-11-02 14:23:17','2025-11-02 14:35:56','2025-11-02 14:35:56'),(40,5,3,'closed','medium','AI 轉人工','ai_transfer',1,'【從 AI 客服轉接】\n\n對話記錄:\n\n[1] 2025/11/2 下午9:50:16\n使用者: 1+1等於多少\nAI: 這是一個簡單的數學問題！答案是 2。\n\n---\n\n[2] 2025/11/2 下午9:50:39\n使用者: 轉人工\nAI: 因為您的問題很簡單，我們可以直接回答。但若您有其他更複雜或需要更多細節的問題，請放心轉接給我們的人工客服，我們會盡力幫助您！如果您想進行行程規劃、景點推薦或訂單查詢等旅遊相關事項，也歡迎轉接給我們的人工客服。\n\n---\n\n[3] 2025/11/2 下午9:59:17\n使用者: 你好\nAI: 你好！我是 SailoTravel 旅遊平台的 AI 客服助手，很高興能夠幫助您！您需要什麼幫助或者想要知道哪些資訊？\n\n---\n\n[4] 2025/11/2 下午10:04:00\n使用者: 你好\nAI: 哈哈! 你好！我們又說了一次。還是無所事事嗎？想聊天或是尋找旅遊信息？\n\n---\n\n[5] 2025/11/2 下午10:08:29\n使用者: 1+1等於多少\nAI: 這個我已經回答過囉！答案仍然是 2。有沒有其他問題想要問我呢？\n\n---\n\n[6] 2025/11/2 下午10:12:16\n使用者: 1+1等於多少\nAI: 你又問了！答案是 2。想知道什麼其他東西嗎？\n\n---\n\n[7] 2025/11/2 下午10:12:24\n使用者: 轉人工\nAI: 因為您已經多次詢問了相同的問題，我們建議您轉接給我們的人工客服，讓他們能夠更好地幫助您！您可以在 SailoTravel 平台中找到「客服中心」的連結，或者直接與我們聯繫。\n\n---\n\n[8] 2025/11/2 下午10:19:31\n使用者: 轉人工\nAI: 好的！您的需求已經被轉介給我們的人工客服了，他們會盡力幫助您解決問題和回答您的一切疑問。謝謝使用 SailoTravel 旅遊平台，祝您旅遊愉快！\n\n---\n\n[9] 2025/11/2 下午10:20:07\n使用者: 人工\nAI: 您的問題已經轉介給我們的人工客服了，他們會很快與您聯繫，以便幫助您解決問題和回答您的一切疑問。謝謝使用 SailoTravel 旅遊平台，祝您旅遊愉快！\n\n---\n\n[10] 2025/11/2 下午10:23:16\n使用者: 人工\nAI: 等一下! 您已經轉介給了人工客服囉! 他們正在幫助您處理問題。如果您有什麼新的要求或疑問，歡迎再與我聯繫，我會盡力協助您。\n\n---\n\n[11] 2025/11/2 下午10:36:06\n使用者: 1+1\nAI: 我們已經聊過這個題目了！答案是 2。人工客服正在幫助您嗎？還需要我的幫助嗎？','2025-11-02 14:36:07','2025-11-02 14:41:48','2025-11-02 14:41:48'),(41,5,3,'closed','medium','AI 轉人工','ai_transfer',1,'【從 AI 客服轉接】\n\n對話記錄:\n\n[1] 2025/11/2 下午9:50:16\n使用者: 1+1等於多少\nAI: 這是一個簡單的數學問題！答案是 2。\n\n---\n\n[2] 2025/11/2 下午9:50:39\n使用者: 轉人工\nAI: 因為您的問題很簡單，我們可以直接回答。但若您有其他更複雜或需要更多細節的問題，請放心轉接給我們的人工客服，我們會盡力幫助您！如果您想進行行程規劃、景點推薦或訂單查詢等旅遊相關事項，也歡迎轉接給我們的人工客服。\n\n---\n\n[3] 2025/11/2 下午9:59:17\n使用者: 你好\nAI: 你好！我是 SailoTravel 旅遊平台的 AI 客服助手，很高興能夠幫助您！您需要什麼幫助或者想要知道哪些資訊？\n\n---\n\n[4] 2025/11/2 下午10:04:00\n使用者: 你好\nAI: 哈哈! 你好！我們又說了一次。還是無所事事嗎？想聊天或是尋找旅遊信息？\n\n---\n\n[5] 2025/11/2 下午10:08:29\n使用者: 1+1等於多少\nAI: 這個我已經回答過囉！答案仍然是 2。有沒有其他問題想要問我呢？\n\n---\n\n[6] 2025/11/2 下午10:12:16\n使用者: 1+1等於多少\nAI: 你又問了！答案是 2。想知道什麼其他東西嗎？\n\n---\n\n[7] 2025/11/2 下午10:12:24\n使用者: 轉人工\nAI: 因為您已經多次詢問了相同的問題，我們建議您轉接給我們的人工客服，讓他們能夠更好地幫助您！您可以在 SailoTravel 平台中找到「客服中心」的連結，或者直接與我們聯繫。\n\n---\n\n[8] 2025/11/2 下午10:19:31\n使用者: 轉人工\nAI: 好的！您的需求已經被轉介給我們的人工客服了，他們會盡力幫助您解決問題和回答您的一切疑問。謝謝使用 SailoTravel 旅遊平台，祝您旅遊愉快！\n\n---\n\n[9] 2025/11/2 下午10:20:07\n使用者: 人工\nAI: 您的問題已經轉介給我們的人工客服了，他們會很快與您聯繫，以便幫助您解決問題和回答您的一切疑問。謝謝使用 SailoTravel 旅遊平台，祝您旅遊愉快！\n\n---\n\n[10] 2025/11/2 下午10:23:16\n使用者: 人工\nAI: 等一下! 您已經轉介給了人工客服囉! 他們正在幫助您處理問題。如果您有什麼新的要求或疑問，歡迎再與我聯繫，我會盡力協助您。\n\n---\n\n[11] 2025/11/2 下午10:36:06\n使用者: 1+1\nAI: 我們已經聊過這個題目了！答案是 2。人工客服正在幫助您嗎？還需要我的幫助嗎？\n\n---\n\n[12] 2025/11/2 下午10:42:05\n使用者: 2+2\nAI: 不用再問我囉！答案依然是 4。人工客服正在處理您的問題，請繼續等待他们的回覆。','2025-11-02 14:42:06','2025-11-02 14:43:51','2025-11-02 14:43:51'),(42,5,3,'closed','medium','AI 轉人工','ai_transfer',1,'【從 AI 客服轉接】\n\n對話記錄:\n\n[1] 2025/11/2 下午9:50:16\n使用者: 1+1等於多少\nAI: 這是一個簡單的數學問題！答案是 2。\n\n---\n\n[2] 2025/11/2 下午9:50:39\n使用者: 轉人工\nAI: 因為您的問題很簡單，我們可以直接回答。但若您有其他更複雜或需要更多細節的問題，請放心轉接給我們的人工客服，我們會盡力幫助您！如果您想進行行程規劃、景點推薦或訂單查詢等旅遊相關事項，也歡迎轉接給我們的人工客服。\n\n---\n\n[3] 2025/11/2 下午9:59:17\n使用者: 你好\nAI: 你好！我是 SailoTravel 旅遊平台的 AI 客服助手，很高興能夠幫助您！您需要什麼幫助或者想要知道哪些資訊？\n\n---\n\n[4] 2025/11/2 下午10:04:00\n使用者: 你好\nAI: 哈哈! 你好！我們又說了一次。還是無所事事嗎？想聊天或是尋找旅遊信息？\n\n---\n\n[5] 2025/11/2 下午10:08:29\n使用者: 1+1等於多少\nAI: 這個我已經回答過囉！答案仍然是 2。有沒有其他問題想要問我呢？\n\n---\n\n[6] 2025/11/2 下午10:12:16\n使用者: 1+1等於多少\nAI: 你又問了！答案是 2。想知道什麼其他東西嗎？\n\n---\n\n[7] 2025/11/2 下午10:12:24\n使用者: 轉人工\nAI: 因為您已經多次詢問了相同的問題，我們建議您轉接給我們的人工客服，讓他們能夠更好地幫助您！您可以在 SailoTravel 平台中找到「客服中心」的連結，或者直接與我們聯繫。\n\n---\n\n[8] 2025/11/2 下午10:19:31\n使用者: 轉人工\nAI: 好的！您的需求已經被轉介給我們的人工客服了，他們會盡力幫助您解決問題和回答您的一切疑問。謝謝使用 SailoTravel 旅遊平台，祝您旅遊愉快！\n\n---\n\n[9] 2025/11/2 下午10:20:07\n使用者: 人工\nAI: 您的問題已經轉介給我們的人工客服了，他們會很快與您聯繫，以便幫助您解決問題和回答您的一切疑問。謝謝使用 SailoTravel 旅遊平台，祝您旅遊愉快！\n\n---\n\n[10] 2025/11/2 下午10:23:16\n使用者: 人工\nAI: 等一下! 您已經轉介給了人工客服囉! 他們正在幫助您處理問題。如果您有什麼新的要求或疑問，歡迎再與我聯繫，我會盡力協助您。\n\n---\n\n[11] 2025/11/2 下午10:36:06\n使用者: 1+1\nAI: 我們已經聊過這個題目了！答案是 2。人工客服正在幫助您嗎？還需要我的幫助嗎？\n\n---\n\n[12] 2025/11/2 下午10:42:05\n使用者: 2+2\nAI: 不用再問我囉！答案依然是 4。人工客服正在處理您的問題，請繼續等待他们的回覆。\n\n---\n\n[13] 2025/11/2 下午10:44:00\n使用者: 你好\nAI: 你還在這邊！看來您需要一點休息吧。人工客服仍在幫助您處理問題。如果有任何新的需求或疑問，您可以再與我聯繫，我會盡力協助您。','2025-11-02 14:44:01','2025-11-02 14:45:47','2025-11-02 14:45:47'),(43,5,3,'closed','medium','AI 轉人工','ai_transfer',1,'【從 AI 客服轉接】\n\n對話記錄:\n\n[1] 2025/11/2 下午9:50:16\n使用者: 1+1等於多少\nAI: 這是一個簡單的數學問題！答案是 2。\n\n---\n\n[2] 2025/11/2 下午9:50:39\n使用者: 轉人工\nAI: 因為您的問題很簡單，我們可以直接回答。但若您有其他更複雜或需要更多細節的問題，請放心轉接給我們的人工客服，我們會盡力幫助您！如果您想進行行程規劃、景點推薦或訂單查詢等旅遊相關事項，也歡迎轉接給我們的人工客服。\n\n---\n\n[3] 2025/11/2 下午9:59:17\n使用者: 你好\nAI: 你好！我是 SailoTravel 旅遊平台的 AI 客服助手，很高興能夠幫助您！您需要什麼幫助或者想要知道哪些資訊？\n\n---\n\n[4] 2025/11/2 下午10:04:00\n使用者: 你好\nAI: 哈哈! 你好！我們又說了一次。還是無所事事嗎？想聊天或是尋找旅遊信息？\n\n---\n\n[5] 2025/11/2 下午10:08:29\n使用者: 1+1等於多少\nAI: 這個我已經回答過囉！答案仍然是 2。有沒有其他問題想要問我呢？\n\n---\n\n[6] 2025/11/2 下午10:12:16\n使用者: 1+1等於多少\nAI: 你又問了！答案是 2。想知道什麼其他東西嗎？\n\n---\n\n[7] 2025/11/2 下午10:12:24\n使用者: 轉人工\nAI: 因為您已經多次詢問了相同的問題，我們建議您轉接給我們的人工客服，讓他們能夠更好地幫助您！您可以在 SailoTravel 平台中找到「客服中心」的連結，或者直接與我們聯繫。\n\n---\n\n[8] 2025/11/2 下午10:19:31\n使用者: 轉人工\nAI: 好的！您的需求已經被轉介給我們的人工客服了，他們會盡力幫助您解決問題和回答您的一切疑問。謝謝使用 SailoTravel 旅遊平台，祝您旅遊愉快！\n\n---\n\n[9] 2025/11/2 下午10:20:07\n使用者: 人工\nAI: 您的問題已經轉介給我們的人工客服了，他們會很快與您聯繫，以便幫助您解決問題和回答您的一切疑問。謝謝使用 SailoTravel 旅遊平台，祝您旅遊愉快！\n\n---\n\n[10] 2025/11/2 下午10:23:16\n使用者: 人工\nAI: 等一下! 您已經轉介給了人工客服囉! 他們正在幫助您處理問題。如果您有什麼新的要求或疑問，歡迎再與我聯繫，我會盡力協助您。\n\n---\n\n[11] 2025/11/2 下午10:36:06\n使用者: 1+1\nAI: 我們已經聊過這個題目了！答案是 2。人工客服正在幫助您嗎？還需要我的幫助嗎？\n\n---\n\n[12] 2025/11/2 下午10:42:05\n使用者: 2+2\nAI: 不用再問我囉！答案依然是 4。人工客服正在處理您的問題，請繼續等待他们的回覆。\n\n---\n\n[13] 2025/11/2 下午10:44:00\n使用者: 你好\nAI: 你還在這邊！看來您需要一點休息吧。人工客服仍在幫助您處理問題。如果有任何新的需求或疑問，您可以再與我聯繫，我會盡力協助您。\n\n---\n\n[14] 2025/11/2 下午10:46:01\n使用者: 早安\nAI: 早安！希望您今天的旅遊計劃順利進行！如果需要任何幫助或資訊，歡迎再與我聯繫。人工客服也仍在幫助您處理問題。如果您有什麼新要求，請告訴我，我會盡力協助您。','2025-11-02 14:46:02','2025-11-02 14:54:15','2025-11-02 14:54:15'),(44,5,3,'closed','medium','AI 轉人工','ai_transfer',1,'【從 AI 客服轉接】\n\n對話記錄:\n\n[1] 2025/11/2 下午9:50:16\n使用者: 1+1等於多少\nAI: 這是一個簡單的數學問題！答案是 2。\n\n---\n\n[2] 2025/11/2 下午9:50:39\n使用者: 轉人工\nAI: 因為您的問題很簡單，我們可以直接回答。但若您有其他更複雜或需要更多細節的問題，請放心轉接給我們的人工客服，我們會盡力幫助您！如果您想進行行程規劃、景點推薦或訂單查詢等旅遊相關事項，也歡迎轉接給我們的人工客服。\n\n---\n\n[3] 2025/11/2 下午9:59:17\n使用者: 你好\nAI: 你好！我是 SailoTravel 旅遊平台的 AI 客服助手，很高興能夠幫助您！您需要什麼幫助或者想要知道哪些資訊？\n\n---\n\n[4] 2025/11/2 下午10:04:00\n使用者: 你好\nAI: 哈哈! 你好！我們又說了一次。還是無所事事嗎？想聊天或是尋找旅遊信息？\n\n---\n\n[5] 2025/11/2 下午10:08:29\n使用者: 1+1等於多少\nAI: 這個我已經回答過囉！答案仍然是 2。有沒有其他問題想要問我呢？\n\n---\n\n[6] 2025/11/2 下午10:12:16\n使用者: 1+1等於多少\nAI: 你又問了！答案是 2。想知道什麼其他東西嗎？\n\n---\n\n[7] 2025/11/2 下午10:12:24\n使用者: 轉人工\nAI: 因為您已經多次詢問了相同的問題，我們建議您轉接給我們的人工客服，讓他們能夠更好地幫助您！您可以在 SailoTravel 平台中找到「客服中心」的連結，或者直接與我們聯繫。\n\n---\n\n[8] 2025/11/2 下午10:19:31\n使用者: 轉人工\nAI: 好的！您的需求已經被轉介給我們的人工客服了，他們會盡力幫助您解決問題和回答您的一切疑問。謝謝使用 SailoTravel 旅遊平台，祝您旅遊愉快！\n\n---\n\n[9] 2025/11/2 下午10:20:07\n使用者: 人工\nAI: 您的問題已經轉介給我們的人工客服了，他們會很快與您聯繫，以便幫助您解決問題和回答您的一切疑問。謝謝使用 SailoTravel 旅遊平台，祝您旅遊愉快！\n\n---\n\n[10] 2025/11/2 下午10:23:16\n使用者: 人工\nAI: 等一下! 您已經轉介給了人工客服囉! 他們正在幫助您處理問題。如果您有什麼新的要求或疑問，歡迎再與我聯繫，我會盡力協助您。\n\n---\n\n[11] 2025/11/2 下午10:36:06\n使用者: 1+1\nAI: 我們已經聊過這個題目了！答案是 2。人工客服正在幫助您嗎？還需要我的幫助嗎？\n\n---\n\n[12] 2025/11/2 下午10:42:05\n使用者: 2+2\nAI: 不用再問我囉！答案依然是 4。人工客服正在處理您的問題，請繼續等待他们的回覆。\n\n---\n\n[13] 2025/11/2 下午10:44:00\n使用者: 你好\nAI: 你還在這邊！看來您需要一點休息吧。人工客服仍在幫助您處理問題。如果有任何新的需求或疑問，您可以再與我聯繫，我會盡力協助您。\n\n---\n\n[14] 2025/11/2 下午10:46:01\n使用者: 早安\nAI: 早安！希望您今天的旅遊計劃順利進行！如果需要任何幫助或資訊，歡迎再與我聯繫。人工客服也仍在幫助您處理問題。如果您有什麼新要求，請告訴我，我會盡力協助您。\n\n---\n\n[15] 2025/11/2 下午10:54:27\n使用者: 早安\nAI: 您今天的旅遊行程都安排得好嗎？如果需要任何協助或資訊，歡迎再與我聯繫。人工客服還在幫助您處理問題。如果您有什麼新需求，請告訴我，我會盡力幫助您。\n\n---\n\n[16] 2025/11/2 下午10:54:37\n使用者: 轉人工\nAI: 好的！您的要求已經被轉介給我們的人工客服了，他們會盡力幫助您解決問題和回答您的一切疑問。謝謝使用 SailoTravel 旅遊平台，祝您旅遊愉快！','2025-11-02 14:54:37','2025-11-02 14:58:20','2025-11-02 14:58:20'),(45,5,3,'closed','medium','AI 轉人工','ai_transfer',1,'【從 AI 客服轉接】\n\n對話記錄:\n\n[1] 2025/11/2 下午9:50:16\n使用者: 1+1等於多少\nAI: 這是一個簡單的數學問題！答案是 2。\n\n---\n\n[2] 2025/11/2 下午9:50:39\n使用者: 轉人工\nAI: 因為您的問題很簡單，我們可以直接回答。但若您有其他更複雜或需要更多細節的問題，請放心轉接給我們的人工客服，我們會盡力幫助您！如果您想進行行程規劃、景點推薦或訂單查詢等旅遊相關事項，也歡迎轉接給我們的人工客服。\n\n---\n\n[3] 2025/11/2 下午9:59:17\n使用者: 你好\nAI: 你好！我是 SailoTravel 旅遊平台的 AI 客服助手，很高興能夠幫助您！您需要什麼幫助或者想要知道哪些資訊？\n\n---\n\n[4] 2025/11/2 下午10:04:00\n使用者: 你好\nAI: 哈哈! 你好！我們又說了一次。還是無所事事嗎？想聊天或是尋找旅遊信息？\n\n---\n\n[5] 2025/11/2 下午10:08:29\n使用者: 1+1等於多少\nAI: 這個我已經回答過囉！答案仍然是 2。有沒有其他問題想要問我呢？\n\n---\n\n[6] 2025/11/2 下午10:12:16\n使用者: 1+1等於多少\nAI: 你又問了！答案是 2。想知道什麼其他東西嗎？\n\n---\n\n[7] 2025/11/2 下午10:12:24\n使用者: 轉人工\nAI: 因為您已經多次詢問了相同的問題，我們建議您轉接給我們的人工客服，讓他們能夠更好地幫助您！您可以在 SailoTravel 平台中找到「客服中心」的連結，或者直接與我們聯繫。\n\n---\n\n[8] 2025/11/2 下午10:19:31\n使用者: 轉人工\nAI: 好的！您的需求已經被轉介給我們的人工客服了，他們會盡力幫助您解決問題和回答您的一切疑問。謝謝使用 SailoTravel 旅遊平台，祝您旅遊愉快！\n\n---\n\n[9] 2025/11/2 下午10:20:07\n使用者: 人工\nAI: 您的問題已經轉介給我們的人工客服了，他們會很快與您聯繫，以便幫助您解決問題和回答您的一切疑問。謝謝使用 SailoTravel 旅遊平台，祝您旅遊愉快！\n\n---\n\n[10] 2025/11/2 下午10:23:16\n使用者: 人工\nAI: 等一下! 您已經轉介給了人工客服囉! 他們正在幫助您處理問題。如果您有什麼新的要求或疑問，歡迎再與我聯繫，我會盡力協助您。\n\n---\n\n[11] 2025/11/2 下午10:36:06\n使用者: 1+1\nAI: 我們已經聊過這個題目了！答案是 2。人工客服正在幫助您嗎？還需要我的幫助嗎？\n\n---\n\n[12] 2025/11/2 下午10:42:05\n使用者: 2+2\nAI: 不用再問我囉！答案依然是 4。人工客服正在處理您的問題，請繼續等待他们的回覆。\n\n---\n\n[13] 2025/11/2 下午10:44:00\n使用者: 你好\nAI: 你還在這邊！看來您需要一點休息吧。人工客服仍在幫助您處理問題。如果有任何新的需求或疑問，您可以再與我聯繫，我會盡力協助您。\n\n---\n\n[14] 2025/11/2 下午10:46:01\n使用者: 早安\nAI: 早安！希望您今天的旅遊計劃順利進行！如果需要任何幫助或資訊，歡迎再與我聯繫。人工客服也仍在幫助您處理問題。如果您有什麼新要求，請告訴我，我會盡力協助您。\n\n---\n\n[15] 2025/11/2 下午10:54:27\n使用者: 早安\nAI: 您今天的旅遊行程都安排得好嗎？如果需要任何協助或資訊，歡迎再與我聯繫。人工客服還在幫助您處理問題。如果您有什麼新需求，請告訴我，我會盡力幫助您。\n\n---\n\n[16] 2025/11/2 下午10:54:37\n使用者: 轉人工\nAI: 好的！您的要求已經被轉介給我們的人工客服了，他們會盡力幫助您解決問題和回答您的一切疑問。謝謝使用 SailoTravel 旅遊平台，祝您旅遊愉快！\n\n---\n\n[17] 2025/11/2 下午10:57:04\n使用者: 你好\nAI: 您再次與我聯繫囉！看來人工客服仍在幫助您處理問題。如果有任何新的需求或疑問，您可以再與我聯繫，我會盡力協助您。是否需要我提供額外的幫助？\n\n---\n\n[18] 2025/11/2 下午10:57:11\n使用者: 轉人工\nAI: 好的！您的要求已經被轉介給我們的人工客服了，他們會盡力幫助您解決問題和回答您的一切疑問。謝謝使用 SailoTravel 旅遊平台，祝您旅遊愉快！','2025-11-02 14:57:12','2025-11-02 14:58:35','2025-11-02 14:58:35'),(46,5,3,'closed','medium','AI 轉人工','ai_transfer',1,'【從 AI 客服轉接】\n\n對話記錄:\n\n[1] 2025/11/2 下午9:50:16\n使用者: 1+1等於多少\nAI: 這是一個簡單的數學問題！答案是 2。\n\n---\n\n[2] 2025/11/2 下午9:50:39\n使用者: 轉人工\nAI: 因為您的問題很簡單，我們可以直接回答。但若您有其他更複雜或需要更多細節的問題，請放心轉接給我們的人工客服，我們會盡力幫助您！如果您想進行行程規劃、景點推薦或訂單查詢等旅遊相關事項，也歡迎轉接給我們的人工客服。\n\n---\n\n[3] 2025/11/2 下午9:59:17\n使用者: 你好\nAI: 你好！我是 SailoTravel 旅遊平台的 AI 客服助手，很高興能夠幫助您！您需要什麼幫助或者想要知道哪些資訊？\n\n---\n\n[4] 2025/11/2 下午10:04:00\n使用者: 你好\nAI: 哈哈! 你好！我們又說了一次。還是無所事事嗎？想聊天或是尋找旅遊信息？\n\n---\n\n[5] 2025/11/2 下午10:08:29\n使用者: 1+1等於多少\nAI: 這個我已經回答過囉！答案仍然是 2。有沒有其他問題想要問我呢？\n\n---\n\n[6] 2025/11/2 下午10:12:16\n使用者: 1+1等於多少\nAI: 你又問了！答案是 2。想知道什麼其他東西嗎？\n\n---\n\n[7] 2025/11/2 下午10:12:24\n使用者: 轉人工\nAI: 因為您已經多次詢問了相同的問題，我們建議您轉接給我們的人工客服，讓他們能夠更好地幫助您！您可以在 SailoTravel 平台中找到「客服中心」的連結，或者直接與我們聯繫。\n\n---\n\n[8] 2025/11/2 下午10:19:31\n使用者: 轉人工\nAI: 好的！您的需求已經被轉介給我們的人工客服了，他們會盡力幫助您解決問題和回答您的一切疑問。謝謝使用 SailoTravel 旅遊平台，祝您旅遊愉快！\n\n---\n\n[9] 2025/11/2 下午10:20:07\n使用者: 人工\nAI: 您的問題已經轉介給我們的人工客服了，他們會很快與您聯繫，以便幫助您解決問題和回答您的一切疑問。謝謝使用 SailoTravel 旅遊平台，祝您旅遊愉快！\n\n---\n\n[10] 2025/11/2 下午10:23:16\n使用者: 人工\nAI: 等一下! 您已經轉介給了人工客服囉! 他們正在幫助您處理問題。如果您有什麼新的要求或疑問，歡迎再與我聯繫，我會盡力協助您。\n\n---\n\n[11] 2025/11/2 下午10:36:06\n使用者: 1+1\nAI: 我們已經聊過這個題目了！答案是 2。人工客服正在幫助您嗎？還需要我的幫助嗎？\n\n---\n\n[12] 2025/11/2 下午10:42:05\n使用者: 2+2\nAI: 不用再問我囉！答案依然是 4。人工客服正在處理您的問題，請繼續等待他们的回覆。\n\n---\n\n[13] 2025/11/2 下午10:44:00\n使用者: 你好\nAI: 你還在這邊！看來您需要一點休息吧。人工客服仍在幫助您處理問題。如果有任何新的需求或疑問，您可以再與我聯繫，我會盡力協助您。\n\n---\n\n[14] 2025/11/2 下午10:46:01\n使用者: 早安\nAI: 早安！希望您今天的旅遊計劃順利進行！如果需要任何幫助或資訊，歡迎再與我聯繫。人工客服也仍在幫助您處理問題。如果您有什麼新要求，請告訴我，我會盡力協助您。\n\n---\n\n[15] 2025/11/2 下午10:54:27\n使用者: 早安\nAI: 您今天的旅遊行程都安排得好嗎？如果需要任何協助或資訊，歡迎再與我聯繫。人工客服還在幫助您處理問題。如果您有什麼新需求，請告訴我，我會盡力幫助您。\n\n---\n\n[16] 2025/11/2 下午10:54:37\n使用者: 轉人工\nAI: 好的！您的要求已經被轉介給我們的人工客服了，他們會盡力幫助您解決問題和回答您的一切疑問。謝謝使用 SailoTravel 旅遊平台，祝您旅遊愉快！\n\n---\n\n[17] 2025/11/2 下午10:57:04\n使用者: 你好\nAI: 您再次與我聯繫囉！看來人工客服仍在幫助您處理問題。如果有任何新的需求或疑問，您可以再與我聯繫，我會盡力協助您。是否需要我提供額外的幫助？\n\n---\n\n[18] 2025/11/2 下午10:57:11\n使用者: 轉人工\nAI: 好的！您的要求已經被轉介給我們的人工客服了，他們會盡力幫助您解決問題和回答您的一切疑問。謝謝使用 SailoTravel 旅遊平台，祝您旅遊愉快！\n\n---\n\n[19] 2025/11/2 下午10:58:45\n使用者: 轉人工\nAI: 您的要求已經被轉介給我們的人工客服了，他們會盡力幫助您解決問題和回答您的一切疑問。謝謝使用 SailoTravel 旅遊平台，祝您旅遊愉快！','2025-11-02 14:58:46','2025-11-02 15:00:49','2025-11-02 15:00:49'),(47,5,3,'closed','medium','AI 轉人工','ai_transfer',1,'【從 AI 客服轉接】\n\n對話記錄:\n\n[1] 2025/11/2 下午9:50:16\n使用者: 1+1等於多少\nAI: 這是一個簡單的數學問題！答案是 2。\n\n---\n\n[2] 2025/11/2 下午9:50:39\n使用者: 轉人工\nAI: 因為您的問題很簡單，我們可以直接回答。但若您有其他更複雜或需要更多細節的問題，請放心轉接給我們的人工客服，我們會盡力幫助您！如果您想進行行程規劃、景點推薦或訂單查詢等旅遊相關事項，也歡迎轉接給我們的人工客服。\n\n---\n\n[3] 2025/11/2 下午9:59:17\n使用者: 你好\nAI: 你好！我是 SailoTravel 旅遊平台的 AI 客服助手，很高興能夠幫助您！您需要什麼幫助或者想要知道哪些資訊？\n\n---\n\n[4] 2025/11/2 下午10:04:00\n使用者: 你好\nAI: 哈哈! 你好！我們又說了一次。還是無所事事嗎？想聊天或是尋找旅遊信息？\n\n---\n\n[5] 2025/11/2 下午10:08:29\n使用者: 1+1等於多少\nAI: 這個我已經回答過囉！答案仍然是 2。有沒有其他問題想要問我呢？\n\n---\n\n[6] 2025/11/2 下午10:12:16\n使用者: 1+1等於多少\nAI: 你又問了！答案是 2。想知道什麼其他東西嗎？\n\n---\n\n[7] 2025/11/2 下午10:12:24\n使用者: 轉人工\nAI: 因為您已經多次詢問了相同的問題，我們建議您轉接給我們的人工客服，讓他們能夠更好地幫助您！您可以在 SailoTravel 平台中找到「客服中心」的連結，或者直接與我們聯繫。\n\n---\n\n[8] 2025/11/2 下午10:19:31\n使用者: 轉人工\nAI: 好的！您的需求已經被轉介給我們的人工客服了，他們會盡力幫助您解決問題和回答您的一切疑問。謝謝使用 SailoTravel 旅遊平台，祝您旅遊愉快！\n\n---\n\n[9] 2025/11/2 下午10:20:07\n使用者: 人工\nAI: 您的問題已經轉介給我們的人工客服了，他們會很快與您聯繫，以便幫助您解決問題和回答您的一切疑問。謝謝使用 SailoTravel 旅遊平台，祝您旅遊愉快！\n\n---\n\n[10] 2025/11/2 下午10:23:16\n使用者: 人工\nAI: 等一下! 您已經轉介給了人工客服囉! 他們正在幫助您處理問題。如果您有什麼新的要求或疑問，歡迎再與我聯繫，我會盡力協助您。\n\n---\n\n[11] 2025/11/2 下午10:36:06\n使用者: 1+1\nAI: 我們已經聊過這個題目了！答案是 2。人工客服正在幫助您嗎？還需要我的幫助嗎？\n\n---\n\n[12] 2025/11/2 下午10:42:05\n使用者: 2+2\nAI: 不用再問我囉！答案依然是 4。人工客服正在處理您的問題，請繼續等待他们的回覆。\n\n---\n\n[13] 2025/11/2 下午10:44:00\n使用者: 你好\nAI: 你還在這邊！看來您需要一點休息吧。人工客服仍在幫助您處理問題。如果有任何新的需求或疑問，您可以再與我聯繫，我會盡力協助您。\n\n---\n\n[14] 2025/11/2 下午10:46:01\n使用者: 早安\nAI: 早安！希望您今天的旅遊計劃順利進行！如果需要任何幫助或資訊，歡迎再與我聯繫。人工客服也仍在幫助您處理問題。如果您有什麼新要求，請告訴我，我會盡力協助您。\n\n---\n\n[15] 2025/11/2 下午10:54:27\n使用者: 早安\nAI: 您今天的旅遊行程都安排得好嗎？如果需要任何協助或資訊，歡迎再與我聯繫。人工客服還在幫助您處理問題。如果您有什麼新需求，請告訴我，我會盡力幫助您。\n\n---\n\n[16] 2025/11/2 下午10:54:37\n使用者: 轉人工\nAI: 好的！您的要求已經被轉介給我們的人工客服了，他們會盡力幫助您解決問題和回答您的一切疑問。謝謝使用 SailoTravel 旅遊平台，祝您旅遊愉快！\n\n---\n\n[17] 2025/11/2 下午10:57:04\n使用者: 你好\nAI: 您再次與我聯繫囉！看來人工客服仍在幫助您處理問題。如果有任何新的需求或疑問，您可以再與我聯繫，我會盡力協助您。是否需要我提供額外的幫助？\n\n---\n\n[18] 2025/11/2 下午10:57:11\n使用者: 轉人工\nAI: 好的！您的要求已經被轉介給我們的人工客服了，他們會盡力幫助您解決問題和回答您的一切疑問。謝謝使用 SailoTravel 旅遊平台，祝您旅遊愉快！\n\n---\n\n[19] 2025/11/2 下午10:58:45\n使用者: 轉人工\nAI: 您的要求已經被轉介給我們的人工客服了，他們會盡力幫助您解決問題和回答您的一切疑問。謝謝使用 SailoTravel 旅遊平台，祝您旅遊愉快！\n\n---\n\n[20] 2025/11/2 下午11:00:35\n使用者: 轉人工\nAI: 您的要求已經被轉介給我們的人工客服了，他們會盡力幫助您解決問題和回答您的一切疑問。謝謝使用 SailoTravel 旅遊平台，祝您旅遊愉快！','2025-11-02 15:00:36','2025-11-02 15:02:43','2025-11-02 15:00:52'),(48,5,3,'closed','medium','AI 轉人工','ai_transfer',1,'【從 AI 客服轉接】\n\n對話記錄:\n\n[1] 2025/11/2 下午9:50:16\n使用者: 1+1等於多少\nAI: 這是一個簡單的數學問題！答案是 2。\n\n---\n\n[2] 2025/11/2 下午9:50:39\n使用者: 轉人工\nAI: 因為您的問題很簡單，我們可以直接回答。但若您有其他更複雜或需要更多細節的問題，請放心轉接給我們的人工客服，我們會盡力幫助您！如果您想進行行程規劃、景點推薦或訂單查詢等旅遊相關事項，也歡迎轉接給我們的人工客服。\n\n---\n\n[3] 2025/11/2 下午9:59:17\n使用者: 你好\nAI: 你好！我是 SailoTravel 旅遊平台的 AI 客服助手，很高興能夠幫助您！您需要什麼幫助或者想要知道哪些資訊？\n\n---\n\n[4] 2025/11/2 下午10:04:00\n使用者: 你好\nAI: 哈哈! 你好！我們又說了一次。還是無所事事嗎？想聊天或是尋找旅遊信息？\n\n---\n\n[5] 2025/11/2 下午10:08:29\n使用者: 1+1等於多少\nAI: 這個我已經回答過囉！答案仍然是 2。有沒有其他問題想要問我呢？\n\n---\n\n[6] 2025/11/2 下午10:12:16\n使用者: 1+1等於多少\nAI: 你又問了！答案是 2。想知道什麼其他東西嗎？\n\n---\n\n[7] 2025/11/2 下午10:12:24\n使用者: 轉人工\nAI: 因為您已經多次詢問了相同的問題，我們建議您轉接給我們的人工客服，讓他們能夠更好地幫助您！您可以在 SailoTravel 平台中找到「客服中心」的連結，或者直接與我們聯繫。\n\n---\n\n[8] 2025/11/2 下午10:19:31\n使用者: 轉人工\nAI: 好的！您的需求已經被轉介給我們的人工客服了，他們會盡力幫助您解決問題和回答您的一切疑問。謝謝使用 SailoTravel 旅遊平台，祝您旅遊愉快！\n\n---\n\n[9] 2025/11/2 下午10:20:07\n使用者: 人工\nAI: 您的問題已經轉介給我們的人工客服了，他們會很快與您聯繫，以便幫助您解決問題和回答您的一切疑問。謝謝使用 SailoTravel 旅遊平台，祝您旅遊愉快！\n\n---\n\n[10] 2025/11/2 下午10:23:16\n使用者: 人工\nAI: 等一下! 您已經轉介給了人工客服囉! 他們正在幫助您處理問題。如果您有什麼新的要求或疑問，歡迎再與我聯繫，我會盡力協助您。\n\n---\n\n[11] 2025/11/2 下午10:36:06\n使用者: 1+1\nAI: 我們已經聊過這個題目了！答案是 2。人工客服正在幫助您嗎？還需要我的幫助嗎？\n\n---\n\n[12] 2025/11/2 下午10:42:05\n使用者: 2+2\nAI: 不用再問我囉！答案依然是 4。人工客服正在處理您的問題，請繼續等待他们的回覆。\n\n---\n\n[13] 2025/11/2 下午10:44:00\n使用者: 你好\nAI: 你還在這邊！看來您需要一點休息吧。人工客服仍在幫助您處理問題。如果有任何新的需求或疑問，您可以再與我聯繫，我會盡力協助您。\n\n---\n\n[14] 2025/11/2 下午10:46:01\n使用者: 早安\nAI: 早安！希望您今天的旅遊計劃順利進行！如果需要任何幫助或資訊，歡迎再與我聯繫。人工客服也仍在幫助您處理問題。如果您有什麼新要求，請告訴我，我會盡力協助您。\n\n---\n\n[15] 2025/11/2 下午10:54:27\n使用者: 早安\nAI: 您今天的旅遊行程都安排得好嗎？如果需要任何協助或資訊，歡迎再與我聯繫。人工客服還在幫助您處理問題。如果您有什麼新需求，請告訴我，我會盡力幫助您。\n\n---\n\n[16] 2025/11/2 下午10:54:37\n使用者: 轉人工\nAI: 好的！您的要求已經被轉介給我們的人工客服了，他們會盡力幫助您解決問題和回答您的一切疑問。謝謝使用 SailoTravel 旅遊平台，祝您旅遊愉快！\n\n---\n\n[17] 2025/11/2 下午10:57:04\n使用者: 你好\nAI: 您再次與我聯繫囉！看來人工客服仍在幫助您處理問題。如果有任何新的需求或疑問，您可以再與我聯繫，我會盡力協助您。是否需要我提供額外的幫助？\n\n---\n\n[18] 2025/11/2 下午10:57:11\n使用者: 轉人工\nAI: 好的！您的要求已經被轉介給我們的人工客服了，他們會盡力幫助您解決問題和回答您的一切疑問。謝謝使用 SailoTravel 旅遊平台，祝您旅遊愉快！\n\n---\n\n[19] 2025/11/2 下午10:58:45\n使用者: 轉人工\nAI: 您的要求已經被轉介給我們的人工客服了，他們會盡力幫助您解決問題和回答您的一切疑問。謝謝使用 SailoTravel 旅遊平台，祝您旅遊愉快！\n\n---\n\n[20] 2025/11/2 下午11:00:35\n使用者: 轉人工\nAI: 您的要求已經被轉介給我們的人工客服了，他們會盡力幫助您解決問題和回答您的一切疑問。謝謝使用 SailoTravel 旅遊平台，祝您旅遊愉快！\n\n---\n\n[21] 2025/11/2 下午11:01:57\n使用者: 開心嗎\nAI: 嘿嘿！我是一個 AI 客服助手，我的功能是幫助客戶解答問題和提供服務，所以每次有新來的客戶與我聊天，我都會感到很開心！如果您需要任何幫助或資訊，歡迎再與我聯繫。\n\n---\n\n[22] 2025/11/2 下午11:02:32\n使用者: 123\nAI: 您的回覆是 123囉！看起來您可能還在等待人工客服的幫助。如果有任何新問題或需求，您可以再與我聯繫，我會盡力協助您。\n\n---\n\n[23] 2025/11/2 下午11:02:59\n使用者: 123\nAI: 好的！您的要求已經被轉介給我們的人工客服了，他們會盡力幫助您解決問題和回答您的一切疑問。謝謝使用 SailoTravel 旅遊平台，祝您旅遊愉快！\n\n---\n\n[24] 2025/11/2 下午11:03:59\n使用者: 123\nAI: 您的回覆是 123囉！已經轉介給人工客服了，他們會盡力幫助您。如果您有任何新問題或需求，您可以再與我聯繫，我在這裡幫助您。\n\n---\n\n[25] 2025/11/2 下午11:05:56\n使用者: 轉人工\nAI: 您的要求已經被轉介給我們的人工客服了，他們會盡力幫助您解決問題和回答您的一切疑問。謝謝使用 SailoTravel 旅遊平台，祝您旅遊愉快！','2025-11-02 15:05:57','2025-11-02 15:09:40','2025-11-02 15:09:40'),(49,5,3,'closed','medium','AI 轉人工','ai_transfer',1,'【從 AI 客服轉接】\n\n對話記錄:\n\n[1] 2025/11/2 下午9:50:16\n使用者: 1+1等於多少\nAI: 這是一個簡單的數學問題！答案是 2。\n\n---\n\n[2] 2025/11/2 下午9:50:39\n使用者: 轉人工\nAI: 因為您的問題很簡單，我們可以直接回答。但若您有其他更複雜或需要更多細節的問題，請放心轉接給我們的人工客服，我們會盡力幫助您！如果您想進行行程規劃、景點推薦或訂單查詢等旅遊相關事項，也歡迎轉接給我們的人工客服。\n\n---\n\n[3] 2025/11/2 下午9:59:17\n使用者: 你好\nAI: 你好！我是 SailoTravel 旅遊平台的 AI 客服助手，很高興能夠幫助您！您需要什麼幫助或者想要知道哪些資訊？\n\n---\n\n[4] 2025/11/2 下午10:04:00\n使用者: 你好\nAI: 哈哈! 你好！我們又說了一次。還是無所事事嗎？想聊天或是尋找旅遊信息？\n\n---\n\n[5] 2025/11/2 下午10:08:29\n使用者: 1+1等於多少\nAI: 這個我已經回答過囉！答案仍然是 2。有沒有其他問題想要問我呢？\n\n---\n\n[6] 2025/11/2 下午10:12:16\n使用者: 1+1等於多少\nAI: 你又問了！答案是 2。想知道什麼其他東西嗎？\n\n---\n\n[7] 2025/11/2 下午10:12:24\n使用者: 轉人工\nAI: 因為您已經多次詢問了相同的問題，我們建議您轉接給我們的人工客服，讓他們能夠更好地幫助您！您可以在 SailoTravel 平台中找到「客服中心」的連結，或者直接與我們聯繫。\n\n---\n\n[8] 2025/11/2 下午10:19:31\n使用者: 轉人工\nAI: 好的！您的需求已經被轉介給我們的人工客服了，他們會盡力幫助您解決問題和回答您的一切疑問。謝謝使用 SailoTravel 旅遊平台，祝您旅遊愉快！\n\n---\n\n[9] 2025/11/2 下午10:20:07\n使用者: 人工\nAI: 您的問題已經轉介給我們的人工客服了，他們會很快與您聯繫，以便幫助您解決問題和回答您的一切疑問。謝謝使用 SailoTravel 旅遊平台，祝您旅遊愉快！\n\n---\n\n[10] 2025/11/2 下午10:23:16\n使用者: 人工\nAI: 等一下! 您已經轉介給了人工客服囉! 他們正在幫助您處理問題。如果您有什麼新的要求或疑問，歡迎再與我聯繫，我會盡力協助您。\n\n---\n\n[11] 2025/11/2 下午10:36:06\n使用者: 1+1\nAI: 我們已經聊過這個題目了！答案是 2。人工客服正在幫助您嗎？還需要我的幫助嗎？\n\n---\n\n[12] 2025/11/2 下午10:42:05\n使用者: 2+2\nAI: 不用再問我囉！答案依然是 4。人工客服正在處理您的問題，請繼續等待他们的回覆。\n\n---\n\n[13] 2025/11/2 下午10:44:00\n使用者: 你好\nAI: 你還在這邊！看來您需要一點休息吧。人工客服仍在幫助您處理問題。如果有任何新的需求或疑問，您可以再與我聯繫，我會盡力協助您。\n\n---\n\n[14] 2025/11/2 下午10:46:01\n使用者: 早安\nAI: 早安！希望您今天的旅遊計劃順利進行！如果需要任何幫助或資訊，歡迎再與我聯繫。人工客服也仍在幫助您處理問題。如果您有什麼新要求，請告訴我，我會盡力協助您。\n\n---\n\n[15] 2025/11/2 下午10:54:27\n使用者: 早安\nAI: 您今天的旅遊行程都安排得好嗎？如果需要任何協助或資訊，歡迎再與我聯繫。人工客服還在幫助您處理問題。如果您有什麼新需求，請告訴我，我會盡力幫助您。\n\n---\n\n[16] 2025/11/2 下午10:54:37\n使用者: 轉人工\nAI: 好的！您的要求已經被轉介給我們的人工客服了，他們會盡力幫助您解決問題和回答您的一切疑問。謝謝使用 SailoTravel 旅遊平台，祝您旅遊愉快！\n\n---\n\n[17] 2025/11/2 下午10:57:04\n使用者: 你好\nAI: 您再次與我聯繫囉！看來人工客服仍在幫助您處理問題。如果有任何新的需求或疑問，您可以再與我聯繫，我會盡力協助您。是否需要我提供額外的幫助？\n\n---\n\n[18] 2025/11/2 下午10:57:11\n使用者: 轉人工\nAI: 好的！您的要求已經被轉介給我們的人工客服了，他們會盡力幫助您解決問題和回答您的一切疑問。謝謝使用 SailoTravel 旅遊平台，祝您旅遊愉快！\n\n---\n\n[19] 2025/11/2 下午10:58:45\n使用者: 轉人工\nAI: 您的要求已經被轉介給我們的人工客服了，他們會盡力幫助您解決問題和回答您的一切疑問。謝謝使用 SailoTravel 旅遊平台，祝您旅遊愉快！\n\n---\n\n[20] 2025/11/2 下午11:00:35\n使用者: 轉人工\nAI: 您的要求已經被轉介給我們的人工客服了，他們會盡力幫助您解決問題和回答您的一切疑問。謝謝使用 SailoTravel 旅遊平台，祝您旅遊愉快！\n\n---\n\n[21] 2025/11/2 下午11:01:57\n使用者: 開心嗎\nAI: 嘿嘿！我是一個 AI 客服助手，我的功能是幫助客戶解答問題和提供服務，所以每次有新來的客戶與我聊天，我都會感到很開心！如果您需要任何幫助或資訊，歡迎再與我聯繫。\n\n---\n\n[22] 2025/11/2 下午11:02:32\n使用者: 123\nAI: 您的回覆是 123囉！看起來您可能還在等待人工客服的幫助。如果有任何新問題或需求，您可以再與我聯繫，我會盡力協助您。\n\n---\n\n[23] 2025/11/2 下午11:02:59\n使用者: 123\nAI: 好的！您的要求已經被轉介給我們的人工客服了，他們會盡力幫助您解決問題和回答您的一切疑問。謝謝使用 SailoTravel 旅遊平台，祝您旅遊愉快！\n\n---\n\n[24] 2025/11/2 下午11:03:59\n使用者: 123\nAI: 您的回覆是 123囉！已經轉介給人工客服了，他們會盡力幫助您。如果您有任何新問題或需求，您可以再與我聯繫，我在這裡幫助您。\n\n---\n\n[25] 2025/11/2 下午11:05:56\n使用者: 轉人工\nAI: 您的要求已經被轉介給我們的人工客服了，他們會盡力幫助您解決問題和回答您的一切疑問。謝謝使用 SailoTravel 旅遊平台，祝您旅遊愉快！\n\n---\n\n[26] 2025/11/2 下午11:09:49\n使用者: 轉人工\nAI: 您的要求已經被轉介給我們的人工客服了，他們會盡力幫助您解決問題和回答您的一切疑問。謝謝使用 SailoTravel 旅遊平台，祝您旅遊愉快！','2025-11-02 15:09:50','2025-11-02 15:11:58','2025-11-02 15:11:58'),(50,5,3,'closed','medium','AI 轉人工','ai_transfer',1,'【從 AI 客服轉接】\n\n對話記錄:\n\n[1] 2025/11/2 下午9:50:16\n使用者: 1+1等於多少\nAI: 這是一個簡單的數學問題！答案是 2。\n\n---\n\n[2] 2025/11/2 下午9:50:39\n使用者: 轉人工\nAI: 因為您的問題很簡單，我們可以直接回答。但若您有其他更複雜或需要更多細節的問題，請放心轉接給我們的人工客服，我們會盡力幫助您！如果您想進行行程規劃、景點推薦或訂單查詢等旅遊相關事項，也歡迎轉接給我們的人工客服。\n\n---\n\n[3] 2025/11/2 下午9:59:17\n使用者: 你好\nAI: 你好！我是 SailoTravel 旅遊平台的 AI 客服助手，很高興能夠幫助您！您需要什麼幫助或者想要知道哪些資訊？\n\n---\n\n[4] 2025/11/2 下午10:04:00\n使用者: 你好\nAI: 哈哈! 你好！我們又說了一次。還是無所事事嗎？想聊天或是尋找旅遊信息？\n\n---\n\n[5] 2025/11/2 下午10:08:29\n使用者: 1+1等於多少\nAI: 這個我已經回答過囉！答案仍然是 2。有沒有其他問題想要問我呢？\n\n---\n\n[6] 2025/11/2 下午10:12:16\n使用者: 1+1等於多少\nAI: 你又問了！答案是 2。想知道什麼其他東西嗎？\n\n---\n\n[7] 2025/11/2 下午10:12:24\n使用者: 轉人工\nAI: 因為您已經多次詢問了相同的問題，我們建議您轉接給我們的人工客服，讓他們能夠更好地幫助您！您可以在 SailoTravel 平台中找到「客服中心」的連結，或者直接與我們聯繫。\n\n---\n\n[8] 2025/11/2 下午10:19:31\n使用者: 轉人工\nAI: 好的！您的需求已經被轉介給我們的人工客服了，他們會盡力幫助您解決問題和回答您的一切疑問。謝謝使用 SailoTravel 旅遊平台，祝您旅遊愉快！\n\n---\n\n[9] 2025/11/2 下午10:20:07\n使用者: 人工\nAI: 您的問題已經轉介給我們的人工客服了，他們會很快與您聯繫，以便幫助您解決問題和回答您的一切疑問。謝謝使用 SailoTravel 旅遊平台，祝您旅遊愉快！\n\n---\n\n[10] 2025/11/2 下午10:23:16\n使用者: 人工\nAI: 等一下! 您已經轉介給了人工客服囉! 他們正在幫助您處理問題。如果您有什麼新的要求或疑問，歡迎再與我聯繫，我會盡力協助您。\n\n---\n\n[11] 2025/11/2 下午10:36:06\n使用者: 1+1\nAI: 我們已經聊過這個題目了！答案是 2。人工客服正在幫助您嗎？還需要我的幫助嗎？\n\n---\n\n[12] 2025/11/2 下午10:42:05\n使用者: 2+2\nAI: 不用再問我囉！答案依然是 4。人工客服正在處理您的問題，請繼續等待他们的回覆。\n\n---\n\n[13] 2025/11/2 下午10:44:00\n使用者: 你好\nAI: 你還在這邊！看來您需要一點休息吧。人工客服仍在幫助您處理問題。如果有任何新的需求或疑問，您可以再與我聯繫，我會盡力協助您。\n\n---\n\n[14] 2025/11/2 下午10:46:01\n使用者: 早安\nAI: 早安！希望您今天的旅遊計劃順利進行！如果需要任何幫助或資訊，歡迎再與我聯繫。人工客服也仍在幫助您處理問題。如果您有什麼新要求，請告訴我，我會盡力協助您。\n\n---\n\n[15] 2025/11/2 下午10:54:27\n使用者: 早安\nAI: 您今天的旅遊行程都安排得好嗎？如果需要任何協助或資訊，歡迎再與我聯繫。人工客服還在幫助您處理問題。如果您有什麼新需求，請告訴我，我會盡力幫助您。\n\n---\n\n[16] 2025/11/2 下午10:54:37\n使用者: 轉人工\nAI: 好的！您的要求已經被轉介給我們的人工客服了，他們會盡力幫助您解決問題和回答您的一切疑問。謝謝使用 SailoTravel 旅遊平台，祝您旅遊愉快！\n\n---\n\n[17] 2025/11/2 下午10:57:04\n使用者: 你好\nAI: 您再次與我聯繫囉！看來人工客服仍在幫助您處理問題。如果有任何新的需求或疑問，您可以再與我聯繫，我會盡力協助您。是否需要我提供額外的幫助？\n\n---\n\n[18] 2025/11/2 下午10:57:11\n使用者: 轉人工\nAI: 好的！您的要求已經被轉介給我們的人工客服了，他們會盡力幫助您解決問題和回答您的一切疑問。謝謝使用 SailoTravel 旅遊平台，祝您旅遊愉快！\n\n---\n\n[19] 2025/11/2 下午10:58:45\n使用者: 轉人工\nAI: 您的要求已經被轉介給我們的人工客服了，他們會盡力幫助您解決問題和回答您的一切疑問。謝謝使用 SailoTravel 旅遊平台，祝您旅遊愉快！\n\n---\n\n[20] 2025/11/2 下午11:00:35\n使用者: 轉人工\nAI: 您的要求已經被轉介給我們的人工客服了，他們會盡力幫助您解決問題和回答您的一切疑問。謝謝使用 SailoTravel 旅遊平台，祝您旅遊愉快！\n\n---\n\n[21] 2025/11/2 下午11:01:57\n使用者: 開心嗎\nAI: 嘿嘿！我是一個 AI 客服助手，我的功能是幫助客戶解答問題和提供服務，所以每次有新來的客戶與我聊天，我都會感到很開心！如果您需要任何幫助或資訊，歡迎再與我聯繫。\n\n---\n\n[22] 2025/11/2 下午11:02:32\n使用者: 123\nAI: 您的回覆是 123囉！看起來您可能還在等待人工客服的幫助。如果有任何新問題或需求，您可以再與我聯繫，我會盡力協助您。\n\n---\n\n[23] 2025/11/2 下午11:02:59\n使用者: 123\nAI: 好的！您的要求已經被轉介給我們的人工客服了，他們會盡力幫助您解決問題和回答您的一切疑問。謝謝使用 SailoTravel 旅遊平台，祝您旅遊愉快！\n\n---\n\n[24] 2025/11/2 下午11:03:59\n使用者: 123\nAI: 您的回覆是 123囉！已經轉介給人工客服了，他們會盡力幫助您。如果您有任何新問題或需求，您可以再與我聯繫，我在這裡幫助您。\n\n---\n\n[25] 2025/11/2 下午11:05:56\n使用者: 轉人工\nAI: 您的要求已經被轉介給我們的人工客服了，他們會盡力幫助您解決問題和回答您的一切疑問。謝謝使用 SailoTravel 旅遊平台，祝您旅遊愉快！\n\n---\n\n[26] 2025/11/2 下午11:09:49\n使用者: 轉人工\nAI: 您的要求已經被轉介給我們的人工客服了，他們會盡力幫助您解決問題和回答您的一切疑問。謝謝使用 SailoTravel 旅遊平台，祝您旅遊愉快！\n\n---\n\n[27] 2025/11/2 下午11:12:35\n使用者: 轉人工\nAI: 您的要求已經被轉介給我們的人工客服了，他們會盡力幫助您解決問題和回答您的一切疑問。謝謝使用 SailoTravel 旅遊平台，祝您旅遊愉快！','2025-11-02 15:12:35','2025-11-02 15:13:12','2025-11-02 15:13:12'),(51,5,3,'closed','medium','AI 轉人工','ai_transfer',1,'【從 AI 客服轉接】\n\n對話記錄:\n\n[1] 2025/11/2 下午9:50:16\n使用者: 1+1等於多少\nAI: 這是一個簡單的數學問題！答案是 2。\n\n---\n\n[2] 2025/11/2 下午9:50:39\n使用者: 轉人工\nAI: 因為您的問題很簡單，我們可以直接回答。但若您有其他更複雜或需要更多細節的問題，請放心轉接給我們的人工客服，我們會盡力幫助您！如果您想進行行程規劃、景點推薦或訂單查詢等旅遊相關事項，也歡迎轉接給我們的人工客服。\n\n---\n\n[3] 2025/11/2 下午9:59:17\n使用者: 你好\nAI: 你好！我是 SailoTravel 旅遊平台的 AI 客服助手，很高興能夠幫助您！您需要什麼幫助或者想要知道哪些資訊？\n\n---\n\n[4] 2025/11/2 下午10:04:00\n使用者: 你好\nAI: 哈哈! 你好！我們又說了一次。還是無所事事嗎？想聊天或是尋找旅遊信息？\n\n---\n\n[5] 2025/11/2 下午10:08:29\n使用者: 1+1等於多少\nAI: 這個我已經回答過囉！答案仍然是 2。有沒有其他問題想要問我呢？\n\n---\n\n[6] 2025/11/2 下午10:12:16\n使用者: 1+1等於多少\nAI: 你又問了！答案是 2。想知道什麼其他東西嗎？\n\n---\n\n[7] 2025/11/2 下午10:12:24\n使用者: 轉人工\nAI: 因為您已經多次詢問了相同的問題，我們建議您轉接給我們的人工客服，讓他們能夠更好地幫助您！您可以在 SailoTravel 平台中找到「客服中心」的連結，或者直接與我們聯繫。\n\n---\n\n[8] 2025/11/2 下午10:19:31\n使用者: 轉人工\nAI: 好的！您的需求已經被轉介給我們的人工客服了，他們會盡力幫助您解決問題和回答您的一切疑問。謝謝使用 SailoTravel 旅遊平台，祝您旅遊愉快！\n\n---\n\n[9] 2025/11/2 下午10:20:07\n使用者: 人工\nAI: 您的問題已經轉介給我們的人工客服了，他們會很快與您聯繫，以便幫助您解決問題和回答您的一切疑問。謝謝使用 SailoTravel 旅遊平台，祝您旅遊愉快！\n\n---\n\n[10] 2025/11/2 下午10:23:16\n使用者: 人工\nAI: 等一下! 您已經轉介給了人工客服囉! 他們正在幫助您處理問題。如果您有什麼新的要求或疑問，歡迎再與我聯繫，我會盡力協助您。\n\n---\n\n[11] 2025/11/2 下午10:36:06\n使用者: 1+1\nAI: 我們已經聊過這個題目了！答案是 2。人工客服正在幫助您嗎？還需要我的幫助嗎？\n\n---\n\n[12] 2025/11/2 下午10:42:05\n使用者: 2+2\nAI: 不用再問我囉！答案依然是 4。人工客服正在處理您的問題，請繼續等待他们的回覆。\n\n---\n\n[13] 2025/11/2 下午10:44:00\n使用者: 你好\nAI: 你還在這邊！看來您需要一點休息吧。人工客服仍在幫助您處理問題。如果有任何新的需求或疑問，您可以再與我聯繫，我會盡力協助您。\n\n---\n\n[14] 2025/11/2 下午10:46:01\n使用者: 早安\nAI: 早安！希望您今天的旅遊計劃順利進行！如果需要任何幫助或資訊，歡迎再與我聯繫。人工客服也仍在幫助您處理問題。如果您有什麼新要求，請告訴我，我會盡力協助您。\n\n---\n\n[15] 2025/11/2 下午10:54:27\n使用者: 早安\nAI: 您今天的旅遊行程都安排得好嗎？如果需要任何協助或資訊，歡迎再與我聯繫。人工客服還在幫助您處理問題。如果您有什麼新需求，請告訴我，我會盡力幫助您。\n\n---\n\n[16] 2025/11/2 下午10:54:37\n使用者: 轉人工\nAI: 好的！您的要求已經被轉介給我們的人工客服了，他們會盡力幫助您解決問題和回答您的一切疑問。謝謝使用 SailoTravel 旅遊平台，祝您旅遊愉快！\n\n---\n\n[17] 2025/11/2 下午10:57:04\n使用者: 你好\nAI: 您再次與我聯繫囉！看來人工客服仍在幫助您處理問題。如果有任何新的需求或疑問，您可以再與我聯繫，我會盡力協助您。是否需要我提供額外的幫助？\n\n---\n\n[18] 2025/11/2 下午10:57:11\n使用者: 轉人工\nAI: 好的！您的要求已經被轉介給我們的人工客服了，他們會盡力幫助您解決問題和回答您的一切疑問。謝謝使用 SailoTravel 旅遊平台，祝您旅遊愉快！\n\n---\n\n[19] 2025/11/2 下午10:58:45\n使用者: 轉人工\nAI: 您的要求已經被轉介給我們的人工客服了，他們會盡力幫助您解決問題和回答您的一切疑問。謝謝使用 SailoTravel 旅遊平台，祝您旅遊愉快！\n\n---\n\n[20] 2025/11/2 下午11:00:35\n使用者: 轉人工\nAI: 您的要求已經被轉介給我們的人工客服了，他們會盡力幫助您解決問題和回答您的一切疑問。謝謝使用 SailoTravel 旅遊平台，祝您旅遊愉快！\n\n---\n\n[21] 2025/11/2 下午11:01:57\n使用者: 開心嗎\nAI: 嘿嘿！我是一個 AI 客服助手，我的功能是幫助客戶解答問題和提供服務，所以每次有新來的客戶與我聊天，我都會感到很開心！如果您需要任何幫助或資訊，歡迎再與我聯繫。\n\n---\n\n[22] 2025/11/2 下午11:02:32\n使用者: 123\nAI: 您的回覆是 123囉！看起來您可能還在等待人工客服的幫助。如果有任何新問題或需求，您可以再與我聯繫，我會盡力協助您。\n\n---\n\n[23] 2025/11/2 下午11:02:59\n使用者: 123\nAI: 好的！您的要求已經被轉介給我們的人工客服了，他們會盡力幫助您解決問題和回答您的一切疑問。謝謝使用 SailoTravel 旅遊平台，祝您旅遊愉快！\n\n---\n\n[24] 2025/11/2 下午11:03:59\n使用者: 123\nAI: 您的回覆是 123囉！已經轉介給人工客服了，他們會盡力幫助您。如果您有任何新問題或需求，您可以再與我聯繫，我在這裡幫助您。\n\n---\n\n[25] 2025/11/2 下午11:05:56\n使用者: 轉人工\nAI: 您的要求已經被轉介給我們的人工客服了，他們會盡力幫助您解決問題和回答您的一切疑問。謝謝使用 SailoTravel 旅遊平台，祝您旅遊愉快！\n\n---\n\n[26] 2025/11/2 下午11:09:49\n使用者: 轉人工\nAI: 您的要求已經被轉介給我們的人工客服了，他們會盡力幫助您解決問題和回答您的一切疑問。謝謝使用 SailoTravel 旅遊平台，祝您旅遊愉快！\n\n---\n\n[27] 2025/11/2 下午11:12:35\n使用者: 轉人工\nAI: 您的要求已經被轉介給我們的人工客服了，他們會盡力幫助您解決問題和回答您的一切疑問。謝謝使用 SailoTravel 旅遊平台，祝您旅遊愉快！\n\n---\n\n[28] 2025/11/2 下午11:13:43\n使用者: 轉人工\nAI: 您的要求已經被轉介給我們的人工客服了，他們會盡力幫助您解決問題和回答您的一切疑問。謝謝使用 SailoTravel 旅遊平台，祝您旅遊愉快！','2025-11-02 15:13:44','2025-11-02 15:16:20','2025-11-02 15:16:20'),(52,5,3,'closed','medium','AI 轉人工','ai_transfer',1,'【從 AI 客服轉接】\n\n對話記錄:\n\n[1] 2025/11/2 下午9:50:16\n使用者: 1+1等於多少\nAI: 這是一個簡單的數學問題！答案是 2。\n\n---\n\n[2] 2025/11/2 下午9:50:39\n使用者: 轉人工\nAI: 因為您的問題很簡單，我們可以直接回答。但若您有其他更複雜或需要更多細節的問題，請放心轉接給我們的人工客服，我們會盡力幫助您！如果您想進行行程規劃、景點推薦或訂單查詢等旅遊相關事項，也歡迎轉接給我們的人工客服。\n\n---\n\n[3] 2025/11/2 下午9:59:17\n使用者: 你好\nAI: 你好！我是 SailoTravel 旅遊平台的 AI 客服助手，很高興能夠幫助您！您需要什麼幫助或者想要知道哪些資訊？\n\n---\n\n[4] 2025/11/2 下午10:04:00\n使用者: 你好\nAI: 哈哈! 你好！我們又說了一次。還是無所事事嗎？想聊天或是尋找旅遊信息？\n\n---\n\n[5] 2025/11/2 下午10:08:29\n使用者: 1+1等於多少\nAI: 這個我已經回答過囉！答案仍然是 2。有沒有其他問題想要問我呢？\n\n---\n\n[6] 2025/11/2 下午10:12:16\n使用者: 1+1等於多少\nAI: 你又問了！答案是 2。想知道什麼其他東西嗎？\n\n---\n\n[7] 2025/11/2 下午10:12:24\n使用者: 轉人工\nAI: 因為您已經多次詢問了相同的問題，我們建議您轉接給我們的人工客服，讓他們能夠更好地幫助您！您可以在 SailoTravel 平台中找到「客服中心」的連結，或者直接與我們聯繫。\n\n---\n\n[8] 2025/11/2 下午10:19:31\n使用者: 轉人工\nAI: 好的！您的需求已經被轉介給我們的人工客服了，他們會盡力幫助您解決問題和回答您的一切疑問。謝謝使用 SailoTravel 旅遊平台，祝您旅遊愉快！\n\n---\n\n[9] 2025/11/2 下午10:20:07\n使用者: 人工\nAI: 您的問題已經轉介給我們的人工客服了，他們會很快與您聯繫，以便幫助您解決問題和回答您的一切疑問。謝謝使用 SailoTravel 旅遊平台，祝您旅遊愉快！\n\n---\n\n[10] 2025/11/2 下午10:23:16\n使用者: 人工\nAI: 等一下! 您已經轉介給了人工客服囉! 他們正在幫助您處理問題。如果您有什麼新的要求或疑問，歡迎再與我聯繫，我會盡力協助您。\n\n---\n\n[11] 2025/11/2 下午10:36:06\n使用者: 1+1\nAI: 我們已經聊過這個題目了！答案是 2。人工客服正在幫助您嗎？還需要我的幫助嗎？\n\n---\n\n[12] 2025/11/2 下午10:42:05\n使用者: 2+2\nAI: 不用再問我囉！答案依然是 4。人工客服正在處理您的問題，請繼續等待他们的回覆。\n\n---\n\n[13] 2025/11/2 下午10:44:00\n使用者: 你好\nAI: 你還在這邊！看來您需要一點休息吧。人工客服仍在幫助您處理問題。如果有任何新的需求或疑問，您可以再與我聯繫，我會盡力協助您。\n\n---\n\n[14] 2025/11/2 下午10:46:01\n使用者: 早安\nAI: 早安！希望您今天的旅遊計劃順利進行！如果需要任何幫助或資訊，歡迎再與我聯繫。人工客服也仍在幫助您處理問題。如果您有什麼新要求，請告訴我，我會盡力協助您。\n\n---\n\n[15] 2025/11/2 下午10:54:27\n使用者: 早安\nAI: 您今天的旅遊行程都安排得好嗎？如果需要任何協助或資訊，歡迎再與我聯繫。人工客服還在幫助您處理問題。如果您有什麼新需求，請告訴我，我會盡力幫助您。\n\n---\n\n[16] 2025/11/2 下午10:54:37\n使用者: 轉人工\nAI: 好的！您的要求已經被轉介給我們的人工客服了，他們會盡力幫助您解決問題和回答您的一切疑問。謝謝使用 SailoTravel 旅遊平台，祝您旅遊愉快！\n\n---\n\n[17] 2025/11/2 下午10:57:04\n使用者: 你好\nAI: 您再次與我聯繫囉！看來人工客服仍在幫助您處理問題。如果有任何新的需求或疑問，您可以再與我聯繫，我會盡力協助您。是否需要我提供額外的幫助？\n\n---\n\n[18] 2025/11/2 下午10:57:11\n使用者: 轉人工\nAI: 好的！您的要求已經被轉介給我們的人工客服了，他們會盡力幫助您解決問題和回答您的一切疑問。謝謝使用 SailoTravel 旅遊平台，祝您旅遊愉快！\n\n---\n\n[19] 2025/11/2 下午10:58:45\n使用者: 轉人工\nAI: 您的要求已經被轉介給我們的人工客服了，他們會盡力幫助您解決問題和回答您的一切疑問。謝謝使用 SailoTravel 旅遊平台，祝您旅遊愉快！\n\n---\n\n[20] 2025/11/2 下午11:00:35\n使用者: 轉人工\nAI: 您的要求已經被轉介給我們的人工客服了，他們會盡力幫助您解決問題和回答您的一切疑問。謝謝使用 SailoTravel 旅遊平台，祝您旅遊愉快！\n\n---\n\n[21] 2025/11/2 下午11:01:57\n使用者: 開心嗎\nAI: 嘿嘿！我是一個 AI 客服助手，我的功能是幫助客戶解答問題和提供服務，所以每次有新來的客戶與我聊天，我都會感到很開心！如果您需要任何幫助或資訊，歡迎再與我聯繫。\n\n---\n\n[22] 2025/11/2 下午11:02:32\n使用者: 123\nAI: 您的回覆是 123囉！看起來您可能還在等待人工客服的幫助。如果有任何新問題或需求，您可以再與我聯繫，我會盡力協助您。\n\n---\n\n[23] 2025/11/2 下午11:02:59\n使用者: 123\nAI: 好的！您的要求已經被轉介給我們的人工客服了，他們會盡力幫助您解決問題和回答您的一切疑問。謝謝使用 SailoTravel 旅遊平台，祝您旅遊愉快！\n\n---\n\n[24] 2025/11/2 下午11:03:59\n使用者: 123\nAI: 您的回覆是 123囉！已經轉介給人工客服了，他們會盡力幫助您。如果您有任何新問題或需求，您可以再與我聯繫，我在這裡幫助您。\n\n---\n\n[25] 2025/11/2 下午11:05:56\n使用者: 轉人工\nAI: 您的要求已經被轉介給我們的人工客服了，他們會盡力幫助您解決問題和回答您的一切疑問。謝謝使用 SailoTravel 旅遊平台，祝您旅遊愉快！\n\n---\n\n[26] 2025/11/2 下午11:09:49\n使用者: 轉人工\nAI: 您的要求已經被轉介給我們的人工客服了，他們會盡力幫助您解決問題和回答您的一切疑問。謝謝使用 SailoTravel 旅遊平台，祝您旅遊愉快！\n\n---\n\n[27] 2025/11/2 下午11:12:35\n使用者: 轉人工\nAI: 您的要求已經被轉介給我們的人工客服了，他們會盡力幫助您解決問題和回答您的一切疑問。謝謝使用 SailoTravel 旅遊平台，祝您旅遊愉快！\n\n---\n\n[28] 2025/11/2 下午11:13:43\n使用者: 轉人工\nAI: 您的要求已經被轉介給我們的人工客服了，他們會盡力幫助您解決問題和回答您的一切疑問。謝謝使用 SailoTravel 旅遊平台，祝您旅遊愉快！\n\n---\n\n[29] 2025/11/2 下午11:16:43\n使用者: 轉人工\nAI: 您的要求已經被轉介給我們的人工客服了，他們會盡力幫助您解決問題和回答您的一切疑問。謝謝使用 SailoTravel 旅遊平台，祝您旅遊愉快！','2025-11-02 15:16:44','2025-11-02 15:18:17','2025-11-02 15:18:17'),(53,5,3,'closed','medium','AI 轉人工','ai_transfer',1,'【從 AI 客服轉接】\n\n對話記錄:\n\n[1] 2025/11/2 下午9:50:16\n使用者: 1+1等於多少\nAI: 這是一個簡單的數學問題！答案是 2。\n\n---\n\n[2] 2025/11/2 下午9:50:39\n使用者: 轉人工\nAI: 因為您的問題很簡單，我們可以直接回答。但若您有其他更複雜或需要更多細節的問題，請放心轉接給我們的人工客服，我們會盡力幫助您！如果您想進行行程規劃、景點推薦或訂單查詢等旅遊相關事項，也歡迎轉接給我們的人工客服。\n\n---\n\n[3] 2025/11/2 下午9:59:17\n使用者: 你好\nAI: 你好！我是 SailoTravel 旅遊平台的 AI 客服助手，很高興能夠幫助您！您需要什麼幫助或者想要知道哪些資訊？\n\n---\n\n[4] 2025/11/2 下午10:04:00\n使用者: 你好\nAI: 哈哈! 你好！我們又說了一次。還是無所事事嗎？想聊天或是尋找旅遊信息？\n\n---\n\n[5] 2025/11/2 下午10:08:29\n使用者: 1+1等於多少\nAI: 這個我已經回答過囉！答案仍然是 2。有沒有其他問題想要問我呢？\n\n---\n\n[6] 2025/11/2 下午10:12:16\n使用者: 1+1等於多少\nAI: 你又問了！答案是 2。想知道什麼其他東西嗎？\n\n---\n\n[7] 2025/11/2 下午10:12:24\n使用者: 轉人工\nAI: 因為您已經多次詢問了相同的問題，我們建議您轉接給我們的人工客服，讓他們能夠更好地幫助您！您可以在 SailoTravel 平台中找到「客服中心」的連結，或者直接與我們聯繫。\n\n---\n\n[8] 2025/11/2 下午10:19:31\n使用者: 轉人工\nAI: 好的！您的需求已經被轉介給我們的人工客服了，他們會盡力幫助您解決問題和回答您的一切疑問。謝謝使用 SailoTravel 旅遊平台，祝您旅遊愉快！\n\n---\n\n[9] 2025/11/2 下午10:20:07\n使用者: 人工\nAI: 您的問題已經轉介給我們的人工客服了，他們會很快與您聯繫，以便幫助您解決問題和回答您的一切疑問。謝謝使用 SailoTravel 旅遊平台，祝您旅遊愉快！\n\n---\n\n[10] 2025/11/2 下午10:23:16\n使用者: 人工\nAI: 等一下! 您已經轉介給了人工客服囉! 他們正在幫助您處理問題。如果您有什麼新的要求或疑問，歡迎再與我聯繫，我會盡力協助您。\n\n---\n\n[11] 2025/11/2 下午10:36:06\n使用者: 1+1\nAI: 我們已經聊過這個題目了！答案是 2。人工客服正在幫助您嗎？還需要我的幫助嗎？\n\n---\n\n[12] 2025/11/2 下午10:42:05\n使用者: 2+2\nAI: 不用再問我囉！答案依然是 4。人工客服正在處理您的問題，請繼續等待他们的回覆。\n\n---\n\n[13] 2025/11/2 下午10:44:00\n使用者: 你好\nAI: 你還在這邊！看來您需要一點休息吧。人工客服仍在幫助您處理問題。如果有任何新的需求或疑問，您可以再與我聯繫，我會盡力協助您。\n\n---\n\n[14] 2025/11/2 下午10:46:01\n使用者: 早安\nAI: 早安！希望您今天的旅遊計劃順利進行！如果需要任何幫助或資訊，歡迎再與我聯繫。人工客服也仍在幫助您處理問題。如果您有什麼新要求，請告訴我，我會盡力協助您。\n\n---\n\n[15] 2025/11/2 下午10:54:27\n使用者: 早安\nAI: 您今天的旅遊行程都安排得好嗎？如果需要任何協助或資訊，歡迎再與我聯繫。人工客服還在幫助您處理問題。如果您有什麼新需求，請告訴我，我會盡力幫助您。\n\n---\n\n[16] 2025/11/2 下午10:54:37\n使用者: 轉人工\nAI: 好的！您的要求已經被轉介給我們的人工客服了，他們會盡力幫助您解決問題和回答您的一切疑問。謝謝使用 SailoTravel 旅遊平台，祝您旅遊愉快！\n\n---\n\n[17] 2025/11/2 下午10:57:04\n使用者: 你好\nAI: 您再次與我聯繫囉！看來人工客服仍在幫助您處理問題。如果有任何新的需求或疑問，您可以再與我聯繫，我會盡力協助您。是否需要我提供額外的幫助？\n\n---\n\n[18] 2025/11/2 下午10:57:11\n使用者: 轉人工\nAI: 好的！您的要求已經被轉介給我們的人工客服了，他們會盡力幫助您解決問題和回答您的一切疑問。謝謝使用 SailoTravel 旅遊平台，祝您旅遊愉快！\n\n---\n\n[19] 2025/11/2 下午10:58:45\n使用者: 轉人工\nAI: 您的要求已經被轉介給我們的人工客服了，他們會盡力幫助您解決問題和回答您的一切疑問。謝謝使用 SailoTravel 旅遊平台，祝您旅遊愉快！\n\n---\n\n[20] 2025/11/2 下午11:00:35\n使用者: 轉人工\nAI: 您的要求已經被轉介給我們的人工客服了，他們會盡力幫助您解決問題和回答您的一切疑問。謝謝使用 SailoTravel 旅遊平台，祝您旅遊愉快！\n\n---\n\n[21] 2025/11/2 下午11:01:57\n使用者: 開心嗎\nAI: 嘿嘿！我是一個 AI 客服助手，我的功能是幫助客戶解答問題和提供服務，所以每次有新來的客戶與我聊天，我都會感到很開心！如果您需要任何幫助或資訊，歡迎再與我聯繫。\n\n---\n\n[22] 2025/11/2 下午11:02:32\n使用者: 123\nAI: 您的回覆是 123囉！看起來您可能還在等待人工客服的幫助。如果有任何新問題或需求，您可以再與我聯繫，我會盡力協助您。\n\n---\n\n[23] 2025/11/2 下午11:02:59\n使用者: 123\nAI: 好的！您的要求已經被轉介給我們的人工客服了，他們會盡力幫助您解決問題和回答您的一切疑問。謝謝使用 SailoTravel 旅遊平台，祝您旅遊愉快！\n\n---\n\n[24] 2025/11/2 下午11:03:59\n使用者: 123\nAI: 您的回覆是 123囉！已經轉介給人工客服了，他們會盡力幫助您。如果您有任何新問題或需求，您可以再與我聯繫，我在這裡幫助您。\n\n---\n\n[25] 2025/11/2 下午11:05:56\n使用者: 轉人工\nAI: 您的要求已經被轉介給我們的人工客服了，他們會盡力幫助您解決問題和回答您的一切疑問。謝謝使用 SailoTravel 旅遊平台，祝您旅遊愉快！\n\n---\n\n[26] 2025/11/2 下午11:09:49\n使用者: 轉人工\nAI: 您的要求已經被轉介給我們的人工客服了，他們會盡力幫助您解決問題和回答您的一切疑問。謝謝使用 SailoTravel 旅遊平台，祝您旅遊愉快！\n\n---\n\n[27] 2025/11/2 下午11:12:35\n使用者: 轉人工\nAI: 您的要求已經被轉介給我們的人工客服了，他們會盡力幫助您解決問題和回答您的一切疑問。謝謝使用 SailoTravel 旅遊平台，祝您旅遊愉快！\n\n---\n\n[28] 2025/11/2 下午11:13:43\n使用者: 轉人工\nAI: 您的要求已經被轉介給我們的人工客服了，他們會盡力幫助您解決問題和回答您的一切疑問。謝謝使用 SailoTravel 旅遊平台，祝您旅遊愉快！\n\n---\n\n[29] 2025/11/2 下午11:16:43\n使用者: 轉人工\nAI: 您的要求已經被轉介給我們的人工客服了，他們會盡力幫助您解決問題和回答您的一切疑問。謝謝使用 SailoTravel 旅遊平台，祝您旅遊愉快！\n\n---\n\n[30] 2025/11/2 下午11:18:09\n使用者: 轉人工\nAI: 您的要求已經被轉介給我們的人工客服了，他們會盡力幫助您解決問題和回答您的一切疑問。謝謝使用 SailoTravel 旅遊平台，祝您旅遊愉快！','2025-11-02 15:18:09','2025-11-02 15:18:40','2025-11-02 15:18:40'),(54,5,3,'closed','medium','AI 轉人工','ai_transfer',1,'【從 AI 客服轉接】\n\n對話記錄:\n\n[1] 2025/11/2 下午9:50:16\n使用者: 1+1等於多少\nAI: 這是一個簡單的數學問題！答案是 2。\n\n---\n\n[2] 2025/11/2 下午9:50:39\n使用者: 轉人工\nAI: 因為您的問題很簡單，我們可以直接回答。但若您有其他更複雜或需要更多細節的問題，請放心轉接給我們的人工客服，我們會盡力幫助您！如果您想進行行程規劃、景點推薦或訂單查詢等旅遊相關事項，也歡迎轉接給我們的人工客服。\n\n---\n\n[3] 2025/11/2 下午9:59:17\n使用者: 你好\nAI: 你好！我是 SailoTravel 旅遊平台的 AI 客服助手，很高興能夠幫助您！您需要什麼幫助或者想要知道哪些資訊？\n\n---\n\n[4] 2025/11/2 下午10:04:00\n使用者: 你好\nAI: 哈哈! 你好！我們又說了一次。還是無所事事嗎？想聊天或是尋找旅遊信息？\n\n---\n\n[5] 2025/11/2 下午10:08:29\n使用者: 1+1等於多少\nAI: 這個我已經回答過囉！答案仍然是 2。有沒有其他問題想要問我呢？\n\n---\n\n[6] 2025/11/2 下午10:12:16\n使用者: 1+1等於多少\nAI: 你又問了！答案是 2。想知道什麼其他東西嗎？\n\n---\n\n[7] 2025/11/2 下午10:12:24\n使用者: 轉人工\nAI: 因為您已經多次詢問了相同的問題，我們建議您轉接給我們的人工客服，讓他們能夠更好地幫助您！您可以在 SailoTravel 平台中找到「客服中心」的連結，或者直接與我們聯繫。\n\n---\n\n[8] 2025/11/2 下午10:19:31\n使用者: 轉人工\nAI: 好的！您的需求已經被轉介給我們的人工客服了，他們會盡力幫助您解決問題和回答您的一切疑問。謝謝使用 SailoTravel 旅遊平台，祝您旅遊愉快！\n\n---\n\n[9] 2025/11/2 下午10:20:07\n使用者: 人工\nAI: 您的問題已經轉介給我們的人工客服了，他們會很快與您聯繫，以便幫助您解決問題和回答您的一切疑問。謝謝使用 SailoTravel 旅遊平台，祝您旅遊愉快！\n\n---\n\n[10] 2025/11/2 下午10:23:16\n使用者: 人工\nAI: 等一下! 您已經轉介給了人工客服囉! 他們正在幫助您處理問題。如果您有什麼新的要求或疑問，歡迎再與我聯繫，我會盡力協助您。\n\n---\n\n[11] 2025/11/2 下午10:36:06\n使用者: 1+1\nAI: 我們已經聊過這個題目了！答案是 2。人工客服正在幫助您嗎？還需要我的幫助嗎？\n\n---\n\n[12] 2025/11/2 下午10:42:05\n使用者: 2+2\nAI: 不用再問我囉！答案依然是 4。人工客服正在處理您的問題，請繼續等待他们的回覆。\n\n---\n\n[13] 2025/11/2 下午10:44:00\n使用者: 你好\nAI: 你還在這邊！看來您需要一點休息吧。人工客服仍在幫助您處理問題。如果有任何新的需求或疑問，您可以再與我聯繫，我會盡力協助您。\n\n---\n\n[14] 2025/11/2 下午10:46:01\n使用者: 早安\nAI: 早安！希望您今天的旅遊計劃順利進行！如果需要任何幫助或資訊，歡迎再與我聯繫。人工客服也仍在幫助您處理問題。如果您有什麼新要求，請告訴我，我會盡力協助您。\n\n---\n\n[15] 2025/11/2 下午10:54:27\n使用者: 早安\nAI: 您今天的旅遊行程都安排得好嗎？如果需要任何協助或資訊，歡迎再與我聯繫。人工客服還在幫助您處理問題。如果您有什麼新需求，請告訴我，我會盡力幫助您。\n\n---\n\n[16] 2025/11/2 下午10:54:37\n使用者: 轉人工\nAI: 好的！您的要求已經被轉介給我們的人工客服了，他們會盡力幫助您解決問題和回答您的一切疑問。謝謝使用 SailoTravel 旅遊平台，祝您旅遊愉快！\n\n---\n\n[17] 2025/11/2 下午10:57:04\n使用者: 你好\nAI: 您再次與我聯繫囉！看來人工客服仍在幫助您處理問題。如果有任何新的需求或疑問，您可以再與我聯繫，我會盡力協助您。是否需要我提供額外的幫助？\n\n---\n\n[18] 2025/11/2 下午10:57:11\n使用者: 轉人工\nAI: 好的！您的要求已經被轉介給我們的人工客服了，他們會盡力幫助您解決問題和回答您的一切疑問。謝謝使用 SailoTravel 旅遊平台，祝您旅遊愉快！\n\n---\n\n[19] 2025/11/2 下午10:58:45\n使用者: 轉人工\nAI: 您的要求已經被轉介給我們的人工客服了，他們會盡力幫助您解決問題和回答您的一切疑問。謝謝使用 SailoTravel 旅遊平台，祝您旅遊愉快！\n\n---\n\n[20] 2025/11/2 下午11:00:35\n使用者: 轉人工\nAI: 您的要求已經被轉介給我們的人工客服了，他們會盡力幫助您解決問題和回答您的一切疑問。謝謝使用 SailoTravel 旅遊平台，祝您旅遊愉快！\n\n---\n\n[21] 2025/11/2 下午11:01:57\n使用者: 開心嗎\nAI: 嘿嘿！我是一個 AI 客服助手，我的功能是幫助客戶解答問題和提供服務，所以每次有新來的客戶與我聊天，我都會感到很開心！如果您需要任何幫助或資訊，歡迎再與我聯繫。\n\n---\n\n[22] 2025/11/2 下午11:02:32\n使用者: 123\nAI: 您的回覆是 123囉！看起來您可能還在等待人工客服的幫助。如果有任何新問題或需求，您可以再與我聯繫，我會盡力協助您。\n\n---\n\n[23] 2025/11/2 下午11:02:59\n使用者: 123\nAI: 好的！您的要求已經被轉介給我們的人工客服了，他們會盡力幫助您解決問題和回答您的一切疑問。謝謝使用 SailoTravel 旅遊平台，祝您旅遊愉快！\n\n---\n\n[24] 2025/11/2 下午11:03:59\n使用者: 123\nAI: 您的回覆是 123囉！已經轉介給人工客服了，他們會盡力幫助您。如果您有任何新問題或需求，您可以再與我聯繫，我在這裡幫助您。\n\n---\n\n[25] 2025/11/2 下午11:05:56\n使用者: 轉人工\nAI: 您的要求已經被轉介給我們的人工客服了，他們會盡力幫助您解決問題和回答您的一切疑問。謝謝使用 SailoTravel 旅遊平台，祝您旅遊愉快！\n\n---\n\n[26] 2025/11/2 下午11:09:49\n使用者: 轉人工\nAI: 您的要求已經被轉介給我們的人工客服了，他們會盡力幫助您解決問題和回答您的一切疑問。謝謝使用 SailoTravel 旅遊平台，祝您旅遊愉快！\n\n---\n\n[27] 2025/11/2 下午11:12:35\n使用者: 轉人工\nAI: 您的要求已經被轉介給我們的人工客服了，他們會盡力幫助您解決問題和回答您的一切疑問。謝謝使用 SailoTravel 旅遊平台，祝您旅遊愉快！\n\n---\n\n[28] 2025/11/2 下午11:13:43\n使用者: 轉人工\nAI: 您的要求已經被轉介給我們的人工客服了，他們會盡力幫助您解決問題和回答您的一切疑問。謝謝使用 SailoTravel 旅遊平台，祝您旅遊愉快！\n\n---\n\n[29] 2025/11/2 下午11:16:43\n使用者: 轉人工\nAI: 您的要求已經被轉介給我們的人工客服了，他們會盡力幫助您解決問題和回答您的一切疑問。謝謝使用 SailoTravel 旅遊平台，祝您旅遊愉快！\n\n---\n\n[30] 2025/11/2 下午11:18:09\n使用者: 轉人工\nAI: 您的要求已經被轉介給我們的人工客服了，他們會盡力幫助您解決問題和回答您的一切疑問。謝謝使用 SailoTravel 旅遊平台，祝您旅遊愉快！\n\n---\n\n[31] 2025/11/2 下午11:18:59\n使用者: 轉人工\nAI: 您的要求已經被轉介給我們的人工客服了，他們會盡力幫助您解決問題和回答您的一切疑問。謝謝使用 SailoTravel 旅遊平台，祝您旅遊愉快！','2025-11-02 15:19:00','2025-11-02 15:24:04','2025-11-02 15:24:04'),(55,5,3,'closed','medium','AI 轉人工','ai_transfer',1,'【從 AI 客服轉接】\n\n對話記錄:\n\n[1] 2025/11/2 下午9:50:16\n使用者: 1+1等於多少\nAI: 這是一個簡單的數學問題！答案是 2。\n\n---\n\n[2] 2025/11/2 下午9:50:39\n使用者: 轉人工\nAI: 因為您的問題很簡單，我們可以直接回答。但若您有其他更複雜或需要更多細節的問題，請放心轉接給我們的人工客服，我們會盡力幫助您！如果您想進行行程規劃、景點推薦或訂單查詢等旅遊相關事項，也歡迎轉接給我們的人工客服。\n\n---\n\n[3] 2025/11/2 下午9:59:17\n使用者: 你好\nAI: 你好！我是 SailoTravel 旅遊平台的 AI 客服助手，很高興能夠幫助您！您需要什麼幫助或者想要知道哪些資訊？\n\n---\n\n[4] 2025/11/2 下午10:04:00\n使用者: 你好\nAI: 哈哈! 你好！我們又說了一次。還是無所事事嗎？想聊天或是尋找旅遊信息？\n\n---\n\n[5] 2025/11/2 下午10:08:29\n使用者: 1+1等於多少\nAI: 這個我已經回答過囉！答案仍然是 2。有沒有其他問題想要問我呢？\n\n---\n\n[6] 2025/11/2 下午10:12:16\n使用者: 1+1等於多少\nAI: 你又問了！答案是 2。想知道什麼其他東西嗎？\n\n---\n\n[7] 2025/11/2 下午10:12:24\n使用者: 轉人工\nAI: 因為您已經多次詢問了相同的問題，我們建議您轉接給我們的人工客服，讓他們能夠更好地幫助您！您可以在 SailoTravel 平台中找到「客服中心」的連結，或者直接與我們聯繫。\n\n---\n\n[8] 2025/11/2 下午10:19:31\n使用者: 轉人工\nAI: 好的！您的需求已經被轉介給我們的人工客服了，他們會盡力幫助您解決問題和回答您的一切疑問。謝謝使用 SailoTravel 旅遊平台，祝您旅遊愉快！\n\n---\n\n[9] 2025/11/2 下午10:20:07\n使用者: 人工\nAI: 您的問題已經轉介給我們的人工客服了，他們會很快與您聯繫，以便幫助您解決問題和回答您的一切疑問。謝謝使用 SailoTravel 旅遊平台，祝您旅遊愉快！\n\n---\n\n[10] 2025/11/2 下午10:23:16\n使用者: 人工\nAI: 等一下! 您已經轉介給了人工客服囉! 他們正在幫助您處理問題。如果您有什麼新的要求或疑問，歡迎再與我聯繫，我會盡力協助您。\n\n---\n\n[11] 2025/11/2 下午10:36:06\n使用者: 1+1\nAI: 我們已經聊過這個題目了！答案是 2。人工客服正在幫助您嗎？還需要我的幫助嗎？\n\n---\n\n[12] 2025/11/2 下午10:42:05\n使用者: 2+2\nAI: 不用再問我囉！答案依然是 4。人工客服正在處理您的問題，請繼續等待他们的回覆。\n\n---\n\n[13] 2025/11/2 下午10:44:00\n使用者: 你好\nAI: 你還在這邊！看來您需要一點休息吧。人工客服仍在幫助您處理問題。如果有任何新的需求或疑問，您可以再與我聯繫，我會盡力協助您。\n\n---\n\n[14] 2025/11/2 下午10:46:01\n使用者: 早安\nAI: 早安！希望您今天的旅遊計劃順利進行！如果需要任何幫助或資訊，歡迎再與我聯繫。人工客服也仍在幫助您處理問題。如果您有什麼新要求，請告訴我，我會盡力協助您。\n\n---\n\n[15] 2025/11/2 下午10:54:27\n使用者: 早安\nAI: 您今天的旅遊行程都安排得好嗎？如果需要任何協助或資訊，歡迎再與我聯繫。人工客服還在幫助您處理問題。如果您有什麼新需求，請告訴我，我會盡力幫助您。\n\n---\n\n[16] 2025/11/2 下午10:54:37\n使用者: 轉人工\nAI: 好的！您的要求已經被轉介給我們的人工客服了，他們會盡力幫助您解決問題和回答您的一切疑問。謝謝使用 SailoTravel 旅遊平台，祝您旅遊愉快！\n\n---\n\n[17] 2025/11/2 下午10:57:04\n使用者: 你好\nAI: 您再次與我聯繫囉！看來人工客服仍在幫助您處理問題。如果有任何新的需求或疑問，您可以再與我聯繫，我會盡力協助您。是否需要我提供額外的幫助？\n\n---\n\n[18] 2025/11/2 下午10:57:11\n使用者: 轉人工\nAI: 好的！您的要求已經被轉介給我們的人工客服了，他們會盡力幫助您解決問題和回答您的一切疑問。謝謝使用 SailoTravel 旅遊平台，祝您旅遊愉快！\n\n---\n\n[19] 2025/11/2 下午10:58:45\n使用者: 轉人工\nAI: 您的要求已經被轉介給我們的人工客服了，他們會盡力幫助您解決問題和回答您的一切疑問。謝謝使用 SailoTravel 旅遊平台，祝您旅遊愉快！\n\n---\n\n[20] 2025/11/2 下午11:00:35\n使用者: 轉人工\nAI: 您的要求已經被轉介給我們的人工客服了，他們會盡力幫助您解決問題和回答您的一切疑問。謝謝使用 SailoTravel 旅遊平台，祝您旅遊愉快！\n\n---\n\n[21] 2025/11/2 下午11:01:57\n使用者: 開心嗎\nAI: 嘿嘿！我是一個 AI 客服助手，我的功能是幫助客戶解答問題和提供服務，所以每次有新來的客戶與我聊天，我都會感到很開心！如果您需要任何幫助或資訊，歡迎再與我聯繫。\n\n---\n\n[22] 2025/11/2 下午11:02:32\n使用者: 123\nAI: 您的回覆是 123囉！看起來您可能還在等待人工客服的幫助。如果有任何新問題或需求，您可以再與我聯繫，我會盡力協助您。\n\n---\n\n[23] 2025/11/2 下午11:02:59\n使用者: 123\nAI: 好的！您的要求已經被轉介給我們的人工客服了，他們會盡力幫助您解決問題和回答您的一切疑問。謝謝使用 SailoTravel 旅遊平台，祝您旅遊愉快！\n\n---\n\n[24] 2025/11/2 下午11:03:59\n使用者: 123\nAI: 您的回覆是 123囉！已經轉介給人工客服了，他們會盡力幫助您。如果您有任何新問題或需求，您可以再與我聯繫，我在這裡幫助您。\n\n---\n\n[25] 2025/11/2 下午11:05:56\n使用者: 轉人工\nAI: 您的要求已經被轉介給我們的人工客服了，他們會盡力幫助您解決問題和回答您的一切疑問。謝謝使用 SailoTravel 旅遊平台，祝您旅遊愉快！\n\n---\n\n[26] 2025/11/2 下午11:09:49\n使用者: 轉人工\nAI: 您的要求已經被轉介給我們的人工客服了，他們會盡力幫助您解決問題和回答您的一切疑問。謝謝使用 SailoTravel 旅遊平台，祝您旅遊愉快！\n\n---\n\n[27] 2025/11/2 下午11:12:35\n使用者: 轉人工\nAI: 您的要求已經被轉介給我們的人工客服了，他們會盡力幫助您解決問題和回答您的一切疑問。謝謝使用 SailoTravel 旅遊平台，祝您旅遊愉快！\n\n---\n\n[28] 2025/11/2 下午11:13:43\n使用者: 轉人工\nAI: 您的要求已經被轉介給我們的人工客服了，他們會盡力幫助您解決問題和回答您的一切疑問。謝謝使用 SailoTravel 旅遊平台，祝您旅遊愉快！\n\n---\n\n[29] 2025/11/2 下午11:16:43\n使用者: 轉人工\nAI: 您的要求已經被轉介給我們的人工客服了，他們會盡力幫助您解決問題和回答您的一切疑問。謝謝使用 SailoTravel 旅遊平台，祝您旅遊愉快！\n\n---\n\n[30] 2025/11/2 下午11:18:09\n使用者: 轉人工\nAI: 您的要求已經被轉介給我們的人工客服了，他們會盡力幫助您解決問題和回答您的一切疑問。謝謝使用 SailoTravel 旅遊平台，祝您旅遊愉快！\n\n---\n\n[31] 2025/11/2 下午11:18:59\n使用者: 轉人工\nAI: 您的要求已經被轉介給我們的人工客服了，他們會盡力幫助您解決問題和回答您的一切疑問。謝謝使用 SailoTravel 旅遊平台，祝您旅遊愉快！\n\n---\n\n[32] 2025/11/2 下午11:24:15\n使用者: 轉人工\nAI: 您的要求已經被轉介給我們的人工客服了，他們會盡力幫助您解決問題和回答您的一切疑問。謝謝使用 SailoTravel 旅遊平台，祝您旅遊愉快！','2025-11-02 15:24:16','2025-11-02 15:30:14','2025-11-02 15:30:14'),(56,5,3,'closed','medium','AI 轉人工','ai_transfer',1,'【從 AI 客服轉接】\n\n對話記錄:\n\n[1] 2025/11/2 下午9:50:16\n使用者: 1+1等於多少\nAI: 這是一個簡單的數學問題！答案是 2。\n\n---\n\n[2] 2025/11/2 下午9:50:39\n使用者: 轉人工\nAI: 因為您的問題很簡單，我們可以直接回答。但若您有其他更複雜或需要更多細節的問題，請放心轉接給我們的人工客服，我們會盡力幫助您！如果您想進行行程規劃、景點推薦或訂單查詢等旅遊相關事項，也歡迎轉接給我們的人工客服。\n\n---\n\n[3] 2025/11/2 下午9:59:17\n使用者: 你好\nAI: 你好！我是 SailoTravel 旅遊平台的 AI 客服助手，很高興能夠幫助您！您需要什麼幫助或者想要知道哪些資訊？\n\n---\n\n[4] 2025/11/2 下午10:04:00\n使用者: 你好\nAI: 哈哈! 你好！我們又說了一次。還是無所事事嗎？想聊天或是尋找旅遊信息？\n\n---\n\n[5] 2025/11/2 下午10:08:29\n使用者: 1+1等於多少\nAI: 這個我已經回答過囉！答案仍然是 2。有沒有其他問題想要問我呢？\n\n---\n\n[6] 2025/11/2 下午10:12:16\n使用者: 1+1等於多少\nAI: 你又問了！答案是 2。想知道什麼其他東西嗎？\n\n---\n\n[7] 2025/11/2 下午10:12:24\n使用者: 轉人工\nAI: 因為您已經多次詢問了相同的問題，我們建議您轉接給我們的人工客服，讓他們能夠更好地幫助您！您可以在 SailoTravel 平台中找到「客服中心」的連結，或者直接與我們聯繫。\n\n---\n\n[8] 2025/11/2 下午10:19:31\n使用者: 轉人工\nAI: 好的！您的需求已經被轉介給我們的人工客服了，他們會盡力幫助您解決問題和回答您的一切疑問。謝謝使用 SailoTravel 旅遊平台，祝您旅遊愉快！\n\n---\n\n[9] 2025/11/2 下午10:20:07\n使用者: 人工\nAI: 您的問題已經轉介給我們的人工客服了，他們會很快與您聯繫，以便幫助您解決問題和回答您的一切疑問。謝謝使用 SailoTravel 旅遊平台，祝您旅遊愉快！\n\n---\n\n[10] 2025/11/2 下午10:23:16\n使用者: 人工\nAI: 等一下! 您已經轉介給了人工客服囉! 他們正在幫助您處理問題。如果您有什麼新的要求或疑問，歡迎再與我聯繫，我會盡力協助您。\n\n---\n\n[11] 2025/11/2 下午10:36:06\n使用者: 1+1\nAI: 我們已經聊過這個題目了！答案是 2。人工客服正在幫助您嗎？還需要我的幫助嗎？\n\n---\n\n[12] 2025/11/2 下午10:42:05\n使用者: 2+2\nAI: 不用再問我囉！答案依然是 4。人工客服正在處理您的問題，請繼續等待他们的回覆。\n\n---\n\n[13] 2025/11/2 下午10:44:00\n使用者: 你好\nAI: 你還在這邊！看來您需要一點休息吧。人工客服仍在幫助您處理問題。如果有任何新的需求或疑問，您可以再與我聯繫，我會盡力協助您。\n\n---\n\n[14] 2025/11/2 下午10:46:01\n使用者: 早安\nAI: 早安！希望您今天的旅遊計劃順利進行！如果需要任何幫助或資訊，歡迎再與我聯繫。人工客服也仍在幫助您處理問題。如果您有什麼新要求，請告訴我，我會盡力協助您。\n\n---\n\n[15] 2025/11/2 下午10:54:27\n使用者: 早安\nAI: 您今天的旅遊行程都安排得好嗎？如果需要任何協助或資訊，歡迎再與我聯繫。人工客服還在幫助您處理問題。如果您有什麼新需求，請告訴我，我會盡力幫助您。\n\n---\n\n[16] 2025/11/2 下午10:54:37\n使用者: 轉人工\nAI: 好的！您的要求已經被轉介給我們的人工客服了，他們會盡力幫助您解決問題和回答您的一切疑問。謝謝使用 SailoTravel 旅遊平台，祝您旅遊愉快！\n\n---\n\n[17] 2025/11/2 下午10:57:04\n使用者: 你好\nAI: 您再次與我聯繫囉！看來人工客服仍在幫助您處理問題。如果有任何新的需求或疑問，您可以再與我聯繫，我會盡力協助您。是否需要我提供額外的幫助？\n\n---\n\n[18] 2025/11/2 下午10:57:11\n使用者: 轉人工\nAI: 好的！您的要求已經被轉介給我們的人工客服了，他們會盡力幫助您解決問題和回答您的一切疑問。謝謝使用 SailoTravel 旅遊平台，祝您旅遊愉快！\n\n---\n\n[19] 2025/11/2 下午10:58:45\n使用者: 轉人工\nAI: 您的要求已經被轉介給我們的人工客服了，他們會盡力幫助您解決問題和回答您的一切疑問。謝謝使用 SailoTravel 旅遊平台，祝您旅遊愉快！\n\n---\n\n[20] 2025/11/2 下午11:00:35\n使用者: 轉人工\nAI: 您的要求已經被轉介給我們的人工客服了，他們會盡力幫助您解決問題和回答您的一切疑問。謝謝使用 SailoTravel 旅遊平台，祝您旅遊愉快！\n\n---\n\n[21] 2025/11/2 下午11:01:57\n使用者: 開心嗎\nAI: 嘿嘿！我是一個 AI 客服助手，我的功能是幫助客戶解答問題和提供服務，所以每次有新來的客戶與我聊天，我都會感到很開心！如果您需要任何幫助或資訊，歡迎再與我聯繫。\n\n---\n\n[22] 2025/11/2 下午11:02:32\n使用者: 123\nAI: 您的回覆是 123囉！看起來您可能還在等待人工客服的幫助。如果有任何新問題或需求，您可以再與我聯繫，我會盡力協助您。\n\n---\n\n[23] 2025/11/2 下午11:02:59\n使用者: 123\nAI: 好的！您的要求已經被轉介給我們的人工客服了，他們會盡力幫助您解決問題和回答您的一切疑問。謝謝使用 SailoTravel 旅遊平台，祝您旅遊愉快！\n\n---\n\n[24] 2025/11/2 下午11:03:59\n使用者: 123\nAI: 您的回覆是 123囉！已經轉介給人工客服了，他們會盡力幫助您。如果您有任何新問題或需求，您可以再與我聯繫，我在這裡幫助您。\n\n---\n\n[25] 2025/11/2 下午11:05:56\n使用者: 轉人工\nAI: 您的要求已經被轉介給我們的人工客服了，他們會盡力幫助您解決問題和回答您的一切疑問。謝謝使用 SailoTravel 旅遊平台，祝您旅遊愉快！\n\n---\n\n[26] 2025/11/2 下午11:09:49\n使用者: 轉人工\nAI: 您的要求已經被轉介給我們的人工客服了，他們會盡力幫助您解決問題和回答您的一切疑問。謝謝使用 SailoTravel 旅遊平台，祝您旅遊愉快！\n\n---\n\n[27] 2025/11/2 下午11:12:35\n使用者: 轉人工\nAI: 您的要求已經被轉介給我們的人工客服了，他們會盡力幫助您解決問題和回答您的一切疑問。謝謝使用 SailoTravel 旅遊平台，祝您旅遊愉快！\n\n---\n\n[28] 2025/11/2 下午11:13:43\n使用者: 轉人工\nAI: 您的要求已經被轉介給我們的人工客服了，他們會盡力幫助您解決問題和回答您的一切疑問。謝謝使用 SailoTravel 旅遊平台，祝您旅遊愉快！\n\n---\n\n[29] 2025/11/2 下午11:16:43\n使用者: 轉人工\nAI: 您的要求已經被轉介給我們的人工客服了，他們會盡力幫助您解決問題和回答您的一切疑問。謝謝使用 SailoTravel 旅遊平台，祝您旅遊愉快！\n\n---\n\n[30] 2025/11/2 下午11:18:09\n使用者: 轉人工\nAI: 您的要求已經被轉介給我們的人工客服了，他們會盡力幫助您解決問題和回答您的一切疑問。謝謝使用 SailoTravel 旅遊平台，祝您旅遊愉快！\n\n---\n\n[31] 2025/11/2 下午11:18:59\n使用者: 轉人工\nAI: 您的要求已經被轉介給我們的人工客服了，他們會盡力幫助您解決問題和回答您的一切疑問。謝謝使用 SailoTravel 旅遊平台，祝您旅遊愉快！\n\n---\n\n[32] 2025/11/2 下午11:24:15\n使用者: 轉人工\nAI: 您的要求已經被轉介給我們的人工客服了，他們會盡力幫助您解決問題和回答您的一切疑問。謝謝使用 SailoTravel 旅遊平台，祝您旅遊愉快！\n\n---\n\n[33] 2025/11/2 下午11:29:48\n使用者: 1+1\nAI: 很簡單囉！1+1的答案是 2。希望可以幫到你！\n\n---\n\n[34] 2025/11/2 下午11:29:53\n使用者: 人工\nAI: 您的要求已經被轉介給我們的人工客服了，他們會盡力幫助您解決問題和回答您的一切疑問。謝謝使用 SailoTravel 旅遊平台，祝您旅遊愉快！','2025-11-02 15:29:54','2025-11-02 15:30:31','2025-11-02 15:30:31'),(57,5,3,'closed','medium','AI 轉人工','ai_transfer',1,'【從 AI 客服轉接】\n\n對話記錄:\n\n[1] 2025/11/2 下午9:50:16\n使用者: 1+1等於多少\nAI: 這是一個簡單的數學問題！答案是 2。\n\n---\n\n[2] 2025/11/2 下午9:50:39\n使用者: 轉人工\nAI: 因為您的問題很簡單，我們可以直接回答。但若您有其他更複雜或需要更多細節的問題，請放心轉接給我們的人工客服，我們會盡力幫助您！如果您想進行行程規劃、景點推薦或訂單查詢等旅遊相關事項，也歡迎轉接給我們的人工客服。\n\n---\n\n[3] 2025/11/2 下午9:59:17\n使用者: 你好\nAI: 你好！我是 SailoTravel 旅遊平台的 AI 客服助手，很高興能夠幫助您！您需要什麼幫助或者想要知道哪些資訊？\n\n---\n\n[4] 2025/11/2 下午10:04:00\n使用者: 你好\nAI: 哈哈! 你好！我們又說了一次。還是無所事事嗎？想聊天或是尋找旅遊信息？\n\n---\n\n[5] 2025/11/2 下午10:08:29\n使用者: 1+1等於多少\nAI: 這個我已經回答過囉！答案仍然是 2。有沒有其他問題想要問我呢？\n\n---\n\n[6] 2025/11/2 下午10:12:16\n使用者: 1+1等於多少\nAI: 你又問了！答案是 2。想知道什麼其他東西嗎？\n\n---\n\n[7] 2025/11/2 下午10:12:24\n使用者: 轉人工\nAI: 因為您已經多次詢問了相同的問題，我們建議您轉接給我們的人工客服，讓他們能夠更好地幫助您！您可以在 SailoTravel 平台中找到「客服中心」的連結，或者直接與我們聯繫。\n\n---\n\n[8] 2025/11/2 下午10:19:31\n使用者: 轉人工\nAI: 好的！您的需求已經被轉介給我們的人工客服了，他們會盡力幫助您解決問題和回答您的一切疑問。謝謝使用 SailoTravel 旅遊平台，祝您旅遊愉快！\n\n---\n\n[9] 2025/11/2 下午10:20:07\n使用者: 人工\nAI: 您的問題已經轉介給我們的人工客服了，他們會很快與您聯繫，以便幫助您解決問題和回答您的一切疑問。謝謝使用 SailoTravel 旅遊平台，祝您旅遊愉快！\n\n---\n\n[10] 2025/11/2 下午10:23:16\n使用者: 人工\nAI: 等一下! 您已經轉介給了人工客服囉! 他們正在幫助您處理問題。如果您有什麼新的要求或疑問，歡迎再與我聯繫，我會盡力協助您。\n\n---\n\n[11] 2025/11/2 下午10:36:06\n使用者: 1+1\nAI: 我們已經聊過這個題目了！答案是 2。人工客服正在幫助您嗎？還需要我的幫助嗎？\n\n---\n\n[12] 2025/11/2 下午10:42:05\n使用者: 2+2\nAI: 不用再問我囉！答案依然是 4。人工客服正在處理您的問題，請繼續等待他们的回覆。\n\n---\n\n[13] 2025/11/2 下午10:44:00\n使用者: 你好\nAI: 你還在這邊！看來您需要一點休息吧。人工客服仍在幫助您處理問題。如果有任何新的需求或疑問，您可以再與我聯繫，我會盡力協助您。\n\n---\n\n[14] 2025/11/2 下午10:46:01\n使用者: 早安\nAI: 早安！希望您今天的旅遊計劃順利進行！如果需要任何幫助或資訊，歡迎再與我聯繫。人工客服也仍在幫助您處理問題。如果您有什麼新要求，請告訴我，我會盡力協助您。\n\n---\n\n[15] 2025/11/2 下午10:54:27\n使用者: 早安\nAI: 您今天的旅遊行程都安排得好嗎？如果需要任何協助或資訊，歡迎再與我聯繫。人工客服還在幫助您處理問題。如果您有什麼新需求，請告訴我，我會盡力幫助您。\n\n---\n\n[16] 2025/11/2 下午10:54:37\n使用者: 轉人工\nAI: 好的！您的要求已經被轉介給我們的人工客服了，他們會盡力幫助您解決問題和回答您的一切疑問。謝謝使用 SailoTravel 旅遊平台，祝您旅遊愉快！\n\n---\n\n[17] 2025/11/2 下午10:57:04\n使用者: 你好\nAI: 您再次與我聯繫囉！看來人工客服仍在幫助您處理問題。如果有任何新的需求或疑問，您可以再與我聯繫，我會盡力協助您。是否需要我提供額外的幫助？\n\n---\n\n[18] 2025/11/2 下午10:57:11\n使用者: 轉人工\nAI: 好的！您的要求已經被轉介給我們的人工客服了，他們會盡力幫助您解決問題和回答您的一切疑問。謝謝使用 SailoTravel 旅遊平台，祝您旅遊愉快！\n\n---\n\n[19] 2025/11/2 下午10:58:45\n使用者: 轉人工\nAI: 您的要求已經被轉介給我們的人工客服了，他們會盡力幫助您解決問題和回答您的一切疑問。謝謝使用 SailoTravel 旅遊平台，祝您旅遊愉快！\n\n---\n\n[20] 2025/11/2 下午11:00:35\n使用者: 轉人工\nAI: 您的要求已經被轉介給我們的人工客服了，他們會盡力幫助您解決問題和回答您的一切疑問。謝謝使用 SailoTravel 旅遊平台，祝您旅遊愉快！\n\n---\n\n[21] 2025/11/2 下午11:01:57\n使用者: 開心嗎\nAI: 嘿嘿！我是一個 AI 客服助手，我的功能是幫助客戶解答問題和提供服務，所以每次有新來的客戶與我聊天，我都會感到很開心！如果您需要任何幫助或資訊，歡迎再與我聯繫。\n\n---\n\n[22] 2025/11/2 下午11:02:32\n使用者: 123\nAI: 您的回覆是 123囉！看起來您可能還在等待人工客服的幫助。如果有任何新問題或需求，您可以再與我聯繫，我會盡力協助您。\n\n---\n\n[23] 2025/11/2 下午11:02:59\n使用者: 123\nAI: 好的！您的要求已經被轉介給我們的人工客服了，他們會盡力幫助您解決問題和回答您的一切疑問。謝謝使用 SailoTravel 旅遊平台，祝您旅遊愉快！\n\n---\n\n[24] 2025/11/2 下午11:03:59\n使用者: 123\nAI: 您的回覆是 123囉！已經轉介給人工客服了，他們會盡力幫助您。如果您有任何新問題或需求，您可以再與我聯繫，我在這裡幫助您。\n\n---\n\n[25] 2025/11/2 下午11:05:56\n使用者: 轉人工\nAI: 您的要求已經被轉介給我們的人工客服了，他們會盡力幫助您解決問題和回答您的一切疑問。謝謝使用 SailoTravel 旅遊平台，祝您旅遊愉快！\n\n---\n\n[26] 2025/11/2 下午11:09:49\n使用者: 轉人工\nAI: 您的要求已經被轉介給我們的人工客服了，他們會盡力幫助您解決問題和回答您的一切疑問。謝謝使用 SailoTravel 旅遊平台，祝您旅遊愉快！\n\n---\n\n[27] 2025/11/2 下午11:12:35\n使用者: 轉人工\nAI: 您的要求已經被轉介給我們的人工客服了，他們會盡力幫助您解決問題和回答您的一切疑問。謝謝使用 SailoTravel 旅遊平台，祝您旅遊愉快！\n\n---\n\n[28] 2025/11/2 下午11:13:43\n使用者: 轉人工\nAI: 您的要求已經被轉介給我們的人工客服了，他們會盡力幫助您解決問題和回答您的一切疑問。謝謝使用 SailoTravel 旅遊平台，祝您旅遊愉快！\n\n---\n\n[29] 2025/11/2 下午11:16:43\n使用者: 轉人工\nAI: 您的要求已經被轉介給我們的人工客服了，他們會盡力幫助您解決問題和回答您的一切疑問。謝謝使用 SailoTravel 旅遊平台，祝您旅遊愉快！\n\n---\n\n[30] 2025/11/2 下午11:18:09\n使用者: 轉人工\nAI: 您的要求已經被轉介給我們的人工客服了，他們會盡力幫助您解決問題和回答您的一切疑問。謝謝使用 SailoTravel 旅遊平台，祝您旅遊愉快！\n\n---\n\n[31] 2025/11/2 下午11:18:59\n使用者: 轉人工\nAI: 您的要求已經被轉介給我們的人工客服了，他們會盡力幫助您解決問題和回答您的一切疑問。謝謝使用 SailoTravel 旅遊平台，祝您旅遊愉快！\n\n---\n\n[32] 2025/11/2 下午11:24:15\n使用者: 轉人工\nAI: 您的要求已經被轉介給我們的人工客服了，他們會盡力幫助您解決問題和回答您的一切疑問。謝謝使用 SailoTravel 旅遊平台，祝您旅遊愉快！\n\n---\n\n[33] 2025/11/2 下午11:29:48\n使用者: 1+1\nAI: 很簡單囉！1+1的答案是 2。希望可以幫到你！\n\n---\n\n[34] 2025/11/2 下午11:29:53\n使用者: 人工\nAI: 您的要求已經被轉介給我們的人工客服了，他們會盡力幫助您解決問題和回答您的一切疑問。謝謝使用 SailoTravel 旅遊平台，祝您旅遊愉快！\n\n---\n\n[35] 2025/11/2 下午11:38:57\n使用者: 早安\nAI: 早安！希望您今天的旅程順暢愉快！ SailoTravel 的客服系統將持續為您提供幫助和支持。有任何問題或需求時歡迎再與我們聯繫！\n\n---\n\n[36] 2025/11/2 下午11:43:15\n使用者: 你好\nAI: 你好！我是 SailoTravel 的 AI 客服助手，歡迎使用我們的旅遊平台。如何可以幫助您今天呢？\n\n---\n\n[37] 2025/11/2 下午11:43:25\n使用者: 轉人工\nAI: 您的要求已經被轉介給我們的人工客服了，他們會盡力幫助您解決問題和回答您的一切疑問。謝謝使用 SailoTravel 旅遊平台，祝您旅遊愉快！','2025-11-02 15:43:26','2025-11-02 15:44:06','2025-11-02 15:44:06'),(58,5,3,'closed','medium','AI 轉人工','ai_transfer',1,'【從 AI 客服轉接】\n\n對話記錄:\n(僅顯示 3 分鐘內的對話)\n\n[1] 2025/11/2 下午11:47:30\n使用者: 你好啊\nAI: 哈哈，你也很高興吧？要是有什麼需要幫助的話，我們可以一起聊聊，或是直接轉介給人工客服。怎麼可以幫到你呢？','2025-11-02 15:47:31','2025-11-02 15:48:04','2025-11-02 15:48:04'),(59,5,3,'closed','medium','AI 轉人工','ai_transfer',1,'【從 AI 客服轉接】\n\n對話記錄:\n(僅顯示 3 分鐘內的對話)\n\n[1] 2025/11/2 下午11:47:30\n使用者: 你好啊\nAI: 哈哈，你也很高興吧？要是有什麼需要幫助的話，我們可以一起聊聊，或是直接轉介給人工客服。怎麼可以幫到你呢？\n\n---\n\n[2] 2025/11/2 下午11:47:55\n使用者: 你好啊\nAI: 哈哈，很高興和您說話！如果您有任何旅遊相關的問題或需求，歡迎隨時與我們聯繫。目前，我們的系統沒有收到您的任何詢問或要求。如果需要幫助，請直接告訴我吧！\n\n---\n\n[3] 2025/11/2 下午11:48:09\n使用者: 轉人工\nAI: 您的要求已經被轉介給我們的人工客服了，他們會盡力幫助您解決問題和回答您的一切疑問。謝謝使用 SailoTravel 旅遊平台，祝您旅遊愉快！','2025-11-02 15:48:10','2025-11-02 15:48:32','2025-11-02 15:48:32'),(60,5,3,'closed','medium','AI 轉人工','ai_transfer',1,'【從 AI 客服轉接】\n\n對話記錄:\n(僅顯示 3 分鐘內的對話)\n\n[1] 2025/11/2 下午11:53:38\n使用者: 你好\nAI: 你也好！要是有什麼需要幫助的話，我們可以一起聊聊，或是直接轉介給人工客服。怎麼可以幫到你呢？\n\n---\n\n[2] 2025/11/2 下午11:54:10\n使用者: 轉人工\nAI: 您的要求已經被轉介給我們的人工客服了，他們會盡力幫助您解決問題和回答您的一切疑問。謝謝使用 SailoTravel 旅遊平台，祝您旅遊愉快！','2025-11-02 15:54:11','2025-11-02 15:54:36','2025-11-02 15:54:36'),(61,5,3,'closed','medium','一般諮詢','direct',NULL,NULL,'2025-11-02 15:54:38','2025-11-02 15:54:55','2025-11-02 15:54:55'),(62,5,3,'closed','medium','AI 轉人工','ai_transfer',1,'【從 AI 客服轉接】\n\n對話記錄:\n(僅顯示 3 分鐘內的對話)\n\n[1] 2025/11/3 上午11:25:50\n使用者: 你好\nAI: 很高興與您再次聯繫！您的需求已經被轉介給人工客服了，他們會盡力幫助您。感謝使用 SailoTravel 旅遊平台，祝您旅途愉快！\n\n---\n\n[2] 2025/11/3 上午11:25:57\n使用者: 轉人工\nAI: 您的要求已經被轉介給我們的人工客服了，他們會盡力幫助您解決問題和回答您的一切疑問。謝謝使用 SailoTravel 旅遊平台，祝您旅遊愉快！','2025-11-03 03:25:58','2025-11-03 03:26:13','2025-11-03 03:26:13'),(63,5,3,'closed','medium','一般諮詢','direct',NULL,NULL,'2025-11-03 03:26:16','2025-11-03 03:26:26','2025-11-03 03:26:26'),(64,5,3,'closed','medium','AI 轉人工','ai_transfer',1,'【從 AI 客服轉接】\n\n對話記錄:\n(僅顯示 3 分鐘內的對話)\n\n[1] 2025/11/3 下午2:21:44\n使用者: 你好\nAI: 您的需求已經被轉介給人工客服了，他們會盡力幫助您解決問題和回答您的一切疑問。感謝使用 SailoTravel 旅遊平台，祝您旅途愉快！\n\n---\n\n[2] 2025/11/3 下午2:22:10\n使用者: 我的暱稱是?\nAI: 很抱歉，我們的對話中你一直提到了轉介給人工客服，但我仍然沒有記住你的暱稱。可能是因為我們的對話過短，或是我們系統上的原因。這時候，我們真的需要轉介給人工客服了，他們可以幫助您回答這個問題，以及解決其他未被處理的問題。\n\n---\n\n[3] 2025/11/3 下午2:22:29\n使用者: 轉人工\nAI: 您的要求已經被轉介給我們的人工客服了，他們會盡力幫助您解決問題和回答您的一切疑問。謝謝使用 SailoTravel 旅遊平台，祝您旅途愉快！','2025-11-03 06:22:30','2025-11-03 06:23:05','2025-11-03 06:23:05'),(65,5,3,'closed','medium','AI 轉人工','ai_transfer',1,'【從 AI 客服轉接】\n\n對話記錄:\n(僅顯示 3 分鐘內的對話)\n\n[1] 2025/11/3 下午2:24:43\n使用者: 幫我安排台北早上的行程\nAI: 很高興為您安排台北的行程！\n\n台北早上有許多精彩的景點和活動可以選擇。根據您的喜好，我建議您可以選擇以下幾個選項：\n\n1. **陽明山國家公園**：晨曦下的陽明山，空氣清新，景色美麗，是台北最好的早餐地點。\n2. **西門町早市**：在台北最著名的購物區-westgate-找到的早市，品嚐各種美味的小吃和買些特色禮品。\n3. **淡水老街**：這個小鎮充滿歷史氣息，在早晨，觀光客們在悠遊於這裡，享受純樸的生活風格。\n\n還有其他選擇嗎？或您想知道更多詳細資訊？\n\n---\n\n[2] 2025/11/3 下午2:26:32\n使用者: 轉人工\nAI: 您的行程安排需求已經被轉介給我們的人工客服了，他們會幫助您更深入地了解和細致地規劃台北的早上行程。謝謝使用 SailoTravel 旅遊平台，祝您旅途愉快！','2025-11-03 06:26:33','2025-11-03 06:27:03','2025-11-03 06:27:03'),(66,5,3,'closed','medium','一般諮詢','direct',NULL,NULL,'2025-11-03 06:27:10','2025-11-03 06:27:39','2025-11-03 06:27:39'),(67,5,3,'closed','medium','AI 轉人工','ai_transfer',1,'【從 AI 客服轉接】\n\n對話記錄:\n(僅顯示 3 分鐘內的對話)\n\n[1] 2025/11/3 下午2:29:59\n使用者: 人工\nAI: 您的行程安排需求已經被交由人工客服處理了，他們會盡力幫助您規劃台北的早上行程並回答您的一切疑問。謝謝使用 SailoTravel 旅遊平台，祝您旅途愉快！','2025-11-03 06:29:59','2025-11-03 06:32:20','2025-11-03 06:32:20'),(68,5,3,'closed','medium','AI 轉人工','ai_transfer',1,'【從 AI 客服轉接】\n\n對話記錄:\n(僅顯示 3 分鐘內的對話)\n\n[1] 2025/11/4 上午10:01:47\n使用者: 1+1\nAI: 很簡單的一個問題！答案是 2。有其他需要幫助的東西嗎？\n\n---\n\n[2] 2025/11/4 上午10:03:35\n使用者: 人工\nAI: 您的需求已經被轉介給我們的人工客服了，他們會盡力幫助您解決任何問題和回答您的一切疑問。謝謝使用 SailoTravel 旅遊平台，祝您旅途愉快！','2025-11-04 02:03:36','2025-11-04 02:06:58','2025-11-04 02:06:58'),(69,5,3,'closed','medium','一般諮詢','direct',NULL,NULL,'2025-11-04 02:07:03','2025-11-04 02:11:04','2025-11-04 02:11:04'),(70,5,3,'closed','medium','AI 轉人工','ai_transfer',1,'【從 AI 客服轉接】\n\n對話記錄:\n(僅顯示 3 分鐘內的對話)\n\n[1] 2025/11/4 上午10:27:47\n使用者: 你好\nAI: 您的需求已經被轉介給人工客服了，他們會盡力幫助您解決問題和回答您的一切疑問。謝謝使用 SailoTravel 旅遊平台，祝您旅途愉快！\n\n---\n\n[2] 2025/11/4 上午10:27:55\n使用者: 我的暱稱是?\nAI: 很抱歉，我們的系統中並沒有記錄您的暱稱。如果您想知道您的暱稱，您可以嘗試查看過往對話的紀錄或聯繫我們的人工客服，他們可以幫助您查詢您的帳戶資訊。\n\n---\n\n[3] 2025/11/4 上午10:28:04\n使用者: 轉人工\nAI: 您的需求已經被轉介給我們的人工客服了，他們會幫助您解決問題和回答您的一切疑問。謝謝使用 SailoTravel 旅遊平台，祝您旅途愉快！','2025-11-04 02:28:05','2025-11-04 02:28:20','2025-11-04 02:28:20'),(71,5,3,'closed','medium','一般諮詢','direct',NULL,NULL,'2025-11-04 02:28:26','2025-11-04 02:28:43','2025-11-04 02:28:43'),(72,5,3,'closed','medium','AI 轉人工','ai_transfer',1,'【從 AI 客服轉接】\n\n對話記錄:\n(僅顯示 3 分鐘內的對話)\n\n[1] 2025/11/4 上午10:55:28\n使用者: 訂單情況\nAI: 我可以幫助您查詢基本的訂單資訊，但如果您需要更多詳細的信息，請等待我們的人工客服的回覆，他們會幫助您查詢您的訂單狀態。\n\n---\n\n[2] 2025/11/4 上午10:55:39\n使用者: 查詢基本的訂單資訊\nAI: 根據我可以看到，您目前沒有任何正在進行中的訂單。想要查看過往訂單資訊或進行新的訂單請點選右上角的\"我的行程\"，或者聯繫我們的人工客服，他們會幫助您完成您的需求。\n\n---\n\n[3] 2025/11/4 上午10:58:25\n使用者: 轉人工\nAI: 好的，我們的人工客服將會與您聯繫，以幫助您查詢您的訂單資訊或回答您其他問題。如果您願意，可以提供一下您的電話號碼或電子郵件地址，讓我們的人工客服可以更快速地與您取得聯繫。','2025-11-04 02:58:26','2025-11-04 02:58:50','2025-11-04 02:58:50'),(73,5,3,'closed','medium','AI 手動轉人工','ai_transfer',1,'【從 AI 客服轉接 (手動)】\n\n對話記錄:\n(僅顯示 3 分鐘內的對話)\n\n[1] 2025/11/4 下午7:02:10\n使用者: 你好\nAI: 您好！我是SailoTravel的AI客服助手。您需要幫助什麼關於您的旅遊行程或訂單？\n\n---\n\n[2] 2025/11/4 下午7:02:19\n使用者: 轉人工\nAI: 好的，我們的人工客服將會與您聯繫，盡力幫助您解決問題。請稍等一下，他們會在短時間內聯繫您。感謝您的配合！','2025-11-04 11:02:20','2025-11-04 11:02:40','2025-11-04 11:02:40'),(75,5,3,'closed','medium','AI 自動轉人工','ai_transfer',1,'【自動從 AI 客服轉接】\n\n對話記錄:\n(僅顯示 3 分鐘內的對話)\n\n[1] 2025/11/4 下午7:02:10\n使用者: 你好\nAI: 您好！我是SailoTravel的AI客服助手。您需要幫助什麼關於您的旅遊行程或訂單？\n\n---\n\n[2] 2025/11/4 下午7:02:19\n使用者: 轉人工\nAI: 好的，我們的人工客服將會與您聯繫，盡力幫助您解決問題。請稍等一下，他們會在短時間內聯繫您。感謝您的配合！','2025-11-04 11:02:24','2025-11-04 11:02:42','2025-11-04 11:02:42'),(77,5,3,'closed','medium','AI 轉人工','ai_transfer',1,'【從 AI 客服轉接】\n\n對話記錄:\n(僅顯示 3 分鐘內的對話)\n\n[1] 2025/11/4 下午7:02:10\n使用者: 你好\nAI: 您好！我是SailoTravel的AI客服助手。您需要幫助什麼關於您的旅遊行程或訂單？\n\n---\n\n[2] 2025/11/4 下午7:02:19\n使用者: 轉人工\nAI: 好的，我們的人工客服將會與您聯繫，盡力幫助您解決問題。請稍等一下，他們會在短時間內聯繫您。感謝您的配合！\n\n---\n\n[3] 2025/11/4 下午7:03:08\n使用者: HI\nAI: 您好！我們的人工客服正在為您準備... 他們將會與您聯繫，盡力幫助您解決問題。請耐心等待...\n\n---\n\n[4] 2025/11/4 下午7:03:15\n使用者: 人工\nAI: 好的，我們的人工客服已經與您取得聯繫了。他們會幫助您解決您的問題，謝謝您的配合！','2025-11-04 11:03:15','2025-11-04 11:03:41','2025-11-04 11:03:41'),(78,5,3,'closed','medium','一般諮詢','direct',NULL,NULL,'2025-11-04 11:03:43','2025-11-04 11:03:50','2025-11-04 11:03:50'),(79,5,3,'closed','medium','AI 轉人工','ai_transfer',1,'【從 AI 客服轉接】\n\n對話記錄:\n(僅顯示 3 分鐘內的對話)\n\n[1] 2025/11/5 上午12:08:37\n使用者: 你好\nAI: 您好！我們的人工客服已經與您取得聯繫了。他們會幫助您解決您的問題，請放心與他們溝通。\n\n---\n\n[2] 2025/11/5 上午12:08:42\n使用者: 人工\nAI: 好的，我們的人工客服已經將您轉接到了一個專業的客服人員，他們將幫助您解決所有的問題和疑問。感謝您的配合！','2025-11-04 16:08:43','2025-11-04 16:08:59','2025-11-04 16:08:59'),(80,5,3,'closed','medium','一般諮詢','direct',NULL,NULL,'2025-11-04 16:09:03','2025-11-04 16:09:18','2025-11-04 16:09:18'),(81,5,3,'closed','medium','AI 轉人工','ai_transfer',1,'【從 AI 客服轉接】\n\n對話記錄:\n(僅顯示 3 分鐘內的對話)\n\n[1] 2025/11/5 上午10:50:44\n使用者: 你好\nAI: 您好！我們的人工客服正在為您服務。他們會幫助您處理您的訂單、行程安排等任何問題。是否需要他們幫助您解決什麼事呢？\n\n---\n\n[2] 2025/11/5 上午10:50:49\n使用者: 轉人工\nAI: 好的，我們的人工客服將再次與您聯繫。請稍等一下，他們會幫助您解決您的問題。謝謝您的配合！','2025-11-05 02:50:50','2025-11-05 02:51:18','2025-11-05 02:51:18'),(82,5,3,'closed','medium','AI 轉人工','ai_transfer',1,'【從 AI 客服轉接】\n\n對話記錄:\n(僅顯示 3 分鐘內的對話)\n\n[1] 2025/11/5 下午1:19:39\n使用者: 你好\nAI: 您好！我們的人工客服已經為您準備好了，他們將幫助您處理所有的問題和疑問。是否需要他們幫助您解決什麼事呢？\n\n---\n\n[2] 2025/11/5 下午1:19:50\n使用者: 人工\nAI: 好的，我們的人工客服已經與您取得聯繫了。他們會幫助您解決您的需求，謝謝您的配合！','2025-11-05 05:19:51','2025-11-05 05:20:02','2025-11-05 05:20:02'),(83,5,3,'closed','medium','AI 轉人工','ai_transfer',1,'【從 AI 客服轉接】\n\n對話記錄:\n(僅顯示 3 分鐘內的對話)\n\n[1] 2025/11/5 下午1:28:53\n使用者: 轉人工\nAI: 好的，我們的人工客服將再次與您聯繫。請稍等一下，他們會幫助您解決您的問題。謝謝您的合作！','2025-11-05 05:28:55','2025-11-05 05:29:13','2025-11-05 05:29:13'),(84,5,3,'closed','medium','一般諮詢','direct',NULL,NULL,'2025-11-05 05:29:43','2025-11-05 05:30:02','2025-11-05 05:30:02'),(85,5,3,'closed','medium','一般諮詢','direct',NULL,NULL,'2025-11-05 05:31:31','2025-11-05 05:31:49','2025-11-05 05:31:49'),(86,5,3,'closed','medium','AI 轉人工','ai_transfer',1,'【從 AI 客服轉接】\n\n對話記錄:\n(僅顯示 3 分鐘內的對話)\n\n[1] 2025/11/5 下午1:37:16\n使用者: 人工\nAI: 已經為您轉接到人工客服了。他們正在為您準備答案，請稍候幾秒鐘...','2025-11-05 05:37:17','2025-11-05 05:37:29','2025-11-05 05:37:29'),(87,5,3,'closed','medium','一般諮詢','direct',NULL,NULL,'2025-11-05 05:39:21','2025-11-05 05:39:30','2025-11-05 05:39:30'),(88,5,3,'closed','medium','一般諮詢','direct',NULL,NULL,'2025-11-05 05:40:30','2025-11-05 05:40:35','2025-11-05 05:40:35'),(89,5,3,'closed','medium','一般諮詢','direct',NULL,NULL,'2025-11-05 05:41:23','2025-11-05 05:41:31','2025-11-05 05:41:31'),(90,5,3,'closed','medium','一般諮詢','direct',NULL,NULL,'2025-11-05 06:06:11','2025-11-05 06:06:20','2025-11-05 06:06:20'),(91,5,3,'closed','medium','AI 轉人工','ai_transfer',1,'【從 AI 客服轉接】\n\n對話記錄:\n(僅顯示 3 分鐘內的對話)\n\n[1] 2025/11/6 上午9:59:59\n使用者: 轉人工\nAI: 好的，我們的人工客服將再次與您聯繫。他們會幫助您解決您的需求，謝謝您的配合！','2025-11-06 02:00:00','2025-11-06 02:01:29','2025-11-06 02:01:29'),(92,5,3,'closed','medium','AI 轉人工','ai_transfer',1,'【從 AI 客服轉接】\n\n對話記錄:\n(僅顯示 3 分鐘內的對話)\n\n[1] 2025/11/6 上午10:25:37\n使用者: 行程收藏數量\nAI: 抱歉,目前無法處理您的請求。建議您轉接真人客服以獲得更好的協助。','2025-11-06 02:25:38','2025-11-06 02:40:47','2025-11-06 02:40:47'),(93,5,3,'closed','medium','AI 轉人工','ai_transfer',1,'【從 AI 客服轉接】\n\n對話記錄:\n(僅顯示 3 分鐘內的對話)\n\n[1] 2025/11/6 上午10:25:37\n使用者: 行程收藏數量\nAI: 抱歉,目前無法處理您的請求。建議您轉接真人客服以獲得更好的協助。\n\n---\n\n[2] 2025/11/6 上午10:26:33\n使用者: 轉人工\nAI: 抱歉,目前無法處理您的請求。建議您轉接真人客服以獲得更好的協助。','2025-11-06 02:26:34','2025-11-06 02:27:14','2025-11-06 02:27:14'),(94,5,3,'closed','medium','AI 轉人工','ai_transfer',1,'【從 AI 客服轉接】\n\n對話記錄:\n(僅顯示 3 分鐘內的對話)\n\n[1] 2025/11/6 上午10:41:14\n使用者: 基本訂單資訊\nAI: 您的基本訂單資訊將由人工客服提供。請稍候，人工客服會與您聯繫以提供相關資訊。\n\n---\n\n[2] 2025/11/6 上午10:41:50\n使用者: 查詢基本訂單資訊\nAI: 已經轉接人工客服幫助您查詢基本訂單資訊。請等待短暫時間，人工客服將與您聯繫。\n\n---\n\n[3] 2025/11/6 上午10:42:09\n使用者: 幫我查詢我的基本訂單資訊\nAI: 好的，我們的人工客服正在為您處理查詢基本訂單資訊的需求。請稍候片刻，他們會與您聯繫，提供您的基本訂單資訊。\n\n---\n\n[4] 2025/11/6 上午10:42:25\n使用者: 行程收藏數量\nAI: 已經轉接人工客服幫助您查詢行程收藏數量。請等待短暫時間，人工客服將與您聯繫。\n\n---\n\n[5] 2025/11/6 上午10:42:37\n使用者: 你幫我查詢行程收藏數量\nAI: 您的行程收藏數量是 0 個。想要添加新的行程或管理您的收藏嗎？\n\n---\n\n[6] 2025/11/6 上午10:42:48\n使用者: 你幫我查詢行程收藏數量\nAI: 您可以先進入我的帳戶頁面，然後按一下 \"收藏\" 區域，我們的人工客服也會幫助您查詢。\n\n---\n\n[7] 2025/11/6 上午10:42:57\n使用者: 你幫我查詢行程收藏數量\nAI: 已經轉接人工客服幫助您查詢行程收藏數量。請等待短暫時間，人工客服將與您聯繫。\n\n---\n\n[8] 2025/11/6 上午10:43:13\n使用者: 查詢基本訂單資訊\nAI: 已經轉接人工客服幫助您查詢基本訂單資訊。請等待短暫時間，人工客服將與您聯繫。\n\n---\n\n[9] 2025/11/6 上午10:43:28\n使用者: 轉人工\nAI: 人工客服已經收到您的需求。請稍候片刻，他們會與您聯繫，幫助您查詢基本訂單資訊和行程收藏數量。謝謝合作！','2025-11-06 02:43:29','2025-11-06 02:43:43','2025-11-06 02:43:43'),(95,5,3,'closed','medium','AI 轉人工','ai_transfer',1,'【從 AI 客服轉接】\n\n對話記錄:\n(僅顯示 3 分鐘內的對話)\n\n[1] 2025/11/6 上午10:56:55\n使用者: 行程收藏數量\nAI: 人工客服已經收到您的需求，將幫助您查詢行程收藏數量。請等待短暫時間，他們會與您聯繫。\n\n---\n\n[2] 2025/11/6 上午10:57:26\n使用者: 行程收藏數量\nAI: 人工客服正在處理您的要求。稍後將提供您的行程收藏數量資訊。謝謝合作！\n\n---\n\n[3] 2025/11/6 上午10:58:52\n使用者: 行程收藏數量\nAI: 已經轉接人工客服幫助您查詢行程收藏數量。等待短暫時間，人工客服將與您聯繫，並為您提供您的行程收藏數量資訊。\n\n---\n\n[4] 2025/11/6 上午10:59:28\n使用者: 你好\nAI: 您好！我是SailoTravel的AI客服助手。您需要幫助什麼嗎？\n\n---\n\n[5] 2025/11/6 上午10:59:38\n使用者: 人工\nAI: 轉接給人工客服了。請稍候片刻，他們會與您聯繫，幫助您解決問題。謝謝合作！','2025-11-06 02:59:39','2025-11-06 03:00:28','2025-11-06 03:00:28'),(96,5,3,'closed','medium','AI 轉人工','ai_transfer',1,'【從 AI 客服轉接】\n\n對話記錄:\n(僅顯示 3 分鐘內的對話)\n\n[1] 2025/11/8 上午7:19:18\n使用者: 早安\nAI: 您好！早上好！希望您的今天美好！我還在線等著幫助您。如果您需要什麼幫助，請隨時與我聯繫！\n\n---\n\n[2] 2025/11/8 上午7:19:43\n使用者: 轉人工\nAI: 已經轉接給人工客服了。請稍候片刻，他們會與您聯繫，幫助您解決問題。謝謝合作！','2025-11-07 23:19:44','2025-11-07 23:20:44','2025-11-07 23:20:44'),(97,5,3,'closed','medium','AI 轉人工','ai_transfer',1,'【從 AI 客服轉接】\n\n對話記錄:\n(僅顯示 3 分鐘內的對話)\n\n[1] 2025/11/8 上午7:55:28\n使用者: 修改密碼\nAI: 我注意到您想修改密碼。\n\n為了您的帳號安全，密碼修改需要在會員中心進行。我現在就為您導航到密碼修改頁面！\n\n---\n\n[2] 2025/11/8 上午7:55:56\n使用者: 修改密碼\nAI: 我注意到您想修改密碼。\n\n為了您的帳號安全，密碼修改需要在會員中心進行。我現在就為您導航到密碼修改頁面！\n\n---\n\n[3] 2025/11/8 上午7:57:37\n使用者: 轉人工\nAI: 已經轉接給人工客服了。請稍候片刻，他們會與您聯繫，幫助您修改密碼。謝謝合作！','2025-11-07 23:57:38','2025-11-07 23:58:21','2025-11-07 23:58:21'),(98,5,3,'closed','medium','AI 轉人工','ai_transfer',1,'【從 AI 客服轉接】\n\n對話記錄:\n(僅顯示 3 分鐘內的對話)\n\n[1] 2025/11/8 上午8:06:27\n使用者: 行程收藏數量\nAI: 您的收藏數量為 0 個行程。想要儲存或瀏覽更多旅遊建議嗎？\n\n---\n\n[2] 2025/11/8 上午8:06:51\n使用者: 行程收藏數量\nAI: 您目前共有 0 個行程收藏。\n\n想查詢其他資訊或添加新的行程收藏嗎？\n\n---\n\n[3] 2025/11/8 上午8:08:28\n使用者: 我上次修改個人資料是什麼時候\nAI: 您最後一次修改個人資料的時間是2025/11/8 上午8:01:24。','2025-11-08 00:08:29','2025-11-08 00:08:38','2025-11-08 00:08:38'),(99,5,3,'closed','medium','AI 轉人工','ai_transfer',1,'【從 AI 客服轉接】\n\n對話記錄:\n(僅顯示 3 分鐘內的對話)\n\n[1] 2025/11/8 上午8:06:27\n使用者: 行程收藏數量\nAI: 您的收藏數量為 0 個行程。想要儲存或瀏覽更多旅遊建議嗎？\n\n---\n\n[2] 2025/11/8 上午8:06:51\n使用者: 行程收藏數量\nAI: 您目前共有 0 個行程收藏。\n\n想查詢其他資訊或添加新的行程收藏嗎？\n\n---\n\n[3] 2025/11/8 上午8:08:28\n使用者: 我上次修改個人資料是什麼時候\nAI: 您最後一次修改個人資料的時間是2025/11/8 上午8:01:24。\n\n---\n\n[4] 2025/11/8 上午8:08:56\n使用者: 我上次修改個人資料是什麼時候\nAI: 已經查詢到了您的資料囉！您最後一次修改個人資料的時間是 2025/11/8 上午8:01:24。','2025-11-08 00:08:57','2025-11-08 00:09:04','2025-11-08 00:09:04'),(100,5,3,'closed','medium','AI 轉人工','ai_transfer',1,'【從 AI 客服轉接】\n\n對話記錄:\n(僅顯示 3 分鐘內的對話)\n\n[1] 2025/11/10 上午9:11:51\n使用者: 修改密碼\nAI: 我注意到您想修改密碼。\n\n為了您的帳號安全，密碼修改需要在會員中心進行。我現在就為您導航到密碼修改頁面！\n\n---\n\n[2] 2025/11/10 上午9:13:37\n使用者: 我上次修改個人資料是什麼時候\nAI: 您最後一次修改個人資料的時間是 2025/11/10 上午9:13:06。\n\n---\n\n[3] 2025/11/10 上午9:14:03\n使用者: 我的行程收藏數量\nAI: 您的收藏數量為 0 個行程。\n\n想要儲存或瀏覽更多旅遊建議嗎？\n\n---\n\n[4] 2025/11/10 上午9:14:37\n使用者: 轉人工\nAI: 需要協助的話，建議您直接與我們的人工客服聯繫。他們將會提供您更好的服務和幫助！','2025-11-10 01:14:38','2025-11-10 01:14:54','2025-11-10 01:14:54'),(101,5,3,'closed','medium','AI 轉人工','ai_transfer',1,'【從 AI 客服轉接】\n\n對話記錄:\n(僅顯示 3 分鐘內的對話)\n\n[1] 2025/11/10 上午10:03:53\n使用者: 我上次修改個人資料是什麼時候\nAI: 抱歉,目前無法處理您的請求。建議您轉接真人客服以獲得更好的協助。','2025-11-10 02:03:54','2025-11-10 02:42:13','2025-11-10 02:42:13'),(102,5,3,'closed','medium','AI 轉人工','ai_transfer',1,'【從 AI 客服轉接】\n\n對話記錄:\n(僅顯示 3 分鐘內的對話)\n\n[1] 2025/11/10 上午10:03:53\n使用者: 我上次修改個人資料是什麼時候\nAI: 抱歉,目前無法處理您的請求。建議您轉接真人客服以獲得更好的協助。\n\n---\n\n[2] 2025/11/10 上午10:04:39\n使用者: 我上次修改個人資料是什麼時候\nAI: 抱歉,目前無法處理您的請求。建議您轉接真人客服以獲得更好的協助。','2025-11-10 02:04:40','2025-11-10 02:42:15','2025-11-10 02:42:15'),(103,5,3,'closed','medium','AI 轉人工','ai_transfer',1,'【從 AI 客服轉接】\n\n對話記錄:\n(僅顯示 3 分鐘內的對話)\n\n[1] 2025/11/10 上午10:03:53\n使用者: 我上次修改個人資料是什麼時候\nAI: 抱歉,目前無法處理您的請求。建議您轉接真人客服以獲得更好的協助。\n\n---\n\n[2] 2025/11/10 上午10:04:39\n使用者: 我上次修改個人資料是什麼時候\nAI: 抱歉,目前無法處理您的請求。建議您轉接真人客服以獲得更好的協助。\n\n---\n\n[3] 2025/11/10 上午10:05:20\n使用者: 我的行程收藏數量\nAI: 抱歉,目前無法處理您的請求。建議您轉接真人客服以獲得更好的協助。','2025-11-10 02:05:21','2025-11-10 02:07:02','2025-11-10 02:07:02'),(104,5,3,'closed','medium','AI 轉人工','ai_transfer',1,'【從 AI 客服轉接】\n\n對話記錄:\n(僅顯示 3 分鐘內的對話)\n\n[1] 2025/11/10 下午12:27:53\n使用者: 我上次修改個人資料是什麼時候\nAI: 老朋友！您的最後一次修改個人資料的時間是 2025/11/10 上午11:57:32。如果還有其他問題或需求，建議您轉接真人客服。密碼修改似乎需要真人的幫助，建議您試著點擊「會員中心」並進行修改囉！\n\n---\n\n[2] 2025/11/10 下午12:28:03\n使用者: 我的行程收藏數量\nAI: 同樣囉！您目前仍然沒有任何收藏的行程。如果想看更多的行程或儲存您的選擇，建議您轉接真人客服，他們可以幫助您完成這個功能。\n\n---\n\n[3] 2025/11/10 下午12:29:16\n使用者: 我的行程收藏數量\nAI: 同樣囉！您目前仍然沒有任何收藏的行程。如果您想儲存或瀏覽行程，建議直接點擊「我的收藏」頁面查看，或是轉接真人客服幫助您完成這個功能。\n\n---\n\n[4] 2025/11/10 下午12:29:25\n使用者: 基本訂單資訊\nAI: 您可以在我的帳戶頁面查看您的基本訂單資訊。如果您需要看到特定的訂單編號或詳細信息，建議您直接查詢該訂單的頁面，或是轉接真人客服幫助您完成這個功能。\n\n---\n\n[5] 2025/11/10 下午12:29:34\n使用者: 我上次修改個人資料是什麼時候\nAI: 老朋友！您的最後一次修改個人資料的時間是 2025/11/10 上午12:27:37。如果還有其他問題或需求，建議您轉接真人客服。\n\n---\n\n[6] 2025/11/10 下午12:29:41\n使用者: 我上次修改個人資料是什麼時候\nAI: 老朋友！您的最後一次修改個人資料的時間是 2025/11/10 下午12:27:37。如果還有其他問題或需求，建議您轉接真人客服，他們可以幫助您回答更多問題。\n\n---\n\n[7] 2025/11/10 下午12:30:34\n使用者: 轉人工\nAI: 很好！您的要求已經被轉介到真人客服，我們會盡快安排人員處理您的需求。如果您有任何其他問題，請繼續與我聯繫，謝謝合作！','2025-11-10 04:30:35','2025-11-10 04:30:56','2025-11-10 04:30:56'),(105,5,3,'closed','medium','AI 轉人工','ai_transfer',1,'【從 AI 客服轉接】\n\n對話記錄:\n(僅顯示 3 分鐘內的對話)\n\n[1] 2025/11/11 上午1:34:55\n使用者: 修改密碼\nAI: 我注意到您想修改密碼。\n\n為了您的帳號安全，密碼修改需要在會員中心進行。我現在就為您導航到密碼修改頁面！\n\n---\n\n[2] 2025/11/11 上午1:35:34\n使用者: 我上次修改個人資料是什麼時候\nAI: 您已經知道答案囉！您的最後一次修改個人資料時間是 2025/11/10 下午12:27:37。如果還有任何其他問題或需要更詳盡的資訊，建議您轉接真人客服。\n\n---\n\n[3] 2025/11/11 上午1:35:43\n使用者: 我的行程收藏數量\nAI: 您的收藏數量是 0 個行程！歡迎你在 Sailo 平台上進行旅遊規劃和收藏！需要幫助什麼樣的行程安排嗎？\n\n---\n\n[4] 2025/11/11 上午1:37:06\n使用者: 轉人工\nAI: 好的，您的要求已經被轉介到真人客服，他們會幫助您查詢您的行程收藏數量。謝謝您的合作，期待再有其他問題需要我的幫助！','2025-11-10 17:37:07','2025-11-10 17:37:54','2025-11-10 17:37:54'),(106,5,3,'closed','medium','AI 轉人工','ai_transfer',1,'【從 AI 客服轉接】\n\n對話記錄:\n(僅顯示 3 分鐘內的對話)\n\n[1] 2025/11/11 上午1:43:16\n使用者: 轉人工\nAI: 好的！您的需求已經被轉介到真人客服了。他們會盡快幫助您解決任何問題或提供更詳細的資訊。謝謝您的耐心，期待再有其他問題需要我的幫助！','2025-11-10 17:43:17','2025-11-10 17:43:45','2025-11-10 17:43:45'),(107,5,3,'closed','medium','AI 轉人工','ai_transfer',1,'【從 AI 客服轉接】\n\n對話記錄:\n(僅顯示 3 分鐘內的對話)\n\n[1] 2025/11/11 上午1:51:26\n使用者: 轉人工\nAI: 好的！您的需求已經被轉介到真人客服了。他們會盡快幫助您解決任何問題或提供更詳細的資訊。謝謝您的合作，期待再有其他問題需要我的幫助！','2025-11-10 17:51:27','2025-11-10 17:52:34','2025-11-10 17:52:34'),(108,5,3,'closed','medium','一般諮詢','direct',NULL,NULL,'2025-11-10 17:56:02','2025-11-10 17:57:51','2025-11-10 17:57:51'),(109,5,3,'closed','medium','AI 轉人工','ai_transfer',1,'【從 AI 客服轉接】\n\n對話記錄:\n(僅顯示 3 分鐘內的對話)\n\n[1] 2025/11/11 下午6:53:59\n使用者: 查詢暱稱最後修改時間\nAI: 您的暱稱「sailoo」最後一次修改時間是 2025/11/11 下午6:50:47。\n\n---\n\n[2] 2025/11/11 下午6:54:39\n使用者: 查詢個人資料最後修改時間\nAI: 您剛剛問過這個問題囉！您的個人資料最後一次修改時間是 2025/11/11 下午6:50:47。\n\n---\n\n[3] 2025/11/11 下午6:55:04\n使用者: 轉人工\nAI: 好的！您的需求已經被轉介到真人客服了。他們會盡快幫助您解決任何問題或提供更詳細的資訊。謝謝您的耐心，期待再有其他問題需要我的幫助！','2025-11-11 10:55:05','2025-11-11 10:57:13','2025-11-11 10:57:13');
/*!40000 ALTER TABLE `customer_service_rooms` ENABLE KEYS */;
UNLOCK TABLES;

--
-- Table structure for table `favorite_list_places`
--

DROP TABLE IF EXISTS `favorite_list_places`;
/*!40101 SET @saved_cs_client     = @@character_set_client */;
/*!50503 SET character_set_client = utf8mb4 */;
CREATE TABLE `favorite_list_places` (
  `list_places_id` int NOT NULL AUTO_INCREMENT COMMENT '清單景點關聯編號',
  `list_id` int DEFAULT NULL COMMENT '收藏清單編號',
  `place_id` int DEFAULT NULL COMMENT '景點編號',
  PRIMARY KEY (`list_places_id`),
  UNIQUE KEY `unique_list_place` (`list_id`,`place_id`),
  KEY `idx_list_id` (`list_id`),
  KEY `idx_place_id` (`place_id`),
  CONSTRAINT `fk_favorite_list_places_lists` FOREIGN KEY (`list_id`) REFERENCES `favorite_lists` (`list_id`) ON DELETE CASCADE,
  CONSTRAINT `fk_favorite_list_places_places` FOREIGN KEY (`place_id`) REFERENCES `places` (`place_id`) ON DELETE CASCADE
) ENGINE=InnoDB AUTO_INCREMENT=97 DEFAULT CHARSET=utf8mb4 COLLATE=utf8mb4_unicode_ci;
/*!40101 SET character_set_client = @saved_cs_client */;

--
-- Dumping data for table `favorite_list_places`
--

LOCK TABLES `favorite_list_places` WRITE;
/*!40000 ALTER TABLE `favorite_list_places` DISABLE KEYS */;
INSERT INTO `favorite_list_places` VALUES (59,1,1),(2,1,2),(60,1,7),(56,1,16),(18,1,21),(19,1,24),(73,2,3),(50,4,18),(63,6,6),(75,12,2),(96,15,1),(80,15,2),(83,15,4),(94,15,9),(82,16,3),(95,16,9);
/*!40000 ALTER TABLE `favorite_list_places` ENABLE KEYS */;
UNLOCK TABLES;

--
-- Table structure for table `favorite_lists`
--

DROP TABLE IF EXISTS `favorite_lists`;
/*!40101 SET @saved_cs_client     = @@character_set_client */;
/*!50503 SET character_set_client = utf8mb4 */;
CREATE TABLE `favorite_lists` (
  `list_id` int NOT NULL AUTO_INCREMENT COMMENT '清單編號',
  `user_id` int DEFAULT NULL COMMENT '使用者編號',
  `name` varchar(50) COLLATE utf8mb4_unicode_ci DEFAULT NULL COMMENT '清單名稱',
  `description` varchar(255) COLLATE utf8mb4_unicode_ci DEFAULT NULL COMMENT '清單描述',
  `location_id` int DEFAULT NULL COMMENT '收藏清單主要地區',
  `created_at` datetime DEFAULT CURRENT_TIMESTAMP COMMENT '建立時間',
  PRIMARY KEY (`list_id`),
  KEY `idx_user_id` (`user_id`),
  KEY `idx_location_id` (`location_id`),
  CONSTRAINT `fk_favorite_lists_locations` FOREIGN KEY (`location_id`) REFERENCES `locations` (`location_id`) ON DELETE SET NULL,
  CONSTRAINT `fk_favorite_lists_users` FOREIGN KEY (`user_id`) REFERENCES `users` (`id`) ON DELETE CASCADE
) ENGINE=InnoDB AUTO_INCREMENT=17 DEFAULT CHARSET=utf8mb4 COLLATE=utf8mb4_unicode_ci;
/*!40101 SET character_set_client = @saved_cs_client */;

--
-- Dumping data for table `favorite_lists`
--

LOCK TABLES `favorite_lists` WRITE;
/*!40000 ALTER TABLE `favorite_lists` DISABLE KEYS */;
INSERT INTO `favorite_lists` VALUES (1,1,'我的最愛','測試用清單',NULL,'2025-10-18 17:48:08'),(2,1,'測試','測試',NULL,'2025-10-18 18:56:42'),(4,1,'123','123123',NULL,'2025-10-21 09:37:49'),(6,1,'11111gg','``',NULL,'2025-10-27 20:05:20'),(12,5,'六合夜市',NULL,NULL,'2025-11-08 08:06:07'),(15,3,'六合夜市',NULL,NULL,'2025-11-11 20:25:58'),(16,3,'赤崁樓',NULL,NULL,'2025-11-11 20:29:32');
/*!40000 ALTER TABLE `favorite_lists` ENABLE KEYS */;
UNLOCK TABLES;

--
-- Table structure for table `follows`
--

DROP TABLE IF EXISTS `follows`;
/*!40101 SET @saved_cs_client     = @@character_set_client */;
/*!50503 SET character_set_client = utf8mb4 */;
CREATE TABLE `follows` (
  `follow_id` int NOT NULL AUTO_INCREMENT,
  `follower_id` int NOT NULL COMMENT '追蹤者',
  `following_id` int NOT NULL COMMENT '被追蹤者',
  `created_at` datetime DEFAULT CURRENT_TIMESTAMP,
  PRIMARY KEY (`follow_id`),
  UNIQUE KEY `unique_follower_following` (`follower_id`,`following_id`),
  KEY `idx_follower_id` (`follower_id`),
  KEY `idx_following_id` (`following_id`),
  CONSTRAINT `fk_follows_follower` FOREIGN KEY (`follower_id`) REFERENCES `users` (`id`) ON DELETE CASCADE,
  CONSTRAINT `fk_follows_following` FOREIGN KEY (`following_id`) REFERENCES `users` (`id`) ON DELETE CASCADE,
  CONSTRAINT `follows_chk_1` CHECK ((`follower_id` <> `following_id`))
) ENGINE=InnoDB AUTO_INCREMENT=26 DEFAULT CHARSET=utf8mb4 COLLATE=utf8mb4_unicode_ci;
/*!40101 SET character_set_client = @saved_cs_client */;

--
-- Dumping data for table `follows`
--

LOCK TABLES `follows` WRITE;
/*!40000 ALTER TABLE `follows` DISABLE KEYS */;
INSERT INTO `follows` VALUES (5,3,10,'2025-11-11 10:55:52'),(7,3,13,'2025-11-11 10:56:04'),(8,3,12,'2025-11-11 10:56:09'),(9,3,11,'2025-11-11 10:56:15'),(10,10,3,'2025-11-11 11:02:31'),(11,10,14,'2025-11-11 11:02:33'),(12,10,13,'2025-11-11 11:02:36'),(13,11,10,'2025-11-11 11:03:52'),(14,11,14,'2025-11-11 11:03:53'),(15,11,13,'2025-11-11 11:03:56'),(16,12,3,'2025-11-11 11:05:05'),(17,12,10,'2025-11-11 11:05:07'),(18,12,14,'2025-11-11 11:05:08'),(19,12,13,'2025-11-11 11:05:11'),(20,13,3,'2025-11-11 11:06:23'),(21,13,10,'2025-11-11 11:06:30'),(22,13,14,'2025-11-11 11:06:32'),(23,13,12,'2025-11-11 11:06:37'),(24,14,3,'2025-11-11 11:07:22'),(25,3,14,'2025-11-11 18:44:50');
/*!40000 ALTER TABLE `follows` ENABLE KEYS */;
UNLOCK TABLES;

--
-- Table structure for table `locations`
--

DROP TABLE IF EXISTS `locations`;
/*!40101 SET @saved_cs_client     = @@character_set_client */;
/*!50503 SET character_set_client = utf8mb4 */;
CREATE TABLE `locations` (
  `location_id` int NOT NULL AUTO_INCREMENT COMMENT '地區編號',
  `name` varchar(100) COLLATE utf8mb4_unicode_ci NOT NULL COMMENT '地區名稱',
  PRIMARY KEY (`location_id`)
) ENGINE=InnoDB AUTO_INCREMENT=6 DEFAULT CHARSET=utf8mb4 COLLATE=utf8mb4_unicode_ci;
/*!40101 SET character_set_client = @saved_cs_client */;

--
-- Dumping data for table `locations`
--

LOCK TABLES `locations` WRITE;
/*!40000 ALTER TABLE `locations` DISABLE KEYS */;
INSERT INTO `locations` VALUES (1,'台北市'),(2,'高雄市'),(3,'台中市'),(4,'花蓮縣'),(5,'台南市');
/*!40000 ALTER TABLE `locations` ENABLE KEYS */;
UNLOCK TABLES;

--
-- Table structure for table `login_logs`
--

DROP TABLE IF EXISTS `login_logs`;
/*!40101 SET @saved_cs_client     = @@character_set_client */;
/*!50503 SET character_set_client = utf8mb4 */;
CREATE TABLE `login_logs` (
  `id` int NOT NULL AUTO_INCREMENT,
  `user_id` int DEFAULT NULL,
  `session_id` int DEFAULT NULL COMMENT 'Session ID (成功登入時建立)',
  `email` varchar(255) COLLATE utf8mb4_unicode_ci NOT NULL,
  `login_method` enum('local','google') COLLATE utf8mb4_unicode_ci NOT NULL,
  `ip_address` varchar(45) COLLATE utf8mb4_unicode_ci DEFAULT NULL,
  `user_agent` text COLLATE utf8mb4_unicode_ci,
  `success` tinyint(1) NOT NULL,
  `failure_reason` varchar(255) COLLATE utf8mb4_unicode_ci DEFAULT NULL,
  `puzzle_verified` tinyint(1) DEFAULT '0',
  `created_at` timestamp NULL DEFAULT CURRENT_TIMESTAMP,
  PRIMARY KEY (`id`),
  KEY `idx_user_id` (`user_id`),
  KEY `idx_email` (`email`),
  KEY `idx_created_at` (`created_at`),
  KEY `idx_ip_address` (`ip_address`),
  KEY `idx_session_id` (`session_id`),
  CONSTRAINT `fk_login_log_session` FOREIGN KEY (`session_id`) REFERENCES `sessions` (`id`) ON DELETE SET NULL,
  CONSTRAINT `login_logs_ibfk_1` FOREIGN KEY (`user_id`) REFERENCES `users` (`id`) ON DELETE SET NULL
) ENGINE=InnoDB AUTO_INCREMENT=26 DEFAULT CHARSET=utf8mb4 COLLATE=utf8mb4_unicode_ci COMMENT='用戶登入日誌 - 記錄所有登入行為與安全資訊';
/*!40101 SET character_set_client = @saved_cs_client */;

--
-- Dumping data for table `login_logs`
--

LOCK TABLES `login_logs` WRITE;
/*!40000 ALTER TABLE `login_logs` DISABLE KEYS */;
INSERT INTO `login_logs` VALUES (1,2,NULL,'user@sailotravel.com','local','::1',NULL,0,'Invalid password',0,'2025-10-02 15:39:08'),(2,2,NULL,'user@sailotravel.com','local','::1',NULL,0,'Invalid password',0,'2025-10-02 15:39:26'),(3,2,NULL,'user@sailotravel.com','local','::1',NULL,0,'Invalid password',0,'2025-10-02 15:40:59'),(4,2,NULL,'user@sailotravel.com','local','::1',NULL,0,'Invalid password',0,'2025-10-02 15:41:06'),(5,2,NULL,'user@sailotravel.com','local','::1',NULL,0,'Account locked due to too many failed attempts',0,'2025-10-02 15:41:20'),(6,1,NULL,'admin@sailotravel.com','local','::1',NULL,0,'Invalid password',0,'2025-10-02 15:43:40'),(7,1,NULL,'admin@sailotravel.com','local','::1',NULL,0,'Invalid password',0,'2025-10-02 15:43:46'),(8,3,NULL,'sailo@sailo.com','local','::1',NULL,0,'Invalid password',0,'2025-10-02 15:46:05'),(9,3,NULL,'sailo@sailo.com','local','::1',NULL,0,'Invalid password',0,'2025-10-02 15:51:05'),(10,3,NULL,'sailo@sailo.com','local','::1',NULL,0,'Invalid password',0,'2025-10-02 15:51:08'),(11,3,NULL,'sailo@sailo.com','local','::1',NULL,0,'Invalid password',0,'2025-10-02 16:10:55'),(12,2,NULL,'user@sailotravel.com','local','::1',NULL,0,'Invalid password',0,'2025-10-02 16:12:07'),(13,1,NULL,'admin@sailotravel.com','local','::1',NULL,0,'Invalid password',0,'2025-10-02 16:14:53'),(14,1,NULL,'admin@sailotravel.com','local','::1',NULL,0,'Invalid password',0,'2025-10-02 16:22:21'),(15,1,NULL,'admin@sailotravel.com','local','::1',NULL,0,'Invalid password',0,'2025-10-02 16:32:21'),(16,3,NULL,'sailo@sailo.com','local','::1',NULL,0,'Invalid password',0,'2025-10-02 16:44:35'),(17,3,NULL,'sailo@sailo.com','local','::1',NULL,1,NULL,0,'2025-10-02 17:12:10'),(18,3,NULL,'sailo@sailo.com','local','::1',NULL,1,'Logout',0,'2025-10-02 17:12:49'),(19,3,NULL,'sailo@sailo.com','local','::1',NULL,1,NULL,0,'2025-10-03 03:01:50'),(20,3,NULL,'sailo@sailo.com','local','::1',NULL,1,NULL,0,'2025-10-03 03:58:16'),(21,3,NULL,'sailo@sailo.com','local','::1',NULL,1,'Logout',0,'2025-10-03 04:01:33'),(22,3,NULL,'sailo@sailo.com','local','::1',NULL,1,NULL,0,'2025-10-03 08:23:02'),(23,3,NULL,'sailo@sailo.com','local','::1',NULL,1,NULL,0,'2025-10-13 03:03:38'),(24,3,NULL,'sailo@sailo.com','local','::1',NULL,1,'Logout',0,'2025-10-13 03:03:56'),(25,3,NULL,'sailo@sailo.com','local','::1',NULL,1,'Logout',0,'2025-10-13 03:03:57');
/*!40000 ALTER TABLE `login_logs` ENABLE KEYS */;
UNLOCK TABLES;

--
-- Table structure for table `media`
--

DROP TABLE IF EXISTS `media`;
/*!40101 SET @saved_cs_client     = @@character_set_client */;
/*!50503 SET character_set_client = utf8mb4 */;
CREATE TABLE `media` (
  `media_id` int NOT NULL AUTO_INCREMENT COMMENT '媒體編號',
  `user_id` int DEFAULT NULL COMMENT '使用者編號',
  `trip_id` int DEFAULT NULL COMMENT '行程編號',
  `place_id` int DEFAULT NULL COMMENT '景點編號',
  `place_category` enum('景點','餐廳','住宿','交通') COLLATE utf8mb4_unicode_ci DEFAULT NULL COMMENT '景點類型',
  `url` varchar(255) COLLATE utf8mb4_unicode_ci DEFAULT NULL COMMENT '檔案 URL',
  `is_cover` tinyint(1) NOT NULL DEFAULT '0' COMMENT '是否封面',
  `description` text COLLATE utf8mb4_unicode_ci COMMENT '描述',
  `created_at` datetime NOT NULL DEFAULT CURRENT_TIMESTAMP COMMENT '建立時間',
  PRIMARY KEY (`media_id`),
  KEY `idx_user_id` (`user_id`),
  KEY `idx_trip_id` (`trip_id`),
  KEY `idx_place_id` (`place_id`),
  CONSTRAINT `fk_media_places` FOREIGN KEY (`place_id`) REFERENCES `places` (`place_id`) ON DELETE CASCADE,
  CONSTRAINT `fk_media_trips` FOREIGN KEY (`trip_id`) REFERENCES `trips` (`trip_id`) ON DELETE CASCADE,
  CONSTRAINT `fk_media_users` FOREIGN KEY (`user_id`) REFERENCES `users` (`id`) ON DELETE CASCADE
) ENGINE=InnoDB AUTO_INCREMENT=208 DEFAULT CHARSET=utf8mb4 COLLATE=utf8mb4_unicode_ci;
/*!40101 SET character_set_client = @saved_cs_client */;

--
-- Dumping data for table `media`
--

LOCK TABLES `media` WRITE;
/*!40000 ALTER TABLE `media` DISABLE KEYS */;
INSERT INTO `media` VALUES (113,NULL,NULL,1,'景點','https://ik.imagekit.io/crjen7iza/Map/maps/place_1.jpg',1,'台北101 景點圖片','2025-10-15 14:00:00'),(114,NULL,NULL,2,'餐廳','https://ik.imagekit.io/crjen7iza/Map/maps/place_2.jpg',1,'六合夜市 餐廳圖片','2025-10-15 14:01:00'),(115,NULL,NULL,3,'景點','https://ik.imagekit.io/crjen7iza/Map/maps/place_3.jpg',1,'赤崁樓 景點圖片','2025-10-15 14:02:00'),(116,NULL,NULL,4,'景點','https://ik.imagekit.io/crjen7iza/Map/maps/place_4.jpg',1,'國立故宮博物院 景點圖片','2025-10-15 14:03:00'),(117,NULL,NULL,5,'餐廳','https://ik.imagekit.io/crjen7iza/Map/maps/place_5.jpg',1,'士林夜市 餐廳圖片','2025-10-15 14:04:00'),(118,NULL,NULL,6,'景點','https://ik.imagekit.io/crjen7iza/Map/maps/place_6.jpg',1,'西門町商圈 景點圖片','2025-10-15 14:05:00'),(119,NULL,NULL,7,'景點','https://ik.imagekit.io/crjen7iza/Map/maps/place_7.jpg',1,'象山步道 景點圖片','2025-10-15 14:06:00'),(120,NULL,NULL,8,'餐廳','https://ik.imagekit.io/crjen7iza/Map/maps/place_8.jpg',1,'饒河街夜市 餐廳圖片','2025-10-15 14:07:00'),(121,NULL,NULL,9,'景點','https://ik.imagekit.io/crjen7iza/Map/maps/place_9.jpg',1,'松山文創園區 景點圖片','2025-10-15 14:08:00'),(122,NULL,NULL,10,'景點','https://ik.imagekit.io/crjen7iza/Map/maps/place_10.jpg',1,'北投溫泉區 景點圖片','2025-10-15 14:09:00'),(123,NULL,NULL,11,'景點','https://ik.imagekit.io/crjen7iza/Map/maps/place_11.jpg',1,'美麗華百樂園 景點圖片','2025-10-15 14:10:00'),(124,NULL,NULL,12,'住宿','https://ik.imagekit.io/crjen7iza/Map/maps/place_12.jpg',1,'台北萬豪酒店 住宿圖片','2025-10-15 14:11:00'),(125,NULL,NULL,13,'景點','https://ik.imagekit.io/crjen7iza/Map/maps/place_13.jpg',1,'台中國家歌劇院 景點圖片','2025-10-15 14:12:00'),(126,NULL,NULL,14,'餐廳','https://ik.imagekit.io/crjen7iza/Map/maps/place_14.jpg',1,'逢甲夜市 餐廳圖片','2025-10-15 14:13:00'),(127,NULL,NULL,15,'景點','https://ik.imagekit.io/crjen7iza/Map/maps/place_15.jpg',1,'高美濕地 景點圖片','2025-10-15 14:14:00'),(128,NULL,NULL,16,'景點','https://ik.imagekit.io/crjen7iza/Map/maps/place_16.jpg',1,'審計新村 景點圖片','2025-10-15 14:15:00'),(129,NULL,NULL,17,'餐廳','https://ik.imagekit.io/crjen7iza/Map/maps/place_17.jpg',1,'宮原眼科 餐廳圖片','2025-10-15 14:16:00'),(130,NULL,NULL,18,'景點','https://ik.imagekit.io/crjen7iza/Map/maps/place_18.jpg',1,'一中街商圈 景點圖片','2025-10-15 14:17:00'),(131,NULL,NULL,19,'景點','https://ik.imagekit.io/crjen7iza/Map/maps/place_19.jpg',1,'勤美誠品綠園道 景點圖片','2025-10-15 14:18:00'),(132,NULL,NULL,20,'景點','https://ik.imagekit.io/crjen7iza/Map/maps/place_20.jpg',1,'台中港三井Outlet 景點圖片','2025-10-15 14:19:00'),(133,NULL,NULL,21,'住宿','https://ik.imagekit.io/crjen7iza/Map/maps/place_21.jpg',1,'日月千禧酒店 住宿圖片','2025-10-15 14:20:00'),(134,NULL,NULL,22,'餐廳','https://ik.imagekit.io/crjen7iza/Map/maps/place_22.jpg',1,'春水堂創始店 餐廳圖片','2025-10-15 14:21:00'),(135,NULL,NULL,23,'景點','https://ik.imagekit.io/crjen7iza/Map/maps/place_23.jpg',1,'太魯閣國家公園 景點圖片','2025-10-15 14:22:00'),(136,NULL,NULL,24,'景點','https://ik.imagekit.io/crjen7iza/Map/maps/place_24.jpg',1,'七星潭海岸 景點圖片','2025-10-15 14:23:00'),(137,NULL,NULL,25,'餐廳','https://ik.imagekit.io/crjen7iza/Map/maps/place_25.jpg',1,'東大門夜市 餐廳圖片','2025-10-15 14:24:00'),(138,NULL,NULL,26,'景點','https://ik.imagekit.io/crjen7iza/Map/maps/place_26.jpg',1,'花蓮文創園區 景點圖片','2025-10-15 14:25:00'),(139,NULL,NULL,27,'景點','https://ik.imagekit.io/crjen7iza/Map/maps/place_27.jpg',1,'鯉魚潭風景區 景點圖片','2025-10-15 14:26:00'),(140,NULL,NULL,28,'住宿','https://ik.imagekit.io/crjen7iza/Map/maps/place_28.jpg',1,'花蓮遠雄悅來大飯店 住宿圖片','2025-10-15 14:27:00'),(141,NULL,NULL,29,'景點','https://ik.imagekit.io/crjen7iza/Map/maps/place_29.jpg',1,'瑞穗牧場 景點圖片','2025-10-15 14:28:00'),(142,NULL,NULL,30,'餐廳','https://ik.imagekit.io/crjen7iza/Map/maps/place_30.jpg',1,'花蓮文化創意夜市 餐廳圖片','2025-10-15 14:29:00'),(143,NULL,NULL,31,'景點','https://ik.imagekit.io/crjen7iza/Map/maps/place_31.jpg',1,'遠雄海洋公園 景點圖片','2025-10-15 14:30:00'),(144,NULL,NULL,32,'住宿','https://ik.imagekit.io/crjen7iza/Map/maps/place_32.jpg',1,'花蓮福容大飯店 住宿圖片','2025-10-15 14:31:00'),(145,NULL,NULL,33,'景點','https://ik.imagekit.io/crjen7iza/Map/maps/place_33.jpg',1,'蓮池潭風景區 景點圖片','2025-10-15 14:32:00'),(146,NULL,NULL,34,'景點','https://ik.imagekit.io/crjen7iza/Map/maps/place_34.jpg',1,'駁二藝術特區 景點圖片','2025-10-15 14:33:00'),(147,NULL,NULL,35,'餐廳','https://ik.imagekit.io/crjen7iza/Map/maps/place_35.jpg',1,'六合夜市 餐廳圖片','2025-10-15 14:34:00'),(148,NULL,NULL,36,'景點','https://ik.imagekit.io/crjen7iza/Map/maps/place_36.jpg',1,'愛河風景區 景點圖片','2025-10-15 14:35:00'),(149,NULL,NULL,37,'景點','https://ik.imagekit.io/crjen7iza/Map/maps/place_37.jpg',1,'壽山動物園 景點圖片','2025-10-15 14:36:00'),(150,NULL,NULL,38,'景點','https://ik.imagekit.io/crjen7iza/Map/maps/place_38.jpg',1,'美麗島捷運站 景點圖片','2025-10-15 14:37:00'),(151,NULL,NULL,39,'景點','https://ik.imagekit.io/crjen7iza/Map/maps/place_39.jpg',1,'高雄中央公園 景點圖片','2025-10-15 14:38:00'),(152,NULL,NULL,40,'景點','https://ik.imagekit.io/crjen7iza/Map/maps/place_40.jpg',1,'義享天地 景點圖片','2025-10-15 14:39:00'),(153,NULL,NULL,41,'住宿','https://ik.imagekit.io/crjen7iza/Map/maps/place_41.jpg',1,'漢來大飯店 住宿圖片','2025-10-15 14:40:00'),(154,NULL,NULL,42,'餐廳','https://ik.imagekit.io/crjen7iza/Map/maps/place_42.jpg',1,'鹽埕老街 餐廳圖片','2025-10-15 14:41:00'),(155,NULL,NULL,43,'景點','https://ik.imagekit.io/crjen7iza/Map/maps/place_43.jpg',1,'安平古堡 景點圖片','2025-10-15 14:42:00'),(156,NULL,NULL,44,'景點','https://ik.imagekit.io/crjen7iza/Map/maps/place_44.jpg',1,'赤崁樓 景點圖片','2025-10-15 14:43:00'),(157,NULL,NULL,45,'餐廳','https://ik.imagekit.io/crjen7iza/Map/maps/place_45.jpg',1,'花園夜市 餐廳圖片','2025-10-15 14:44:00'),(158,NULL,NULL,46,'景點','https://ik.imagekit.io/crjen7iza/Map/maps/place_46.jpg',1,'台南孔廟 景點圖片','2025-10-15 14:45:00'),(159,NULL,NULL,47,'景點','https://ik.imagekit.io/crjen7iza/Map/maps/place_47.jpg',1,'安平樹屋 景點圖片','2025-10-15 14:46:00'),(160,NULL,NULL,48,'景點','https://ik.imagekit.io/crjen7iza/Map/maps/place_48.jpg',1,'藍晒圖文創園區 景點圖片','2025-10-15 14:47:00'),(161,NULL,NULL,49,'餐廳','https://ik.imagekit.io/crjen7iza/Map/maps/place_49.jpg',1,'鵪鶉鹹粥 餐廳圖片','2025-10-15 14:48:00'),(162,NULL,NULL,50,'住宿','https://ik.imagekit.io/crjen7iza/Map/maps/place_50.jpg',1,'晶英酒店 住宿圖片','2025-10-15 14:49:00'),(163,NULL,NULL,51,'景點','https://ik.imagekit.io/crjen7iza/Map/maps/place_51.jpg',1,'正興街商圈 景點圖片','2025-10-15 14:50:00'),(164,NULL,NULL,52,'景點','https://ik.imagekit.io/crjen7iza/Map/maps/place_52.jpg',1,'台南美術館 景點圖片','2025-10-15 14:51:00'),(165,NULL,NULL,53,'景點','https://ik.imagekit.io/crjen7iza/Map/maps/place_53.jpg',1,'台北101 景點圖片','2025-10-15 14:52:00'),(166,NULL,NULL,54,'景點','https://ik.imagekit.io/crjen7iza/Map/maps/place_54.jpg',1,'陽明山國家公園 景點圖片','2025-10-15 14:53:00'),(167,NULL,NULL,55,'餐廳','https://ik.imagekit.io/crjen7iza/Map/maps/place_55.jpg',1,'金峰魯肉飯 餐廳圖片','2025-10-15 14:54:00'),(168,NULL,NULL,56,'住宿','https://ik.imagekit.io/crjen7iza/Map/maps/place_56.jpg',1,'圓山大飯店 住宿圖片','2025-10-15 14:55:00'),(169,NULL,NULL,57,'景點','https://ik.imagekit.io/crjen7iza/Map/maps/place_57.jpg',1,'彩虹眷村 景點圖片','2025-10-15 14:56:00'),(170,NULL,NULL,58,'餐廳','https://ik.imagekit.io/crjen7iza/Map/maps/place_58.jpg',1,'宮原眼科冰淇淋店 餐廳圖片','2025-10-15 14:57:00'),(171,NULL,NULL,59,'景點','https://ik.imagekit.io/crjen7iza/Map/maps/place_59.jpg',1,'谷關溫泉區 景點圖片','2025-10-15 14:58:00'),(172,NULL,NULL,60,'住宿','https://ik.imagekit.io/crjen7iza/Map/maps/place_60.jpg',1,'林酒店 住宿圖片','2025-10-15 14:59:00'),(173,NULL,NULL,61,'景點','https://ik.imagekit.io/crjen7iza/Map/maps/place_61.jpg',1,'石梯坪風景區 景點圖片','2025-10-15 15:00:00'),(174,NULL,NULL,62,'餐廳','https://ik.imagekit.io/crjen7iza/Map/maps/place_62.jpg',1,'花蓮炸蛋蔥油餅 餐廳圖片','2025-10-15 15:01:00'),(175,NULL,NULL,63,'景點','https://ik.imagekit.io/crjen7iza/Map/maps/place_63.jpg',1,'立川漁場 景點圖片','2025-10-15 15:02:00'),(176,NULL,NULL,64,'住宿','https://ik.imagekit.io/crjen7iza/Map/maps/place_64.jpg',1,'秧悅美地渡假酒店 住宿圖片','2025-10-15 15:03:00'),(177,NULL,NULL,65,'景點','https://ik.imagekit.io/crjen7iza/Map/maps/place_65.jpg',1,'旗津風車公園 景點圖片','2025-10-15 15:04:00'),(178,NULL,NULL,66,'餐廳','https://ik.imagekit.io/crjen7iza/Map/maps/place_66.jpg',1,'鹽埕婆婆冰 餐廳圖片','2025-10-15 15:05:00'),(179,NULL,NULL,67,'景點','https://ik.imagekit.io/crjen7iza/Map/maps/place_67.jpg',1,'夢時代購物中心 景點圖片','2025-10-15 15:06:00'),(180,NULL,NULL,68,'住宿','https://ik.imagekit.io/crjen7iza/Map/maps/place_68.jpg',1,'中央公園英迪格酒店 住宿圖片','2025-10-15 15:07:00'),(181,NULL,NULL,69,'景點','https://ik.imagekit.io/crjen7iza/Map/maps/place_69.jpg',1,'奇美博物館 景點圖片','2025-10-15 15:08:00'),(182,NULL,NULL,70,'餐廳','https://ik.imagekit.io/crjen7iza/Map/maps/place_70.jpg',1,'永樂市場 餐廳圖片','2025-10-15 15:09:00'),(183,NULL,NULL,71,'景點','https://ik.imagekit.io/crjen7iza/Map/maps/place_71.jpg',1,'四草綠色隧道 景點圖片','2025-10-15 15:10:00'),(184,NULL,NULL,72,'住宿','https://ik.imagekit.io/crjen7iza/Map/maps/place_72.jpg',1,'香格里拉台南遠東國際大飯店 住宿圖片','2025-10-15 15:11:00'),(185,NULL,NULL,73,'景點','https://ik.imagekit.io/crjen7iza/Map/maps/place_73.jpg',1,'中正紀念堂 景點圖片','2025-10-15 15:12:00'),(201,1,NULL,15,'景點','https://ik.imagekit.io/crjen7iza/place/gallery/15/15_1761274132403_H57Jgz6xA.jfif',0,NULL,'2025-10-24 10:48:54'),(202,1,NULL,6,'景點','https://ik.imagekit.io/crjen7iza/place/gallery/6/6_1761277167925_2_nQwBuHl.jpg',0,NULL,'2025-10-24 11:39:30'),(203,1,NULL,1,'景點','https://ik.imagekit.io/crjen7iza/place/gallery/1/1_1761277550088_cjx3F3hvU.jfif',0,NULL,'2025-10-24 11:45:52'),(204,1,NULL,1,'景點','https://ik.imagekit.io/crjen7iza/place/gallery/1/1_1761279919124_ksptEw3M_.jpg',0,NULL,'2025-10-24 12:25:21'),(205,1,NULL,21,'住宿','https://ik.imagekit.io/crjen7iza/place/gallery/21/21_1761280469299_Frejmlx3-.jpg',0,NULL,'2025-10-24 12:34:31'),(206,1,NULL,6,'景點','https://ik.imagekit.io/crjen7iza/place/gallery/6/6_1761289895078_cv17u6HyT.jpg',0,NULL,'2025-10-24 15:11:37'),(207,3,NULL,12,'住宿','https://ik.imagekit.io/crjen7iza/places/gallery/place-gallery-12-1762740651620-01_underwear.png',0,NULL,'2025-11-10 10:10:53');
/*!40000 ALTER TABLE `media` ENABLE KEYS */;
UNLOCK TABLES;

--
-- Table structure for table `media_files`
--

DROP TABLE IF EXISTS `media_files`;
/*!40101 SET @saved_cs_client     = @@character_set_client */;
/*!50503 SET character_set_client = utf8mb4 */;
CREATE TABLE `media_files` (
  `id` int NOT NULL AUTO_INCREMENT,
  `user_id` int NOT NULL,
  `original_name` varchar(255) COLLATE utf8mb4_unicode_ci NOT NULL,
  `stored_name` varchar(255) COLLATE utf8mb4_unicode_ci NOT NULL,
  `file_path` varchar(500) COLLATE utf8mb4_unicode_ci NOT NULL,
  `file_size` int NOT NULL,
  `mime_type` varchar(100) COLLATE utf8mb4_unicode_ci NOT NULL,
  `file_type` enum('image','document','video','audio','other') COLLATE utf8mb4_unicode_ci NOT NULL,
  `thumbnail_path` varchar(500) COLLATE utf8mb4_unicode_ci DEFAULT NULL,
  `upload_context` enum('chat','profile','other') COLLATE utf8mb4_unicode_ci DEFAULT 'chat',
  `is_temporary` tinyint(1) DEFAULT '0',
  `expires_at` timestamp NULL DEFAULT NULL,
  `created_at` timestamp NULL DEFAULT CURRENT_TIMESTAMP,
  PRIMARY KEY (`id`),
  KEY `idx_user_id` (`user_id`),
  KEY `idx_file_type` (`file_type`),
  KEY `idx_upload_context` (`upload_context`),
  KEY `idx_is_temporary` (`is_temporary`),
  KEY `idx_expires_at` (`expires_at`),
  CONSTRAINT `media_files_ibfk_1` FOREIGN KEY (`user_id`) REFERENCES `users` (`id`) ON DELETE CASCADE
) ENGINE=InnoDB DEFAULT CHARSET=utf8mb4 COLLATE=utf8mb4_unicode_ci COMMENT='媒體檔案表 - 統一管理使用者上傳的所有檔案';
/*!40101 SET character_set_client = @saved_cs_client */;

--
-- Dumping data for table `media_files`
--

LOCK TABLES `media_files` WRITE;
/*!40000 ALTER TABLE `media_files` DISABLE KEYS */;
/*!40000 ALTER TABLE `media_files` ENABLE KEYS */;
UNLOCK TABLES;

--
-- Table structure for table `order_detail`
--

DROP TABLE IF EXISTS `order_detail`;
/*!40101 SET @saved_cs_client     = @@character_set_client */;
/*!50503 SET character_set_client = utf8mb4 */;
CREATE TABLE `order_detail` (
  `id` int NOT NULL AUTO_INCREMENT COMMENT '明細ID',
  `order_id` int NOT NULL COMMENT '訂單ID',
  `product_id` int NOT NULL COMMENT '商品ID',
  `quantity` tinyint NOT NULL COMMENT '數量',
  `unit_price` int NOT NULL COMMENT '單價 (下單時的價格)',
  PRIMARY KEY (`id`),
  KEY `idx_order_id` (`order_id`),
  KEY `idx_product_id` (`product_id`),
  CONSTRAINT `fk_order_detail_orders` FOREIGN KEY (`order_id`) REFERENCES `orders` (`id`) ON DELETE RESTRICT,
  CONSTRAINT `fk_order_detail_products` FOREIGN KEY (`product_id`) REFERENCES `products` (`product_id`) ON DELETE RESTRICT
) ENGINE=InnoDB AUTO_INCREMENT=9 DEFAULT CHARSET=utf8mb4 COLLATE=utf8mb4_unicode_ci COMMENT='訂單明細';
/*!40101 SET character_set_client = @saved_cs_client */;

--
-- Dumping data for table `order_detail`
--

LOCK TABLES `order_detail` WRITE;
/*!40000 ALTER TABLE `order_detail` DISABLE KEYS */;
INSERT INTO `order_detail` VALUES (1,1,2,1,250),(2,1,1,2,180),(3,2,2,3,250),(4,2,1,4,180),(5,3,2,1,250),(6,3,1,2,180),(7,4,17,1,280),(8,4,16,1,580);
/*!40000 ALTER TABLE `order_detail` ENABLE KEYS */;
UNLOCK TABLES;

--
-- Table structure for table `orders`
--

DROP TABLE IF EXISTS `orders`;
/*!40101 SET @saved_cs_client     = @@character_set_client */;
/*!50503 SET character_set_client = utf8mb4 */;
CREATE TABLE `orders` (
  `id` int NOT NULL AUTO_INCREMENT COMMENT '訂單ID',
  `user_id` int NOT NULL COMMENT '用戶ID',
  `total` int NOT NULL COMMENT '訂單總金額',
  `payment_method` tinyint NOT NULL COMMENT '付款方式 0:未選擇 1:信用卡 2:ATM 3:超商代碼',
  `payment_status` tinyint NOT NULL DEFAULT '0' COMMENT '付款狀態 0:未付款 1:已付款 2:付款失敗',
  `recipient_name` varchar(20) COLLATE utf8mb4_unicode_ci NOT NULL COMMENT '收件人姓名',
  `phone` varchar(20) COLLATE utf8mb4_unicode_ci NOT NULL COMMENT '聯絡電話',
  `shipping_method` tinyint NOT NULL COMMENT '配送方式 0:未選擇 1:宅配 2:超商取貨',
  `shipping_address` varchar(100) COLLATE utf8mb4_unicode_ci NOT NULL COMMENT '配送地址',
  `order_status` tinyint NOT NULL DEFAULT '0' COMMENT '訂單狀態 0:待處理 1:已確認 2:已出貨 3:已完成 4:已取消',
  `created_at` datetime DEFAULT CURRENT_TIMESTAMP COMMENT '訂單日期',
  `updated_at` datetime DEFAULT CURRENT_TIMESTAMP ON UPDATE CURRENT_TIMESTAMP COMMENT '更新時間',
  PRIMARY KEY (`id`),
  KEY `idx_user_id` (`user_id`),
  KEY `idx_created_at` (`created_at`),
  KEY `idx_order_status` (`order_status`),
  KEY `idx_payment_status` (`payment_status`),
  CONSTRAINT `fk_orders_users` FOREIGN KEY (`user_id`) REFERENCES `users` (`id`) ON DELETE RESTRICT
) ENGINE=InnoDB AUTO_INCREMENT=5 DEFAULT CHARSET=utf8mb4 COLLATE=utf8mb4_unicode_ci COMMENT='訂單主表';
/*!40101 SET character_set_client = @saved_cs_client */;

--
-- Dumping data for table `orders`
--

LOCK TABLES `orders` WRITE;
/*!40000 ALTER TABLE `orders` DISABLE KEYS */;
INSERT INTO `orders` VALUES (1,3,80,1,0,'1111','0987654122',1,'宜蘭縣 中正區 中正區123',0,'2025-10-27 15:57:35','2025-10-27 15:57:35'),(2,3,80,2,0,'123','0912345678',1,'100 屏東縣 中正區 中正區123',0,'2025-10-27 16:04:29','2025-10-27 16:04:29'),(3,3,80,2,0,'123123','0987654321',1,'宜蘭縣 中正區 中正區',0,'2025-10-28 09:29:51','2025-10-28 09:29:51'),(4,3,940,1,0,'王柏森','0910111111',1,'801 高雄市 前金區 中正四路211號8F-1',0,'2025-11-10 10:32:08','2025-11-10 10:32:08');
/*!40000 ALTER TABLE `orders` ENABLE KEYS */;
UNLOCK TABLES;

--
-- Table structure for table `password_resets`
--

DROP TABLE IF EXISTS `password_resets`;
/*!40101 SET @saved_cs_client     = @@character_set_client */;
/*!50503 SET character_set_client = utf8mb4 */;
CREATE TABLE `password_resets` (
  `id` int NOT NULL AUTO_INCREMENT,
  `email` varchar(255) COLLATE utf8mb4_unicode_ci NOT NULL COMMENT '使用者 Email',
  `otp` char(6) COLLATE utf8mb4_unicode_ci NOT NULL COMMENT '6位數 OTP 驗證碼',
  `verified` tinyint(1) DEFAULT '0' COMMENT 'OTP 是否已驗證',
  `used` tinyint(1) DEFAULT '0' COMMENT '是否已用於重置密碼',
  `attempts` int DEFAULT '0' COMMENT 'OTP 驗證失敗次數',
  `max_attempts` int DEFAULT '5000' COMMENT '最大允許驗證次數',
  `expires_at` timestamp NOT NULL COMMENT 'OTP 過期時間（10分鐘）',
  `verified_at` timestamp NULL DEFAULT NULL COMMENT 'OTP 驗證成功時間',
  `created_at` timestamp NULL DEFAULT CURRENT_TIMESTAMP COMMENT '建立時間',
  PRIMARY KEY (`id`),
  KEY `idx_email` (`email`),
  KEY `idx_otp` (`otp`),
  KEY `idx_expires_at` (`expires_at`),
  KEY `idx_verified` (`verified`)
) ENGINE=InnoDB AUTO_INCREMENT=27 DEFAULT CHARSET=utf8mb4 COLLATE=utf8mb4_unicode_ci COMMENT='密碼重置表（OTP版本）- 使用6位數驗證碼而非長Token';
/*!40101 SET character_set_client = @saved_cs_client */;

--
-- Dumping data for table `password_resets`
--

LOCK TABLES `password_resets` WRITE;
/*!40000 ALTER TABLE `password_resets` DISABLE KEYS */;
INSERT INTO `password_resets` VALUES (26,'sailotest00@gmail.com','705612',1,1,0,5,'2025-11-11 10:58:24','2025-11-11 10:49:06','2025-11-11 10:48:24');
/*!40000 ALTER TABLE `password_resets` ENABLE KEYS */;
UNLOCK TABLES;

--
-- Table structure for table `payments`
--

DROP TABLE IF EXISTS `payments`;
/*!40101 SET @saved_cs_client     = @@character_set_client */;
/*!50503 SET character_set_client = utf8mb4 */;
CREATE TABLE `payments` (
  `id` int NOT NULL AUTO_INCREMENT COMMENT '付款記錄ID',
  `order_id` int NOT NULL COMMENT '訂單ID',
  `merchant_trade_no` varchar(100) COLLATE utf8mb4_unicode_ci DEFAULT NULL COMMENT '商店交易編號',
  `payment_type` varchar(50) COLLATE utf8mb4_unicode_ci DEFAULT NULL COMMENT '付款方式',
  `amount` int NOT NULL COMMENT '付款金額',
  `payment_status` tinyint NOT NULL DEFAULT '0' COMMENT '付款狀態 0:待付款 1:已付款 2:付款失敗',
  `ecpay_trade_no` varchar(100) COLLATE utf8mb4_unicode_ci DEFAULT NULL COMMENT 'ECPay交易編號',
  `rtn_code` int DEFAULT NULL COMMENT 'ECPay回傳碼',
  `rtn_msg` varchar(500) COLLATE utf8mb4_unicode_ci DEFAULT NULL COMMENT 'ECPay回傳訊息',
  `payment_date` datetime DEFAULT NULL COMMENT '付款完成時間',
  `created_at` datetime DEFAULT CURRENT_TIMESTAMP COMMENT '建立時間',
  `updated_at` datetime DEFAULT CURRENT_TIMESTAMP ON UPDATE CURRENT_TIMESTAMP COMMENT '更新時間',
  PRIMARY KEY (`id`),
  UNIQUE KEY `merchant_trade_no` (`merchant_trade_no`),
  KEY `idx_order_id` (`order_id`),
  KEY `idx_merchant_trade_no` (`merchant_trade_no`),
  KEY `idx_payment_status` (`payment_status`),
  CONSTRAINT `fk_payments_orders` FOREIGN KEY (`order_id`) REFERENCES `orders` (`id`) ON DELETE RESTRICT
) ENGINE=InnoDB AUTO_INCREMENT=2 DEFAULT CHARSET=utf8mb4 COLLATE=utf8mb4_unicode_ci COMMENT='付款記錄表';
/*!40101 SET character_set_client = @saved_cs_client */;

--
-- Dumping data for table `payments`
--

LOCK TABLES `payments` WRITE;
/*!40000 ALTER TABLE `payments` DISABLE KEYS */;
INSERT INTO `payments` VALUES (1,1,'ORD1761551855635RD7T','Credit',80,0,NULL,NULL,NULL,NULL,'2025-10-27 15:57:35','2025-10-27 15:57:35');
/*!40000 ALTER TABLE `payments` ENABLE KEYS */;
UNLOCK TABLES;

--
-- Table structure for table `pd_favorite`
--

DROP TABLE IF EXISTS `pd_favorite`;
/*!40101 SET @saved_cs_client     = @@character_set_client */;
/*!50503 SET character_set_client = utf8mb4 */;
CREATE TABLE `pd_favorite` (
  `id` int NOT NULL AUTO_INCREMENT,
  `user_id` int NOT NULL COMMENT '使用者ID (關聯 users.id)',
  `product_id` int NOT NULL COMMENT '商品ID (關聯 products.product_id)',
  `created_at` timestamp NULL DEFAULT CURRENT_TIMESTAMP COMMENT '收藏時間',
  PRIMARY KEY (`id`),
  UNIQUE KEY `unique_user_product` (`user_id`,`product_id`) COMMENT '防止重複收藏',
  KEY `idx_user_id` (`user_id`),
  KEY `idx_product_id` (`product_id`),
  KEY `idx_created_at` (`created_at`),
  CONSTRAINT `fk_pd_favorite_product` FOREIGN KEY (`product_id`) REFERENCES `products` (`product_id`) ON DELETE CASCADE,
  CONSTRAINT `fk_pd_favorite_user` FOREIGN KEY (`user_id`) REFERENCES `users` (`id`) ON DELETE CASCADE
) ENGINE=InnoDB AUTO_INCREMENT=35 DEFAULT CHARSET=utf8mb4 COLLATE=utf8mb4_unicode_ci COMMENT='商品收藏表 - 記錄使用者收藏的商品';
/*!40101 SET character_set_client = @saved_cs_client */;

--
-- Dumping data for table `pd_favorite`
--

LOCK TABLES `pd_favorite` WRITE;
/*!40000 ALTER TABLE `pd_favorite` DISABLE KEYS */;
INSERT INTO `pd_favorite` VALUES (1,1,1,'2025-10-14 18:30:00'),(2,1,6,'2025-10-14 19:00:00'),(3,1,11,'2025-10-14 22:20:00'),(4,1,16,'2025-10-15 17:15:00'),(5,1,21,'2025-10-15 23:45:00'),(6,2,2,'2025-10-13 16:30:00'),(7,2,7,'2025-10-13 18:45:00'),(8,2,12,'2025-10-14 00:20:00'),(9,2,18,'2025-10-14 19:30:00'),(10,2,26,'2025-10-14 22:00:00'),(11,2,31,'2025-10-15 18:20:00'),(12,3,3,'2025-10-12 17:00:00'),(13,3,8,'2025-10-12 21:15:00'),(14,3,13,'2025-10-13 18:30:00'),(15,3,22,'2025-10-13 23:45:00'),(16,3,27,'2025-10-14 17:20:00'),(17,3,32,'2025-10-15 00:30:00'),(18,3,36,'2025-10-15 19:00:00'),(19,3,41,'2025-10-16 16:45:00'),(34,3,1,'2025-11-10 02:28:16');
/*!40000 ALTER TABLE `pd_favorite` ENABLE KEYS */;
UNLOCK TABLES;

--
-- Table structure for table `pd_review`
--

DROP TABLE IF EXISTS `pd_review`;
/*!40101 SET @saved_cs_client     = @@character_set_client */;
/*!50503 SET character_set_client = utf8mb4 */;
CREATE TABLE `pd_review` (
  `id` int NOT NULL AUTO_INCREMENT,
  `product_id` int NOT NULL COMMENT '商品ID (關聯 products.product_id)',
  `user_id` int NOT NULL COMMENT '評論者ID (關聯 users.id)',
  `rating` decimal(2,1) NOT NULL COMMENT '評分 (1.0-5.0)',
  `title` varchar(200) CHARACTER SET utf8mb4 COLLATE utf8mb4_unicode_ci DEFAULT NULL COMMENT '評論標題',
  `comment` text CHARACTER SET utf8mb4 COLLATE utf8mb4_unicode_ci COMMENT '評論內容',
  `images` json DEFAULT NULL COMMENT '評論圖片 URL 陣列 ["url1", "url2"]',
  `is_verified_purchase` tinyint(1) DEFAULT '0' COMMENT '是否為已購買用戶 (可選功能)',
  `helpful_count` int DEFAULT '0' COMMENT '有幫助的數量',
  `is_active` tinyint(1) DEFAULT '1' COMMENT '是否顯示 (管理員可隱藏不當評論)',
  `created_at` timestamp NULL DEFAULT CURRENT_TIMESTAMP COMMENT '評論時間',
  `updated_at` timestamp NULL DEFAULT CURRENT_TIMESTAMP ON UPDATE CURRENT_TIMESTAMP COMMENT '更新時間',
  PRIMARY KEY (`id`),
  KEY `idx_product_id` (`product_id`),
  KEY `idx_user_id` (`user_id`),
  KEY `idx_rating` (`rating`),
  KEY `idx_created_at` (`created_at`),
  KEY `idx_is_active` (`is_active`),
  CONSTRAINT `fk_pd_review_product` FOREIGN KEY (`product_id`) REFERENCES `products` (`product_id`) ON DELETE CASCADE,
  CONSTRAINT `fk_pd_review_user` FOREIGN KEY (`user_id`) REFERENCES `users` (`id`) ON DELETE CASCADE
) ENGINE=InnoDB AUTO_INCREMENT=23 DEFAULT CHARSET=utf8mb4 COLLATE=utf8mb4_unicode_ci;
/*!40101 SET character_set_client = @saved_cs_client */;

--
-- Dumping data for table `pd_review`
--

LOCK TABLES `pd_review` WRITE;
/*!40000 ALTER TABLE `pd_review` DISABLE KEYS */;
INSERT INTO `pd_review` VALUES (1,1,1,5.0,'超級實用的旅行組合！','包裝精美，牙刷質量很好，牙膏也不會漏。收納盒設計很貼心，放在行李箱不佔空間。出差旅行必備！','[\"https://example.com/images/review1_1.jpg\", \"https://example.com/images/review1_2.jpg\"]',1,15,1,'2025-10-15 18:00:00','2025-10-18 00:54:21'),(2,1,2,4.5,'性價比高','整體來說很不錯，唯一小缺點是牙刷的刷毛稍微硬了一點，但其他都很滿意。',NULL,1,8,1,'2025-10-15 22:30:00','2025-10-18 00:54:21'),(3,1,3,5.0,'很棒good!','基本功能都有，但收納盒的扣子不太好開。',NULL,0,3,1,'2025-10-16 17:15:00','2025-11-10 02:27:34'),(4,6,1,5.0,'充電神器！','容量超大，可以充滿我的iPhone 3次還有剩。支援快充真的很方便，出門再也不用擔心手機沒電了！','[\"https://example.com/images/review6_1.jpg\"]',1,42,1,'2025-10-15 00:20:00','2025-10-18 00:54:21'),(5,6,2,4.5,'充電速度快','雙USB輸出很實用，可以同時充兩個設備。LED電量顯示清楚，但稍微有點重量。',NULL,1,22,1,'2025-10-15 19:00:00','2025-10-18 00:54:21'),(6,6,3,5.0,'旅行必備','帶去日本旅遊，每天充手機和相機都沒問題，真的很耐用！','[\"https://example.com/images/review6_3.jpg\"]',1,18,1,'2025-10-16 18:30:00','2025-10-18 00:54:21'),(7,7,2,5.0,'出國必備神器','去了歐洲、日本都能用，內建USB充電孔超方便，不用再帶一堆轉接頭了！','[\"https://example.com/images/review7_1.jpg\"]',1,35,1,'2025-10-14 17:30:00','2025-10-18 00:54:21'),(8,7,3,4.5,'非常實用','適用大部分國家，USB充電功能很貼心，唯一缺點是體積稍大。',NULL,1,12,1,'2025-10-15 21:45:00','2025-10-18 00:54:21'),(9,8,3,5.0,'音質超讚！','降噪效果很好，搭飛機時完全不會被引擎聲打擾。電池續航力強，充電盒又多提供24小時，超滿意！','[\"https://example.com/images/review8_1.jpg\", \"https://example.com/images/review8_2.jpg\"]',1,56,1,'2025-10-13 23:00:00','2025-10-18 00:54:21'),(10,8,1,4.5,'性價比不錯','音質清晰，連線穩定，IPX5防水很實用。唯一小缺點是耳機稍微大了一點。',NULL,1,28,1,'2025-10-14 19:20:00','2025-10-18 00:54:21'),(11,8,2,5.0,'推薦購買','降噪功能真的很強，通勤時聽音樂超享受，充電速度也很快！',NULL,1,19,1,'2025-10-16 00:30:00','2025-10-18 00:54:21'),(12,11,1,4.5,'節省空間好幫手','不需要抽氣機，用手壓就能排氣，真的節省很多行李空間！材質也很耐用。','[\"https://example.com/images/review11_1.jpg\"]',1,25,1,'2025-10-15 20:00:00','2025-10-18 00:54:21'),(13,11,3,4.0,'實用但需要技巧','第一次用需要練習一下，熟悉後很方便。建議不要裝太滿，比較好壓縮。',NULL,1,10,1,'2025-10-16 16:30:00','2025-10-18 00:54:21'),(14,21,1,5.0,'露營神器！','真的很輕只有2.5kg！搭建超快速，防水效果也很好。去了三次露營都沒問題，強力推薦！','[\"https://example.com/images/review21_1.jpg\", \"https://example.com/images/review21_2.jpg\", \"https://example.com/images/review21_3.jpg\"]',1,67,1,'2025-10-16 22:00:00','2025-10-18 00:54:21'),(15,21,2,4.5,'很棒的帳篷','空間對兩個人來說剛剛好，通風設計不錯。唯一缺點是收納袋有點小，不太好收。',NULL,1,31,1,'2025-10-17 00:45:00','2025-10-18 00:54:21'),(16,21,3,5.0,'超值！','這個價格能買到這麼好的帳篷真的很划算，下大雨也沒有漏水，讚！',NULL,1,24,1,'2025-10-17 17:00:00','2025-10-18 00:54:21'),(17,27,3,5.0,'登山好夥伴','背負系統設計得很好，長時間背著也不會累。防水拉鍊很實用，多口袋設計方便分類。','[\"https://example.com/images/review27_1.jpg\"]',1,38,1,'2025-10-15 18:30:00','2025-10-18 00:54:21'),(18,27,2,4.5,'品質不錯','容量夠大，材質耐用。肩帶很舒適，但腰帶的扣環有點硬。',NULL,1,15,1,'2025-10-16 19:00:00','2025-10-18 00:54:21'),(19,36,3,5.0,'防曬效果超好','去海邊玩一整天都沒有曬傷！質地清爽不黏膩，而且防水抗汗，游泳也不用擔心。','[\"https://example.com/images/review36_1.jpg\"]',1,45,1,'2025-10-16 21:30:00','2025-10-18 00:54:21'),(20,36,1,4.5,'敏感肌適用','無香料配方很溫和，敏感肌用了也不會過敏。唯一缺點是要多抹幾次才能完全推開。',NULL,1,21,1,'2025-10-16 23:00:00','2025-10-18 00:54:21'),(21,41,3,5.0,'超好穿！','彈性很好，穿起來很舒服。防曬UPF50+真的有效，游完泳皮膚也沒曬傷。乾得很快！','[\"https://example.com/images/review41_1.jpg\", \"https://example.com/images/review41_2.jpg\"]',1,29,1,'2025-10-17 18:15:00','2025-10-18 00:54:21'),(22,41,2,4.5,'質感不錯','材質摸起來很舒服，抗氯防曬功能都很好。版型合身但不會太緊。',NULL,1,16,1,'2025-10-17 19:30:00','2025-10-18 00:54:21');
/*!40000 ALTER TABLE `pd_review` ENABLE KEYS */;
UNLOCK TABLES;

--
-- Table structure for table `pd_review_helpful`
--

DROP TABLE IF EXISTS `pd_review_helpful`;
/*!40101 SET @saved_cs_client     = @@character_set_client */;
/*!50503 SET character_set_client = utf8mb4 */;
CREATE TABLE `pd_review_helpful` (
  `id` int NOT NULL AUTO_INCREMENT,
  `review_id` int NOT NULL COMMENT '評論ID (關聯 pd_review.id)',
  `user_id` int NOT NULL COMMENT '點擊有用的使用者ID',
  `created_at` timestamp NULL DEFAULT CURRENT_TIMESTAMP,
  PRIMARY KEY (`id`),
  UNIQUE KEY `unique_review_user` (`review_id`,`user_id`) COMMENT '防止重複點擊',
  KEY `idx_review_id` (`review_id`),
  KEY `idx_user_id` (`user_id`),
  CONSTRAINT `fk_pd_helpful_review` FOREIGN KEY (`review_id`) REFERENCES `pd_review` (`id`) ON DELETE CASCADE,
  CONSTRAINT `fk_pd_helpful_user` FOREIGN KEY (`user_id`) REFERENCES `users` (`id`) ON DELETE CASCADE
) ENGINE=InnoDB AUTO_INCREMENT=27 DEFAULT CHARSET=utf8mb4 COLLATE=utf8mb4_unicode_ci COMMENT='評論有用性記錄 - 記錄哪些使用者認為評論有幫助';
/*!40101 SET character_set_client = @saved_cs_client */;

--
-- Dumping data for table `pd_review_helpful`
--

LOCK TABLES `pd_review_helpful` WRITE;
/*!40000 ALTER TABLE `pd_review_helpful` DISABLE KEYS */;
INSERT INTO `pd_review_helpful` VALUES (1,1,1,'2025-10-15 18:30:00'),(2,4,1,'2025-10-15 19:00:00'),(3,7,1,'2025-10-15 19:15:00'),(4,9,1,'2025-10-15 19:30:00'),(5,13,1,'2025-10-16 17:00:00'),(6,16,1,'2025-10-16 17:30:00'),(7,1,2,'2025-10-15 20:00:00'),(8,2,2,'2025-10-15 20:15:00'),(9,4,2,'2025-10-15 21:00:00'),(10,5,2,'2025-10-15 21:15:00'),(11,9,2,'2025-10-15 22:00:00'),(12,10,2,'2025-10-15 22:15:00'),(13,13,2,'2025-10-16 18:00:00'),(14,14,2,'2025-10-16 18:15:00'),(15,18,2,'2025-10-16 22:00:00'),(16,2,3,'2025-10-15 23:00:00'),(17,4,3,'2025-10-15 23:30:00'),(18,6,3,'2025-10-16 00:00:00'),(19,7,3,'2025-10-16 00:30:00'),(20,8,3,'2025-10-16 01:00:00'),(21,11,3,'2025-10-16 16:00:00'),(22,12,3,'2025-10-16 16:30:00'),(23,13,3,'2025-10-16 19:00:00'),(24,15,3,'2025-10-16 19:30:00'),(25,16,3,'2025-10-16 20:00:00'),(26,19,3,'2025-10-17 00:00:00');
/*!40000 ALTER TABLE `pd_review_helpful` ENABLE KEYS */;
UNLOCK TABLES;

--
-- Table structure for table `places`
--

DROP TABLE IF EXISTS `places`;
/*!40101 SET @saved_cs_client     = @@character_set_client */;
/*!50503 SET character_set_client = utf8mb4 */;
CREATE TABLE `places` (
  `place_id` int NOT NULL AUTO_INCREMENT COMMENT '景點編號',
  `name` varchar(100) COLLATE utf8mb4_unicode_ci NOT NULL COMMENT '景點名稱',
  `category` enum('景點','餐廳','住宿','交通') COLLATE utf8mb4_unicode_ci NOT NULL COMMENT '類別',
  `location_id` int DEFAULT NULL COMMENT '所屬地區編號',
  `description` text COLLATE utf8mb4_unicode_ci COMMENT '景點描述',
  `rating` float DEFAULT NULL COMMENT '平均評分',
  `created_at` datetime DEFAULT CURRENT_TIMESTAMP COMMENT '建立時間',
  `latitude` decimal(10,6) DEFAULT NULL COMMENT '緯度',
  `longitude` decimal(10,6) DEFAULT NULL COMMENT '經度',
  `google_place_id` varchar(100) COLLATE utf8mb4_unicode_ci DEFAULT NULL COMMENT 'Google 地點 ID',
  PRIMARY KEY (`place_id`),
  KEY `idx_location_id` (`location_id`),
  KEY `idx_category` (`category`),
  KEY `idx_rating` (`rating`),
  CONSTRAINT `fk_places_locations` FOREIGN KEY (`location_id`) REFERENCES `locations` (`location_id`) ON DELETE SET NULL
) ENGINE=InnoDB AUTO_INCREMENT=74 DEFAULT CHARSET=utf8mb4 COLLATE=utf8mb4_unicode_ci;
/*!40101 SET character_set_client = @saved_cs_client */;

--
-- Dumping data for table `places`
--

LOCK TABLES `places` WRITE;
/*!40000 ALTER TABLE `places` DISABLE KEYS */;
INSERT INTO `places` VALUES (1,'台北101','景點',1,'台北著名地標,高樓觀景台能欣賞整個城市的美麗景色,是旅客必訪的景點之一,適合拍照與觀光。',4.8,'2025-10-14 11:53:24',25.033968,121.564468,'PabA9CvaPBxZELTD8'),(2,'六合夜市','餐廳',2,'高雄著名夜市,匯集各式在地小吃與特色美食,夜晚熱鬧非凡,是遊客與當地人都喜愛的美食勝地。',4.5,'2025-10-14 11:53:24',22.631600,120.301900,'Vob5ucrbKJuAKDA76'),(3,'赤崁樓','景點',5,'台南古蹟,融合中西建築風格與悠久歷史文化,提供遊客深入了解台南歷史文化的最佳去處,也是拍照打卡的熱門景點。',4.7,'2025-10-14 11:53:24',22.997883,120.202617,'fp1rY3eDhgxFZ9i46'),(4,'國立故宮博物院','景點',1,'收藏中華文物瑰寶,融合藝術與歷史教育功能,展出各朝代珍貴文物,是文化愛好者與旅客必訪的博物館。',4.7,'2025-10-14 12:10:12',25.102398,121.548492,'a4wNBURnt5npGKNU8'),(5,'士林夜市','餐廳',1,'台北最熱鬧的夜市之一,提供各式傳統小吃與特色美食,是遊客品嚐地道台灣美食的絕佳去處,夜晚熱鬧非凡。',4.5,'2025-10-14 12:12:45',25.087200,121.525000,'7nGg5fwVjQ6qdxCe6'),(6,'西門町商圈','景點',1,'年輕人潮聚集地,結合購物、美食與娛樂活動,是體驗台北潮流文化與城市生活的熱門景點,也是拍照打卡的好去處。',4.6,'2025-10-14 12:14:52',25.042233,121.508328,'9rz4fbR1S9EiHsPR7'),(7,'象山步道','景點',1,'俯瞰台北夜景的最佳地點之一,步道景觀優美,適合健行與拍攝台北市景,吸引許多遊客與攝影愛好者,是休閒散步的好去處。',4.9,'2025-10-14 12:16:33',25.027222,121.570611,'McJToUznk6i1M26C8'),(8,'饒河街夜市','餐廳',1,'結合傳統與現代特色的小吃夜市,提供多樣美食選擇,是遊客體驗台北夜市文化與街頭美食的絕佳地點,熱鬧又充滿特色。',4.4,'2025-10-14 12:18:45',25.050556,121.578333,'ykxiU5ByBWBXFbDEA'),(9,'松山文創園區','景點',1,'文創展覽與咖啡館結合的文化據點,提供藝術展覽、手作活動與休閒空間,適合喜愛文創與拍照的旅客,也是親子與朋友聚會的好去處。',4.6,'2025-10-14 12:20:18',25.044222,121.560222,'YoyvbHZz76roa7jZ8'),(10,'北投溫泉區','景點',1,'溫泉旅館林立,環境清幽,結合自然山景,是休閒泡湯與親近自然的最佳選擇,適合全家或情侶旅遊。',4.7,'2025-10-14 12:22:09',25.137500,121.506500,'Utjw52WjKN92sHzY6'),(11,'美麗華百樂園','景點',1,'摩天輪與購物娛樂合一的休閒中心,適合家庭或朋友聚會,提供購物、美食與娛樂的多重體驗,是台北熱門休閒景點。',4.5,'2025-10-14 12:23:47',25.082000,121.548600,'DEhvJzDYMBmqtuJbA'),(12,'台北萬豪酒店','住宿',1,'五星級住宿,交通便利且景觀極佳,提供舒適客房與完善設施,是旅客在台北享受高品質住宿的最佳選擇。',4.8,'2025-10-14 12:25:12',25.083611,121.548333,'oMqPZZ2vzwZvdYKm6'),(13,'台中國家歌劇院','景點',3,'建築藝術結合音樂表演的文化地標,提供精彩演出與參觀體驗,是台中文化愛好者必訪的藝術中心。',4.6,'2025-10-14 12:27:32',24.167222,120.639611,NULL),(14,'逢甲夜市','餐廳',3,'台中最具代表性的夜市,創意美食雲集,從傳統小吃到特色餐飲皆可品嚐,是旅客探索台中美食文化的好去處。',4.7,'2025-10-14 12:29:10',24.178889,120.646944,NULL),(15,'高美濕地','景點',3,'夕陽美景與自然生態觀察的熱門景點,適合攝影、散步及親近大自然,是台中戶外活動與生態旅遊的理想地點。',4.9,'2025-10-14 12:31:50',24.312611,120.561000,NULL),(16,'審計新村','景點',3,'文創商店與咖啡廳聚集的文青聖地,提供藝術展覽、手作體驗及休閒空間,是文青及創意愛好者的最佳打卡地點。',4.6,'2025-10-14 12:33:25',24.144611,120.663611,NULL),(17,'宮原眼科','餐廳',3,'復古建築冰淇淋名店,提供特色甜品與手工冰淇淋,是台中旅客品嚐經典甜點與拍照打卡的熱門地點。',4.8,'2025-10-14 12:35:10',24.136778,120.683500,NULL),(18,'一中街商圈','景點',3,'學生最愛的購物與美食街區,匯集潮流服飾、特色小吃與娛樂場所,是台中青年文化的重要聚集地。',4.5,'2025-10-14 12:36:58',24.147500,120.686333,NULL),(19,'勤美誠品綠園道','景點',3,'融合自然與設計的城市綠地,提供休閒散步、藝術展覽與戶外活動,是台中市民與遊客放鬆休憩的理想去處。',4.7,'2025-10-14 12:38:41',24.144611,120.662778,NULL),(20,'台中港三井Outlet','景點',3,'大型海港購物中心,適合全家出遊,結合購物、美食與休閒娛樂設施,是台中港熱門觀光與消費地點。',4.6,'2025-10-14 12:40:29',24.256944,120.541111,NULL),(21,'日月千禧酒店','住宿',3,'五星級飯店,位於台中市中心,提供豪華客房、完善設施與高品質服務,是旅客在台中享受舒適住宿的最佳選擇。',4.8,'2025-10-14 12:42:03',24.163611,120.638611,NULL),(22,'春水堂創始店','餐廳',4,'珍珠奶茶發源地,提供正宗茶飲及創意飲品,是體驗台灣經典飲品文化與觀光美食的絕佳地點。',4.6,'2025-10-14 12:43:47',24.136389,120.683611,NULL),(23,'太魯閣國家公園','景點',4,'峽谷與山景壯麗,提供登山、健行與戶外探險活動,是戶外愛好者與自然景觀攝影愛好者的理想選擇。',4.9,'2025-10-14 12:45:12',24.181389,121.493611,NULL),(24,'七星潭海岸','景點',3,'礫石海灘與湛藍海水,是花蓮代表景點,適合散步、拍照及欣賞海景,提供休閒與自然探索的完美環境。',4.8,'2025-10-14 12:47:21',24.032222,121.627500,NULL),(25,'東大門夜市','餐廳',4,'花蓮最大夜市,匯集各地小吃與特色美食,是遊客品嚐當地美食文化、體驗夜市熱鬧氛圍的首選地點。',4.5,'2025-10-14 12:48:59',23.973585,121.606384,NULL),(26,'花蓮文創園區','景點',4,'藝術展覽與文創商店共存的文化空間,提供展覽、手作體驗與休閒空間,是花蓮文創與藝術愛好者的好去處。',4.6,'2025-10-14 12:50:32',23.976111,121.605000,NULL),(27,'鯉魚潭風景區','景點',4,'湖光山色與環湖步道,適合騎腳踏車及散步,提供自然景觀與休閒活動,是親子與戶外愛好者的理想景點。',4.7,'2025-10-14 12:52:07',23.931111,121.561944,NULL),(28,'花蓮遠雄悅來大飯店','住宿',4,'臨海景觀飯店,設施完善,提供舒適客房與休閒服務,是花蓮旅客享受度假與海景住宿的絕佳選擇。',4.7,'2025-10-14 12:53:54',23.921944,121.605278,NULL),(29,'瑞穗牧場','景點',4,'自然草原與鮮奶製品,提供親子互動、動物體驗與戶外活動,是家庭旅遊與自然教育的理想景點。',4.5,'2025-10-14 12:55:39',23.517222,121.373611,NULL),(30,'花蓮文化創意夜市','餐廳',4,'結合在地手作與美食的夜市體驗,提供各式小吃與特色商品,是花蓮旅客探索地方文化與美食的好去處。',4.4,'2025-10-14 12:57:10',23.973611,121.605000,NULL),(31,'遠雄海洋公園','景點',4,'結合海洋生物與遊樂設施的大型主題園區,適合親子、朋友及團體遊玩,是花蓮熱門休閒娛樂與教育體驗景點。',4.6,'2025-10-14 12:58:48',23.894722,121.604444,NULL),(32,'花蓮福容大飯店','住宿',4,'臨近港口的高評價飯店,提供舒適客房與完善設施,是家庭與團體旅客在花蓮享受便利住宿的理想選擇。',4.8,'2025-10-14 13:00:26',23.851944,121.603611,NULL),(33,'蓮池潭風景區','景點',4,'湖光山色與龍虎塔,是高雄著名的旅遊景點,提供散步、休閒及觀光拍照的好去處,適合全家或朋友同遊。',4.6,'2025-10-14 13:02:05',22.686111,120.305556,NULL),(34,'駁二藝術特區','景點',2,'文創、展覽與咖啡結合的藝術聚落,提供文化活動、展覽與拍照打卡空間,是高雄文創與藝術愛好者必訪的地點。',4.7,'2025-10-14 13:03:32',22.616944,120.279167,NULL),(35,'六合夜市','餐廳',2,'高雄最具代表性的夜市,提供各式特色美食與小吃,是遊客體驗高雄在地夜市文化與美食的絕佳地點。',4.5,'2025-10-14 13:05:09',22.631600,120.301900,NULL),(36,'愛河風景區','景點',2,'浪漫夜景與河畔咖啡最受情侶喜愛,提供散步、休閒及拍照景點,是高雄情侶約會與觀光的理想地點。',4.8,'2025-10-14 13:06:52',22.626944,120.287222,NULL),(37,'壽山動物園','景點',2,'親子旅遊好去處,園區重建後環境舒適,提供動物觀賞、教育活動與戶外休閒,是家庭旅遊的熱門選擇。',4.6,'2025-10-14 13:08:31',22.648611,120.278333,NULL),(38,'美麗島捷運站','景點',2,'彩色玻璃穹頂藝術設計吸睛,是捷運站內的藝術景點,提供觀光拍照與休閒活動,是高雄旅客必訪地標。',4.7,'2025-10-14 13:10:08',22.631111,120.301111,NULL),(39,'高雄中央公園','景點',2,'市中心綠地,適合放鬆散步與休閒活動,提供自然環境與社區互動,是高雄市民與旅客放鬆身心的好去處。',4.5,'2025-10-14 13:11:54',22.630000,120.302222,NULL),(40,'義享天地','景點',2,'新興百貨商場,集購物與娛樂於一體,提供餐飲、購物及休閒娛樂,是高雄年輕族群與觀光客的熱門景點。',4.6,'2025-10-14 13:13:33',22.625000,120.300000,NULL),(41,'漢來大飯店','住宿',2,'五星級飯店,景觀與餐飲品質出眾,提供豪華住宿與完善服務,是高雄旅客享受高品質住宿的首選。',4.8,'2025-10-14 13:15:17',22.623611,120.296944,NULL),(42,'鹽埕老街','餐廳',2,'高雄在地老字號美食聚集地,提供傳統小吃與特色餐飲,是遊客體驗高雄美食文化與地方特色的必訪地點。',4.4,'2025-10-14 13:16:49',22.622222,120.295000,NULL),(43,'安平古堡','景點',5,'台南歷史悠久的古蹟,見證荷蘭時期文化,提供歷史導覽與拍照景點,是了解台南文化與歷史的重要地標。',4.6,'2025-10-14 13:18:21',22.995833,120.161111,NULL),(44,'赤崁樓','景點',5,'融合中西建築風格的歷史文化地標,提供歷史教育與觀光參觀,是台南旅客深入了解古蹟文化的理想景點。',4.5,'2025-10-14 13:19:56',22.997883,120.202617,NULL),(45,'花園夜市','餐廳',5,'台南最大夜市,傳統與創意小吃雲集,提供美食體驗與夜市文化探索,是遊客必訪的台南美食景點。',4.7,'2025-10-14 13:21:33',23.000000,120.200000,NULL),(46,'台南孔廟','景點',5,'文化與教育象徵,環境清幽,提供歷史導覽與參觀空間,是台南旅客了解古蹟文化與教育歷史的重要地標。',4.8,'2025-10-14 13:23:09',22.993611,120.204167,NULL),(47,'安平樹屋','景點',5,'樹木與老宅融合的奇特景觀,提供拍照打卡與歷史文化體驗,是遊客探索台南創意景觀與文化的理想去處。',4.6,'2025-10-14 13:24:41',22.995000,120.165000,NULL),(48,'藍晒圖文創園區','景點',5,'結合藝術與拍照景點的文青聖地,提供文創展覽與休閒空間,是喜愛藝術與創意文化旅客必訪的景點。',4.5,'2025-10-14 13:26:14',22.994444,120.196944,NULL),(49,'鵪鶉鹹粥','餐廳',5,'在地傳統早餐店,以魚粥聞名,提供早晨美食體驗與文化風味,是台南旅客品嚐地道早餐的好去處。',4.7,'2025-10-14 13:27:50',22.991111,120.197222,NULL),(50,'晶英酒店','住宿',5,'五星級飯店,位於市中心,設施完善,提供豪華住宿與優質服務,是台南旅客享受舒適住宿的首選地點。',4.9,'2025-10-14 13:29:27',22.991944,120.196111,NULL),(51,'正興街商圈','景點',5,'老屋新生的文創聚落,提供甜點咖啡與藝術展覽,是台南旅客體驗文創文化與拍照打卡的熱門景點。',4.6,'2025-10-14 13:31:02',22.992222,120.195000,NULL),(52,'台南美術館','景點',5,'現代藝術展館,建築設計極具特色,提供藝術展覽與文化教育,是台南旅客與藝術愛好者必訪的地標。',4.8,'2025-10-14 13:32:47',22.991389,120.195833,NULL),(53,'金瓜石','景點',1,'建於 1898 年的神社遺址,可經由石階前往欣賞舊淘金鎮金瓜石的景緻。',4.8,'2025-10-14 11:53:24',25.033968,121.564468,NULL),(54,'陽明山國家公園','景點',1,'溫泉與花季並存的自然景點,提供登山健行、泡湯與賞花體驗,是台北旅客親近自然與休閒的絕佳選擇。',4.8,'2025-10-14 13:36:49',25.179167,121.529167,NULL),(55,'金峰魯肉飯','餐廳',1,'台北知名傳統滷肉飯老店,提供經典台灣小吃與美食文化體驗,是旅客品嚐地道美食的熱門去處。',4.6,'2025-10-14 13:38:21',25.032222,121.521111,NULL),(56,'圓山大飯店','住宿',1,'中式宮殿風格建築,台北代表性飯店,提供豪華住宿與高品質服務,是旅客體驗台北文化與舒適住宿的首選。',4.8,'2025-10-14 13:39:58',25.072222,121.525000,NULL),(57,'彩虹眷村','景點',2,'彩繪藝術村落,充滿童趣與創意,提供拍照打卡與藝術文化體驗,是遊客探索台中創意文化與文青景點的理想地點。',4.7,'2025-10-14 13:41:26',24.133611,120.681944,NULL),(58,'宮原眼科冰淇淋店','餐廳',2,'以復古風格著名的甜品名店,提供手工冰淇淋與甜點體驗,是台中旅客品嚐經典甜品與拍照打卡的熱門景點。',4.6,'2025-10-14 13:42:59',24.136389,120.683611,NULL),(59,'谷關溫泉區','景點',2,'山林間的溫泉度假勝地,提供住宿、泡湯與戶外休閒體驗,是台中旅客親近自然與享受溫泉的理想選擇。',4.5,'2025-10-14 13:44:31',24.237222,120.837222,NULL),(60,'林酒店','住宿',2,'高評價商務與休閒並重的五星飯店,提供豪華住宿與完善設施,是台中旅客享受舒適住宿與服務的最佳選擇。',4.9,'2025-10-14 13:46:10',24.162222,120.639167,NULL),(61,'石梯坪風景區','景點',3,'獨特海蝕地形與海岸風光,適合觀光、拍照與戶外活動,是花蓮旅客探索自然景觀與海岸美景的好去處。',4.7,'2025-10-14 13:47:47',23.496944,121.519167,NULL),(62,'花蓮炸蛋蔥油餅','餐廳',3,'排隊名店,外酥內軟的經典小吃,提供花蓮在地美食體驗與觀光文化,是旅客品嚐地道小吃的熱門選擇。',4.5,'2025-10-14 13:49:25',23.978611,121.605000,NULL),(63,'立川漁場','景點',3,'可體驗摸蜆與品嚐海鮮料理的休閒農場,提供親子活動與戶外娛樂,是花蓮旅客享受自然與美食的好去處。',4.6,'2025-10-14 13:51:03',23.899167,121.536111,NULL),(64,'秧悅美地渡假酒店','住宿',3,'融合自然與舒適的高級度假住宿,提供豪華設施與戶外活動,是花蓮旅客享受放鬆與度假的理想選擇。',4.8,'2025-10-14 13:52:44',23.899722,121.538611,NULL),(65,'旗津風車公園','景點',4,'臨海風車與夕陽景色吸引眾多遊客,提供拍照打卡與休閒散步,是高雄旅客體驗自然景觀與戶外活動的熱門景點。',4.7,'2025-10-14 13:54:21',22.578611,120.295833,NULL),(66,'鹽埕婆婆冰','餐廳',4,'高雄老字號冰品店,夏季人氣旺,提供傳統冰品與甜點,是旅客品嚐地道消暑美食的理想去處。',4.5,'2025-10-14 13:55:59',22.623611,120.296944,NULL),(67,'夢時代購物中心','景點',2,'高雄最大購物中心,附有摩天輪,提供購物、美食與休閒娛樂,是遊客與家庭旅客休閒娛樂的理想地點。',4.6,'2025-10-14 13:57:37',22.604167,120.301389,NULL),(68,'中央公園英迪格酒店','住宿',4,'精品風格飯店,位置便利景觀佳,提供舒適住宿與完善服務,是高雄旅客享受便利住宿與休閒的理想選擇。',4.8,'2025-10-14 13:59:12',22.630000,120.302222,NULL),(69,'奇美博物館','景點',5,'藝術與自然結合的歐風建築博物館,提供展覽、教育體驗與拍照景點,是台南旅客與藝術愛好者必訪的景點。',4.9,'2025-10-14 14:00:41',22.934167,120.227222,NULL),(70,'永樂市場','餐廳',5,'老市場美食聚集地,以牛肉湯聞名,提供在地早餐與美食文化體驗,是遊客探索台南傳統市場與小吃的好去處。',4.6,'2025-10-14 14:02:18',22.991111,120.197222,NULL),(71,'四草綠色隧道','景點',5,'有「台版亞馬遜」之稱的紅樹林生態區,提供自然探索、划船體驗與親子活動,是台南旅客體驗生態與自然景觀的理想景點。',4.8,'2025-10-14 14:03:56',23.000000,120.200000,NULL),(72,'香格里拉台南遠東國際大飯店','住宿',5,'五星級飯店,設備完善、鄰近車站,提供豪華住宿與便利交通,是台南旅客享受高品質住宿與交通便利的最佳選擇。',4.9,'2025-10-14 14:05:29',22.997222,120.212222,NULL),(73,'中正紀念堂','景點',1,'國家級地標與歷史建築,環境開闊,提供參觀、拍照與文化體驗,是遊客了解台北歷史與文化的重要景點。',4.7,'2025-10-14 13:35:12',25.034000,121.521500,NULL);
/*!40000 ALTER TABLE `places` ENABLE KEYS */;
UNLOCK TABLES;

--
-- Table structure for table `post_comments`
--

DROP TABLE IF EXISTS `post_comments`;
/*!40101 SET @saved_cs_client     = @@character_set_client */;
/*!50503 SET character_set_client = utf8mb4 */;
CREATE TABLE `post_comments` (
  `post_comments_id` int NOT NULL AUTO_INCREMENT,
  `post_id` int NOT NULL,
  `comment_id` int NOT NULL,
  `created_at` datetime DEFAULT CURRENT_TIMESTAMP,
  PRIMARY KEY (`post_comments_id`),
  KEY `idx_post_id` (`post_id`),
  KEY `idx_comment_id` (`comment_id`),
  CONSTRAINT `fk_post_comments_comments` FOREIGN KEY (`comment_id`) REFERENCES `comments` (`comment_id`) ON DELETE CASCADE,
  CONSTRAINT `fk_post_comments_posts` FOREIGN KEY (`post_id`) REFERENCES `posts` (`post_id`) ON DELETE CASCADE
) ENGINE=InnoDB AUTO_INCREMENT=19 DEFAULT CHARSET=utf8mb4 COLLATE=utf8mb4_unicode_ci;
/*!40101 SET character_set_client = @saved_cs_client */;

--
-- Dumping data for table `post_comments`
--

LOCK TABLES `post_comments` WRITE;
/*!40000 ALTER TABLE `post_comments` DISABLE KEYS */;
INSERT INTO `post_comments` VALUES (10,47,10,'2025-11-11 11:03:19'),(11,47,11,'2025-11-11 11:04:22'),(12,47,12,'2025-11-11 11:04:36'),(13,47,13,'2025-11-11 11:05:36'),(14,47,14,'2025-11-11 11:06:12'),(15,47,15,'2025-11-11 11:07:16'),(16,47,16,'2025-11-11 11:07:59');
/*!40000 ALTER TABLE `post_comments` ENABLE KEYS */;
UNLOCK TABLES;

--
-- Table structure for table `post_likes`
--

DROP TABLE IF EXISTS `post_likes`;
/*!40101 SET @saved_cs_client     = @@character_set_client */;
/*!50503 SET character_set_client = utf8mb4 */;
CREATE TABLE `post_likes` (
  `post_likes_id` int NOT NULL AUTO_INCREMENT,
  `post_id` int NOT NULL,
  `user_id` int NOT NULL,
  `created_at` datetime DEFAULT CURRENT_TIMESTAMP,
  PRIMARY KEY (`post_likes_id`),
  UNIQUE KEY `unique_post_user_like` (`post_id`,`user_id`),
  KEY `idx_post_id` (`post_id`),
  KEY `idx_user_id` (`user_id`),
  CONSTRAINT `fk_post_likes_posts` FOREIGN KEY (`post_id`) REFERENCES `posts` (`post_id`) ON DELETE CASCADE,
  CONSTRAINT `fk_post_likes_users` FOREIGN KEY (`user_id`) REFERENCES `users` (`id`) ON DELETE CASCADE
) ENGINE=InnoDB AUTO_INCREMENT=17 DEFAULT CHARSET=utf8mb4 COLLATE=utf8mb4_unicode_ci;
/*!40101 SET character_set_client = @saved_cs_client */;

--
-- Dumping data for table `post_likes`
--

LOCK TABLES `post_likes` WRITE;
/*!40000 ALTER TABLE `post_likes` DISABLE KEYS */;
INSERT INTO `post_likes` VALUES (8,47,10,'2025-11-11 11:03:20'),(9,47,11,'2025-11-11 11:04:02'),(10,47,13,'2025-11-11 11:06:18'),(11,47,14,'2025-11-11 11:06:58'),(14,47,3,'2025-11-11 18:44:34'),(15,45,3,'2025-11-11 18:45:09'),(16,44,3,'2025-11-11 18:45:10');
/*!40000 ALTER TABLE `post_likes` ENABLE KEYS */;
UNLOCK TABLES;

--
-- Table structure for table `post_photos`
--

DROP TABLE IF EXISTS `post_photos`;
/*!40101 SET @saved_cs_client     = @@character_set_client */;
/*!50503 SET character_set_client = utf8mb4 */;
CREATE TABLE `post_photos` (
  `photo_id` int NOT NULL AUTO_INCREMENT,
  `post_id` int NOT NULL,
  `url` varchar(500) COLLATE utf8mb4_unicode_ci NOT NULL,
  `created_at` datetime DEFAULT CURRENT_TIMESTAMP,
  PRIMARY KEY (`photo_id`),
  KEY `idx_post_id` (`post_id`),
  CONSTRAINT `fk_post_photos_posts` FOREIGN KEY (`post_id`) REFERENCES `posts` (`post_id`) ON DELETE CASCADE
) ENGINE=InnoDB AUTO_INCREMENT=42 DEFAULT CHARSET=utf8mb4 COLLATE=utf8mb4_unicode_ci;
/*!40101 SET character_set_client = @saved_cs_client */;

--
-- Dumping data for table `post_photos`
--

LOCK TABLES `post_photos` WRITE;
/*!40000 ALTER TABLE `post_photos` DISABLE KEYS */;
INSERT INTO `post_photos` VALUES (6,13,'https://ik.imagekit.io/crjen7iza/blog/post-1762778889666_yJdzD-9si.jpg','2025-11-10 20:48:17'),(7,13,'https://ik.imagekit.io/crjen7iza/blog/post-1762778895263_ky4VspitO.jpg','2025-11-10 20:48:17'),(8,17,'https://ik.imagekit.io/crjen7iza/blog/post-1762780179100_YDVK5Boun9.jpg','2025-11-10 21:09:41'),(9,20,'https://ik.imagekit.io/crjen7iza/blog/post-1762780461080_W8c33gEOR.jpg','2025-11-10 21:14:23'),(10,21,'https://ik.imagekit.io/crjen7iza/blog/post-1762780824711_WDxJPSCMG.jpg','2025-11-10 21:20:26'),(11,22,'https://ik.imagekit.io/crjen7iza/blog/post-1762780935940_aDLG9FL9e.jpg','2025-11-10 21:22:18'),(12,23,'https://ik.imagekit.io/crjen7iza/blog/post-1762781057138_WsdqmHDnp.jpg','2025-11-10 21:24:19'),(13,25,'https://ik.imagekit.io/crjen7iza/blog/post-1762781207211_fA-vTAawp.jpg','2025-11-10 21:26:49'),(14,26,'https://ik.imagekit.io/crjen7iza/blog/post-1762781624461_CPMwQeidp.jpg','2025-11-10 21:33:46'),(15,27,'https://ik.imagekit.io/crjen7iza/blog/post-1762781730861_VICiGHI3E.jpg','2025-11-10 21:35:33'),(16,28,'https://ik.imagekit.io/crjen7iza/blog/post-1762781896238_W-snD6zby.jpg','2025-11-10 21:38:31'),(17,28,'https://ik.imagekit.io/crjen7iza/blog/post-1762781901964_-FizLkgCa.jpg','2025-11-10 21:38:31'),(19,29,'https://ik.imagekit.io/crjen7iza/blog/post-1762782040812_Vxr4LgfQ6.jpg','2025-11-10 21:40:43'),(20,30,'https://ik.imagekit.io/crjen7iza/blog/post-1762782137057_VBd8IrZiO.jpg','2025-11-10 21:42:21'),(21,31,'https://ik.imagekit.io/crjen7iza/blog/post-1762782391006_btNpgGmiA.jpg','2025-11-10 21:46:33'),(22,32,'https://ik.imagekit.io/crjen7iza/blog/post-1762782500534_wrbu8kxKH.jpg','2025-11-10 21:48:25'),(23,33,'https://ik.imagekit.io/crjen7iza/blog/post-1762782751452_YuTihldgz.jpg','2025-11-10 21:52:33'),(24,34,'https://ik.imagekit.io/crjen7iza/blog/post-1762782984991_Mo_vHg8CD.jpg','2025-11-10 21:56:27'),(25,35,'https://ik.imagekit.io/crjen7iza/blog/post-1762783208010_Brb0KHU6r.jpg','2025-11-10 22:00:12'),(26,35,'https://ik.imagekit.io/crjen7iza/blog/post-1762783210965_Fuhg-rtgX.jpg','2025-11-10 22:00:12'),(27,36,'https://ik.imagekit.io/crjen7iza/blog/post-1762783423482_6CYYjkI8P.jpg','2025-11-10 22:03:48'),(28,36,'https://ik.imagekit.io/crjen7iza/blog/post-1762783426003_1wLiLZ7Az.jpg','2025-11-10 22:03:48'),(29,37,'https://ik.imagekit.io/crjen7iza/blog/post-1762783514418_YHkXTCl6S.jpg','2025-11-10 22:05:18'),(30,38,'https://ik.imagekit.io/crjen7iza/blog/post-1762783623987_e2gYyZTXj.jpg','2025-11-10 22:07:07'),(31,38,'https://ik.imagekit.io/crjen7iza/blog/post-1762783626362_2S2PN05vT.jpg','2025-11-10 22:07:07'),(32,39,'https://ik.imagekit.io/crjen7iza/blog/post-1762783803573_iHF0dQs7H.jpg','2025-11-10 22:10:05'),(33,40,'https://ik.imagekit.io/crjen7iza/blog/post-1762783922618_lPEI47GcK.jpg','2025-11-10 22:12:12'),(34,41,'https://ik.imagekit.io/crjen7iza/blog/post-1762784135344_eZAyis2zr.jpg','2025-11-10 22:15:39'),(35,41,'https://ik.imagekit.io/crjen7iza/blog/post-1762784137680_VE-QZmyQ5.jpg','2025-11-10 22:15:39'),(36,42,'https://ik.imagekit.io/crjen7iza/blog/post-1762784207824_xE6pUy3BF.jpg','2025-11-10 22:16:49'),(37,43,'https://ik.imagekit.io/crjen7iza/blog/post-1762784287316_NHdhetZLS.jpg','2025-11-10 22:18:09'),(38,44,'https://ik.imagekit.io/crjen7iza/blog/post-1762784346208_io-Nw4KkZ.jpg','2025-11-10 22:19:08'),(39,45,'https://ik.imagekit.io/crjen7iza/blog/post-1762784406084_4KjQTd8J9.jpg','2025-11-10 22:20:08'),(40,46,'https://ik.imagekit.io/crjen7iza/blog/post-1762784566247_5jiay6jVj.jpg','2025-11-10 22:22:51'),(41,47,'https://ik.imagekit.io/crjen7iza/blog/post-1762830115858_7fZ40_b1A.jpg','2025-11-11 11:01:57');
/*!40000 ALTER TABLE `post_photos` ENABLE KEYS */;
UNLOCK TABLES;

--
-- Table structure for table `post_tags`
--

DROP TABLE IF EXISTS `post_tags`;
/*!40101 SET @saved_cs_client     = @@character_set_client */;
/*!50503 SET character_set_client = utf8mb4 */;
CREATE TABLE `post_tags` (
  `post_tags_id` int NOT NULL AUTO_INCREMENT,
  `post_id` int NOT NULL,
  `tag_id` int NOT NULL,
  `created_at` datetime DEFAULT CURRENT_TIMESTAMP,
  PRIMARY KEY (`post_tags_id`),
  UNIQUE KEY `unique_post_tag` (`post_id`,`tag_id`),
  KEY `idx_post_id` (`post_id`),
  KEY `idx_tag_id` (`tag_id`),
  CONSTRAINT `fk_post_tags_posts` FOREIGN KEY (`post_id`) REFERENCES `posts` (`post_id`) ON DELETE CASCADE,
  CONSTRAINT `fk_post_tags_tags` FOREIGN KEY (`tag_id`) REFERENCES `sns_tags` (`tag_id`) ON DELETE CASCADE
) ENGINE=InnoDB AUTO_INCREMENT=46 DEFAULT CHARSET=utf8mb4 COLLATE=utf8mb4_unicode_ci;
/*!40101 SET character_set_client = @saved_cs_client */;

--
-- Dumping data for table `post_tags`
--

LOCK TABLES `post_tags` WRITE;
/*!40000 ALTER TABLE `post_tags` DISABLE KEYS */;
INSERT INTO `post_tags` VALUES (18,13,10,'2025-11-10 20:48:17'),(19,17,11,'2025-11-10 21:09:41'),(20,18,12,'2025-11-10 21:11:35'),(21,19,12,'2025-11-10 21:12:09'),(22,21,13,'2025-11-10 21:20:26'),(23,22,14,'2025-11-10 21:22:18'),(24,24,12,'2025-11-10 21:24:57'),(25,23,15,'2025-11-10 21:27:30'),(26,24,16,'2025-11-10 21:27:49'),(27,18,17,'2025-11-10 21:28:42'),(28,26,18,'2025-11-10 21:33:46'),(29,29,12,'2025-11-10 21:40:43'),(30,29,16,'2025-11-10 21:40:43'),(31,30,12,'2025-11-10 21:42:21'),(32,31,16,'2025-11-10 21:46:33'),(33,31,12,'2025-11-10 21:46:33'),(34,32,12,'2025-11-10 21:48:24'),(35,34,12,'2025-11-10 21:56:27'),(36,36,12,'2025-11-10 22:03:48'),(37,38,12,'2025-11-10 22:07:07'),(38,40,12,'2025-11-10 22:12:12'),(39,41,12,'2025-11-10 22:15:39'),(40,41,19,'2025-11-10 22:15:39'),(41,43,12,'2025-11-10 22:18:09'),(42,43,16,'2025-11-10 22:18:09'),(43,46,20,'2025-11-10 22:22:51'),(44,47,21,'2025-11-11 11:01:57'),(45,47,22,'2025-11-11 11:01:57');
/*!40000 ALTER TABLE `post_tags` ENABLE KEYS */;
UNLOCK TABLES;

--
-- Table structure for table `posts`
--

DROP TABLE IF EXISTS `posts`;
/*!40101 SET @saved_cs_client     = @@character_set_client */;
/*!50503 SET character_set_client = utf8mb4 */;
CREATE TABLE `posts` (
  `post_id` int NOT NULL AUTO_INCREMENT,
  `user_id` int NOT NULL,
  `title` varchar(100) COLLATE utf8mb4_unicode_ci NOT NULL,
  `content` text COLLATE utf8mb4_unicode_ci,
  `category` enum('travel','food','life','photo') COLLATE utf8mb4_unicode_ci NOT NULL,
  `trip_id` int DEFAULT NULL,
  `place_id` int DEFAULT NULL COMMENT '關聯單一景點',
  `visible` tinyint(1) DEFAULT '1',
  `view_count` int DEFAULT '0',
  `created_at` datetime DEFAULT CURRENT_TIMESTAMP,
  `updated_at` datetime DEFAULT CURRENT_TIMESTAMP ON UPDATE CURRENT_TIMESTAMP,
  PRIMARY KEY (`post_id`),
  KEY `idx_user_id` (`user_id`),
  KEY `idx_trip_id` (`trip_id`),
  KEY `idx_category` (`category`),
  KEY `idx_created_at` (`created_at`),
  KEY `idx_place_id` (`place_id`),
  CONSTRAINT `fk_posts_places` FOREIGN KEY (`place_id`) REFERENCES `places` (`place_id`) ON DELETE SET NULL,
  CONSTRAINT `fk_posts_trips` FOREIGN KEY (`trip_id`) REFERENCES `trips` (`trip_id`) ON DELETE SET NULL,
  CONSTRAINT `fk_posts_users` FOREIGN KEY (`user_id`) REFERENCES `users` (`id`) ON DELETE CASCADE
) ENGINE=InnoDB AUTO_INCREMENT=48 DEFAULT CHARSET=utf8mb4 COLLATE=utf8mb4_unicode_ci;
/*!40101 SET character_set_client = @saved_cs_client */;

--
-- Dumping data for table `posts`
--

LOCK TABLES `posts` WRITE;
/*!40000 ALTER TABLE `posts` DISABLE KEYS */;
INSERT INTO `posts` VALUES (13,10,'奇美博物館美術展隨拍～莫內畫作欣賞','今天到奇美博物館逛美術展，展出了好幾幅莫內的經典畫作，真的很震撼！展場空間寬敞明亮，走在畫作之間能慢慢欣賞細節，每一筆顏色、光影都讓人想停下來仔細看。除了莫內，還有其他歐美畫家的作品，整個展覽感覺很完整又豐富。拍照時注意不要打擾其他觀眾，光線拍起來剛好能呈現畫作的柔和色調。逛完感覺眼睛和心情都被洗滌了一遍，下次想靜靜欣賞畫作的話，奇美博物館真的很適合✨','travel',13,NULL,1,8,'2025-11-10 20:48:17','2025-11-10 21:05:38'),(17,10,'台北兩天一夜小旅行～101＋故宮＋士林夜市','這次安排了兩天一夜的台北小旅行，行程滿滿但很充實✨ 第一天先去台北101拍照，從觀景台俯瞰整個城市，風景真的超美。接著跑到故宮博物院，看了好多歷史文物，每個展品都很有故事感，慢慢逛超適合喜歡文化的小旅行。晚上則到士林夜市大吃特吃，香酥雞排、珍珠奶茶、小籠包都必吃～第二天早上再隨意逛了幾個小景點就結束，雖然行程緊湊，但每一站都很值得拍照留念，感覺兩天就把台北的小確幸都收集完了','travel',14,NULL,1,1,'2025-11-10 21:09:41','2025-11-10 21:09:43'),(18,10,'中央公園聖誕樹小散步','今天跟朋友吃飯順便去中央公園看看聖誕樹～樹真的很大，燈飾亮起來整個晚上氣氛超有節日感✨ 拍了幾張照片留作紀念，還順便在附近散步聊天，吃飽飯的小確幸就是這樣。雖然人有點多，但大家都笑著拍照，感覺很熱鬧又溫暖。天氣涼涼的，燈光和街景搭配起來，散步的感覺特別舒服，下次可以帶熱可可來慢慢逛～','life',NULL,39,1,3,'2025-11-10 21:11:35','2025-11-10 21:28:43'),(19,10,'朋友生日一起手作蛋糕','今天是朋友生日，我們一起去 DIY 教室手作蛋糕～自己動手做真的很有趣！從揉麵糰、裝飾到最後撒上巧克力粉，每個步驟都超療癒。大家邊做邊聊天，氣氛很輕鬆，還互相比較誰的蛋糕比較可愛XD 做完後拍了幾張照片留作紀念，最後把蛋糕帶回去給壽星切，朋友超開心～這種小活動真的很適合和朋友一起度過特別的日子✨','life',NULL,NULL,1,1,'2025-11-10 21:12:09','2025-11-10 21:12:10'),(20,10,'士林夜市小吃','今天晚上跑去士林夜市大吃一番，整個人好開心?！香酥雞排一定要吃，外酥內嫩，咬一口就超滿足。還試了大腸包小腸和珍珠奶茶，真的是經典必吃啊✨！夜市人雖多，但邊走邊吃慢慢逛，感覺像小冒險，每個攤位都想試一點。拍了幾張小吃照?，燈光和熱鬧的氛圍拍出來超有夜市感。建議大家肚子空一點來，不然真的吃不完～週末晚上就這樣吃美食逛夜市最開心啦(｡>ω<｡)♡','food',NULL,5,1,2,'2025-11-10 21:14:23','2025-11-10 21:14:52'),(21,11,'台南安平古堡 + 赤崁樓','今天跑去台南小旅行，第一站安平古堡?，古色古香又好拍照?。再到赤崁樓感受歷史氣息，每個角落都能拍到文藝感照片～天氣涼涼的，走在古蹟裡慢慢逛很舒服。兩個景點距離不遠，安排一天就能輕鬆完成。途中還順便吃了安平老街小吃，超飽足！歷史、文化、美食一次收集完，整個旅程很充實，也很適合拍照留念✨','travel',15,NULL,1,2,'2025-11-10 21:20:26','2025-11-10 21:20:34'),(22,11,'台中歌劇院','今天跑去台中歌劇院拍照，建築真的超有特色✨！裡面曲線設計超美，隨便一個角度都很好拍?。光線透進大廳時，影子和光影交錯，整個空間瞬間變成電影場景～邊走邊欣賞建築細節，每個樓梯、每個拱門都想拍下來。這裡不只是拍照景點，也很適合慢慢散步，享受建築藝術帶來的美感。喜歡攝影的朋友真的不能錯過，拍完照片整個人都覺得充滿靈感?','travel',NULL,13,1,1,'2025-11-10 21:22:18','2025-11-10 21:22:19'),(23,11,'吉卜力公園無臉男拍照','今天終於跑去吉卜力公園，一大早就去排隊，只為了跟無臉男拍張合照。排隊時間比想像中久，大家都耐心等待，也有不少人邊聊天邊打發時間。站在無臉男前面拍照的瞬間整個人超開心，覺得一切等待都值得了。園區裡的裝置和景觀也很有趣，隨手拍幾張照片都很有動畫感。雖然排隊花了不少時間，但體驗過程很有趣，還順便逛了附近的小店和咖啡區。覺得這種熱門景點雖然人多，但能親眼看到喜歡的角色，拍照留念真的很開心，也算是一次難忘的小旅行。','travel',NULL,NULL,1,3,'2025-11-10 21:24:19','2025-11-10 21:27:30'),(24,11,'DIY 手作蠟燭','今天去參加了一堂 DIY 蠟燭體驗課，整個過程超有趣～老師先介紹了各種顏色和香味，還有簡單的造型技巧，我選了薰衣草香和粉紫色調。從融蠟到倒入模具，每一步都很療癒，邊做邊跟同學聊天，感覺時間一下就過了。最有趣的是自己裝飾小配件，像是乾花或亮片，最後做出來的蠟燭完全是自己的風格。帶回家後還特別拍了幾張照片，放在桌上超有氛圍～覺得這種手作活動很適合週末，既能放鬆，又能做出實用又好看的小物，還能當作禮物送給朋友，整個過程真的很滿足✨','life',NULL,NULL,1,2,'2025-11-10 21:24:57','2025-11-10 21:27:50'),(25,11,'夢時代樓上電影院拍照隨手記','今天跑去夢時代樓上的電影院看看場景，真的超適合拍照！光線和空間設計都很棒，不管是樓梯、走廊還是座位區都很好取景。隨手一拍就能拍出有氛圍的照片，整個空間帶點電影感，拍起來很有質感。建議可以利用自然光或者樓上小燈光，拍出層次感會更好。喜歡拍攝的朋友，這裡絕對值得來捕捉幾張照片～✨','photo',NULL,67,1,1,'2025-11-10 21:26:49','2025-11-10 21:26:50'),(26,12,'駁二微型展的午後小確幸','今天在駁二藝術特區逛到一場微型展，小小的空間裡卻藏著滿滿創意。每件作品都充滿巧思，從色彩搭配到細節設計，都讓人忍不住停下腳步細細觀賞。展場雖迷你，但每個角落都有故事，拍下照片時，光線和陰影交錯，彷彿把藝術也定格在了鏡頭裡。走在展覽中，感覺像是和藝術家進行了一場靜默的對話，每個微小細節都能帶來意外的驚喜。微型展的魅力，或許就在於它讓人能慢慢沉浸，而不被人潮打擾。','travel',16,NULL,1,1,'2025-11-10 21:33:46','2025-11-10 21:33:48'),(27,12,'澄清湖棒球賽','今天特地跑去澄清湖看棒球比賽，現場氣氛真的超熱鬧！球場人潮滿滿，大家一起為喜歡的隊伍加油吶喊，整個人都被感染到超興奮。找了靠近外野的位置坐下，可以清楚看到投手和打擊手的動作，感覺每一球都好緊張。中場還有小吃區，熱狗、炸物和啤酒，邊吃邊看比賽很過癮。球場周圍還有湖景，風景不錯，拍照起來也很有運動感。雖然一整場比賽大約三個小時，但完全不覺得無聊，感覺短暫逃離日常，又充滿現場活力。棒球場的熱血氣氛真的值得體驗一次！','travel',NULL,NULL,1,1,'2025-11-10 21:35:33','2025-11-10 21:35:34'),(28,12,'東京迪士尼萬聖節小旅行','這次去東京迪士尼剛好碰上萬聖節，整個園區都超有氣氛? 入口的裝飾、街道上的南瓜擺設、還有遊行表演，拍照每一個角落都好看。最喜歡的是穿著萬聖節主題服裝的米奇和朋友們，超可愛～雖然人很多，但排隊玩遊樂設施也不會太累，重點是氣氛很熱鬧，每個細節都充滿節日感。建議可以早點進園，慢慢逛慢慢拍照，整個萬聖節體驗會更完整～✨','travel',NULL,NULL,1,3,'2025-11-10 21:38:31','2025-11-10 22:12:59'),(29,12,'週末手作盆栽','週末去手作課程做了小盆栽?，挑選了迷你多肉和小花盆，自己搭配土壤、擺放位置，整個過程超放鬆。老師還教了簡單的澆水和養護技巧，我邊做邊拍照?，每個角落都好可愛～最後完成的小盆栽擺在桌上，整個房間都像有了小森林✨。覺得這種小活動很療癒，也很適合給朋友做生日小禮物，自己動手真的比買現成的還有成就感(｡>﹏<｡)♡','life',NULL,NULL,1,1,'2025-11-10 21:40:43','2025-11-10 21:40:44'),(30,12,'海邊落日小旅行','今天傍晚去了附近的海邊散步，看著太陽慢慢落下，天空和海面染成橘紅色，景色真的很美。沿著沙灘走，踩著細軟的沙子，聽著海浪拍打聲，整個人都放鬆下來。沿途還看到幾個人在拍攝落日和海景，隨手拍了幾張照片留作紀念。風不大，但帶著海的味道，邊散步邊呼吸覺得特別舒服。最後坐在岸邊看太陽完全落下，天色漸暗，海面閃著微光，感覺整個下午都被洗滌了一遍。這種小旅行簡單卻療癒，非常適合週末短暫放空。','travel',NULL,NULL,1,1,'2025-11-10 21:42:21','2025-11-10 21:42:29'),(31,12,'手作香皂體驗','今天參加了一堂手作香皂課，從選香味、顏色到模具，都自己動手完成。老師還教了簡單的切割和壓模技巧，過程很療癒，也可以慢慢發揮創意。完成的香皂帶著淡淡花香，放在房間裡增添氛圍，也能當作小禮物送朋友。邊做邊拍照，記錄每個步驟，完成品出來的樣子比想像中還可愛。覺得這種小手作活動不僅放鬆心情，還能增添生活趣味，週末抽個幾個小時就能有滿滿成就感。','life',NULL,NULL,1,1,'2025-11-10 21:46:33','2025-11-10 21:46:34'),(32,12,'限量布丁狗娃娃加購活動','今天去超市剛好遇到布丁狗限量娃娃的加購活動，只要買湯圓就可以加購，心裡立刻覺得很划算。湯圓買好了之後排隊加購，現場娃娃真的很迷你又可愛，毛茸茸的質感超討喜。拿到手的瞬間就忍不住拍了幾張照片留念，擺在桌上整個人心情都變好。覺得這種小活動超有趣，不只是買到實用的食物，還能順便收集可愛的周邊。下次如果有類似限量活動，一定還想再去碰碰運氣，順便買點小零食回家，整個過程既有趣又滿足。','life',NULL,NULL,1,1,'2025-11-10 21:48:24','2025-11-10 21:49:12'),(33,12,'東區小火鍋','今天跑去東區新開的小火鍋店試試，OMG～真的太好吃啦?✨！我點了海鮮鍋，裡面蝦子超大隻，蛤蠣超新鮮，湯頭又香又濃，喝一口就暖到心裡去了。店裡環境也很舒服，座位不擁擠，拍照超上鏡?。最喜歡的是自己涮菜的過程，每片肉每片菜都能慢慢享受。服務也很貼心，還附小菜和味噌湯，整個套餐很完整～跟朋友一起吃邊聊天，超級療癒的下午/晚餐時光(｡･ω･｡)♡。如果你也想找地方放鬆又吃得飽，這家小火鍋絕對值得一試～\'','food',NULL,NULL,1,1,'2025-11-10 21:52:33','2025-11-10 21:52:35'),(34,13,'北投溫泉小旅行','週末跑去北投泡湯啦～? 一到溫泉區就覺得整個人放鬆了，微微的霧氣和山景搭配起來超療癒。選了露天溫泉，坐在熱騰騰的水裡，看著遠方綠意盎然，真的有種逃離城市的感覺?。旁邊還有小販賣溫泉蛋和茶點，邊泡邊吃小零食，好愜意～順便拍了幾張照片，光影和霧氣的效果超有氛圍?。整個小旅行不趕路，慢慢走慢慢拍照，感覺一天就充滿了放鬆的幸福感。推薦給想放鬆又想拍照的小夥伴，北投真的很適合短程小旅行～✨','travel',17,NULL,1,1,'2025-11-10 21:56:27','2025-11-10 21:57:07'),(35,13,'台中＋台南一日遊行程分享','這次安排了台中台南的小旅行，一天跑了好幾個景點～先到台中歌劇院看看建築，裡面空間設計超有特色，拍照超好看✨ 接著到逢甲夜市吃小吃，雞排、章魚燒都超讚，邊走邊吃超過癮。之後開車下南部，先去安平古堡感受歷史氛圍，再到赤崁樓拍照留念，每個景點都很有特色又好拍照。雖然一天跑很多地方有點累，但風景、美食和歷史都收穫滿滿，下次想分開慢慢逛也可以～','travel',18,NULL,1,1,'2025-11-10 22:00:12','2025-11-10 22:00:13'),(36,13,'山城咖啡小旅行','今天去了附近的小山城咖啡村☕️，整個地方像世外桃源，咖啡香氣混著樹木味道，超舒服。找了個靠窗的位置坐下，遠方山景搭配微霧，隨手拍都像明信片?。咖啡店還有手工甜點，巧克力塔和檸檬派都超好吃～邊吃邊看山景，完全放鬆。走出咖啡店後沿著小徑散步，遇到小河和石橋，整個小旅行感覺很悠閒。這種隨興走走的小景點真的很適合週末，拍照又療癒✨','travel',NULL,NULL,1,1,'2025-11-10 22:03:48','2025-11-10 22:03:51'),(37,13,'Chiikawa 快閃店探訪','今天跑去逛 Chiikawa 快閃店，整個店面超可愛，牆上、架上都是各種小動物周邊，讓人瞬間少女心大爆發。挑了幾個迷你吊飾和貼紙拍照留念，擺在桌上超可愛。店裡還有拍照區，可以和大型公仔合照，背景布置也很用心，隨手拍照就很上鏡。現場人氣很旺，但排隊動線很順，逛起來不會太擁擠。覺得這種快閃店很適合短暫放鬆，順便收集小物當紀念，也很適合帶朋友一起來拍照打卡。今天收穫滿滿，心情也跟著可愛起來。','life',NULL,NULL,1,1,'2025-11-10 22:05:18','2025-11-10 22:05:19'),(38,13,'隱藏版咖啡館甜點','今天發現一家隱藏在巷弄裡的咖啡館，主打手工甜點和特色咖啡。店面小巧溫馨，裝潢簡單卻很有氛圍，坐下來就覺得放鬆。點了店內人氣的焦糖布丁和黑糖拿鐵，布丁口感綿密滑順，甜度剛好；黑糖拿鐵香氣濃郁，喝起來暖暖的。邊吃邊看店裡的裝飾細節，拍了幾張照片留念，整個下午過得很愜意。這種小店雖然隱藏，但真的很適合想找安靜空間享受甜點的人，下次朋友來也想帶他們來試試。','food',NULL,NULL,1,1,'2025-11-10 22:07:07','2025-11-10 22:07:09'),(39,13,'淡水老街','今天趁天氣好去了淡水老街走走，整個河邊風景超美?！沿著河邊散步，買了阿給、魚酥和花生冰淇淋邊走邊吃，超級滿足～街上的小店也很可愛，每個角落都很好拍照?。特別喜歡夕陽慢慢落下時，河面閃閃發亮，配上老街小吃，感覺很有味道。雖然人多，但走慢一點就可以慢慢欣賞風景。隨手拍了好幾張照片，整個旅程感覺輕鬆又愜意。淡水老街真的很適合週末小旅行～','travel',NULL,NULL,1,1,'2025-11-10 22:10:05','2025-11-10 22:10:07'),(40,13,'哈利波特影城的迷你霍格華茲','今天去了哈利波特影城，看到等比例的霍格華茲模型，真的超震撼！從樓梯到塔樓每個細節都做得很精緻，光影打在城堡上拍照效果超棒? 隨手一拍就像真的走進電影場景。建議可以從不同角度拍，特別是斜側面或有前景的構圖，會讓城堡看起來更有立體感。喜歡攝影或哈利波特的朋友，這裡絕對值得好好捕捉幾張照片～✨','photo',NULL,NULL,1,1,'2025-11-10 22:12:12','2025-11-10 22:12:24'),(41,14,'山城茶園走走','今天去了附近的山城茶園散步，茶樹整齊排列，空氣裡都是清新的茶香，整個人感覺放鬆。沿著小路慢慢走，還看到農人採茶的景象，順便拍了幾張照片紀念。茶園裡有小平台可以休息，邊喝茶邊欣賞山景，風景很舒服。這種短程旅行很適合週末，不用太遠就能享受自然景色，又能拍到好看的照片，感覺特別悠閒。走完一圈回程，心情整個人都平靜下來，像是給自己充了一整天的電。','travel',NULL,NULL,1,1,'2025-11-10 22:15:39','2025-11-10 22:15:45'),(42,14,'小鎮古街散步','今天去了一個附近的小鎮古街散步，街道兩旁是老房子和小店，氣氛很安靜又有味道。沿街逛了幾間特色小店，買了手工小物和糕點，邊走邊拍照，很有旅遊感。街上偶爾有當地居民走過，讓整個小鎮感覺很生活化而不是觀光味太重。天氣晴朗，光線很好，隨手拍的照片都很自然。整個下午慢慢走慢慢逛，感覺像短暫逃離城市，心情很放鬆，也收穫了幾張美照作紀念。','travel',NULL,NULL,1,1,'2025-11-10 22:16:49','2025-11-10 22:16:59'),(43,14,'下午花藝課','今天參加了下午的花藝課，做了一個小型桌花。老師先介紹各種花材和搭配技巧，自己挑選了喜歡的花色，慢慢插成花束。過程很療癒，也能專注在細節上，每個角度都想拍照紀念。完成後的花束放在桌上，整個空間都變得溫馨起來。覺得這種小手作活動非常適合放鬆心情，也能提升生活品味，週末抽個幾小時就能收穫成就感，還能增添家裡的美感。','life',NULL,NULL,1,1,'2025-11-10 22:18:09','2025-11-10 22:18:15'),(44,14,'隱藏咖哩小店','今天去了一家巷子裡的咖哩小店，招牌是雞肉咖哩，香氣十足，一上桌就聞到濃郁香料味。咖哩醬濃而不膩，雞肉軟嫩多汁，配上香噴噴的白飯剛剛好。店裡空間雖然小，但乾淨整齊，裝潢帶點日式風格，拍照也很有感覺。點餐時還順便加了店家特製的泡菜和小菜，味道意外地搭。吃完整個人覺得很滿足，也覺得這種巷弄小店特別有驚喜，適合喜歡發現隱藏美食的人。下次想帶朋友一起來嘗試其他口味。','food',NULL,NULL,1,1,'2025-11-10 22:19:08','2025-11-10 22:19:14'),(45,14,'隱藏義大利麵小館','今天試了巷弄裡的義大利麵小館，點了經典奶油蘑菇義大利麵，味道濃郁卻不膩，麵條軟硬適中，非常入味。店裡空間不大，但簡單溫馨，氣氛很舒適。服務人員也很親切，餐點上桌速度快，搭配小沙拉和濃湯，整個套餐吃完很滿足。隨手拍了幾張餐點照片，擺盤簡單卻有質感。覺得這種隱藏在小巷的小店特別有驚喜，適合想找安靜又好吃餐點的人，下次還想來試試其他口味。','food',NULL,NULL,1,1,'2025-11-10 22:20:08','2025-11-10 22:20:09'),(46,10,'刮刮樂中一萬小確幸','今天去便利商店順手買了一張刮刮樂，結果竟然刮中一萬塊，整個人超級驚喜！站在收銀台的時候手還微微發抖，完全沒想到會中這麼多。旁邊的店員和我一起歡呼，氣氛超有趣。拿到現金後心情整個大好，順便買了幾樣小零食犒賞自己。覺得這種意外小確幸特別療癒，就算只是短短幾分鐘，也能讓整天心情變亮。回家還拍了刮刮樂照片留念，想說以後再也不要低估運氣，偶爾嘗試一下真的會有驚喜。','life',NULL,NULL,1,4,'2025-11-10 22:22:51','2025-11-11 10:55:50'),(47,3,'故宮一日遊','走進故宮，彷彿踏入一段靜止的時光。晨光灑在翠綠的琉璃瓦上，金黃色的屋脊閃閃發光，像是歷史在輕聲呼吸。遊人步入大殿之間，低語交錯，卻不敢太大聲，生怕驚擾了沉睡的朝代。展廳裡的玉器與青銅器靜靜陳列，每一件都承載著數百年的故事。當我凝視那件溫潤的翠玉白菜，竟覺得時間在這裡變得柔軟，讓人忍不住多看一眼。走出展館，微風拂過松林，遠方的屋簷輪廓在陽光下閃耀。我在心裡想，故宮不僅保存了文物，更保存了我們與歷史之間那份溫柔的連結。','travel',22,NULL,1,12,'2025-11-11 11:01:57','2025-11-11 19:08:40');
/*!40000 ALTER TABLE `posts` ENABLE KEYS */;
UNLOCK TABLES;

--
-- Table structure for table `product_categories`
--

DROP TABLE IF EXISTS `product_categories`;
/*!40101 SET @saved_cs_client     = @@character_set_client */;
/*!50503 SET character_set_client = utf8mb4 */;
CREATE TABLE `product_categories` (
  `category_id` int NOT NULL AUTO_INCREMENT,
  `category_name` varchar(100) NOT NULL,
  `parent_name` varchar(100) DEFAULT NULL,
  `description` text,
  `created_at` timestamp NOT NULL DEFAULT CURRENT_TIMESTAMP,
  `updated_at` timestamp NOT NULL DEFAULT CURRENT_TIMESTAMP ON UPDATE CURRENT_TIMESTAMP,
  PRIMARY KEY (`category_id`)
) ENGINE=InnoDB AUTO_INCREMENT=11 DEFAULT CHARSET=utf8mb4 COLLATE=utf8mb4_0900_ai_ci;
/*!40101 SET character_set_client = @saved_cs_client */;

--
-- Dumping data for table `product_categories`
--

LOCK TABLES `product_categories` WRITE;
/*!40000 ALTER TABLE `product_categories` DISABLE KEYS */;
INSERT INTO `product_categories` VALUES (1,'盥洗用品','日常用品','旅行專用盥洗清潔用品，輕便好攜帶','2025-10-11 05:22:26','2025-10-11 05:22:26'),(2,'電子產品','3C設備','旅行必備電子配件與充電設備','2025-10-11 05:22:26','2025-10-11 05:22:26'),(3,'衣物收納','收納整理','高效率衣物收納與壓縮工具','2025-10-11 05:22:26','2025-10-11 05:22:26'),(4,'旅行配件','舒適配件','提升旅途舒適度的實用配件','2025-10-11 05:22:26','2025-10-11 05:22:26'),(5,'戶外露營','戶外裝備','露營野營專業裝備與用品','2025-10-11 05:22:26','2025-10-11 05:22:26'),(6,'登山健行','運動裝備','登山健行專用裝備與配件','2025-10-11 05:22:26','2025-10-11 05:22:26'),(7,'攝影器材','攝影配件','旅行攝影必備器材與配件','2025-10-11 05:22:26','2025-10-11 05:22:26'),(8,'防護用品','安全防護','防曬防蚊與緊急醫療用品','2025-10-11 05:22:26','2025-10-11 05:22:26'),(9,'運動用品','運動裝備','旅行運動與水上活動用品','2025-10-11 05:22:26','2025-10-11 05:22:26'),(10,'雨具防水','防護用品','防雨防水保護裝備','2025-10-11 05:22:26','2025-10-11 05:22:26');
/*!40000 ALTER TABLE `product_categories` ENABLE KEYS */;
UNLOCK TABLES;

--
-- Table structure for table `product_images`
--

DROP TABLE IF EXISTS `product_images`;
/*!40101 SET @saved_cs_client     = @@character_set_client */;
/*!50503 SET character_set_client = utf8mb4 */;
CREATE TABLE `product_images` (
  `image_id` int NOT NULL AUTO_INCREMENT,
  `product_id` int NOT NULL,
  `image_url` varchar(255) NOT NULL,
  PRIMARY KEY (`image_id`),
  KEY `product_id` (`product_id`),
  CONSTRAINT `fk_images_product` FOREIGN KEY (`product_id`) REFERENCES `products` (`product_id`) ON DELETE CASCADE
) ENGINE=InnoDB AUTO_INCREMENT=58 DEFAULT CHARSET=utf8mb4 COLLATE=utf8mb4_0900_ai_ci;
/*!40101 SET character_set_client = @saved_cs_client */;

--
-- Dumping data for table `product_images`
--

LOCK TABLES `product_images` WRITE;
/*!40000 ALTER TABLE `product_images` DISABLE KEYS */;
INSERT INTO `product_images` VALUES (1,1,'https://ik.imagekit.io/crjen7iza/producsts/11_dentalKit.png'),(2,2,'https://ik.imagekit.io/crjen7iza/producsts/12_toiletries.png'),(3,3,'https://ik.imagekit.io/crjen7iza/producsts/29_shampoo.png'),(4,4,'https://ik.imagekit.io/crjen7iza/producsts/15_towels.png'),(5,5,'https://ik.imagekit.io/crjen7iza/producsts/31_cup.png'),(6,6,'https://ik.imagekit.io/crjen7iza/producsts/19_powerbank.png'),(7,7,'https://ik.imagekit.io/crjen7iza/producsts/30_universalAdapter.png'),(8,8,'https://ik.imagekit.io/crjen7iza/producsts/32_earphone.png'),(9,9,'https://ik.imagekit.io/crjen7iza/producsts/18_chargerSet.png'),(10,10,'https://ik.imagekit.io/crjen7iza/producsts/22_fannyPack.png'),(11,11,'https://ik.imagekit.io/crjen7iza/producsts/33_travelbag.png'),(12,12,'https://ik.imagekit.io/crjen7iza/producsts/24_organizers.png'),(13,13,'https://ik.imagekit.io/crjen7iza/producsts/01_underwear.png'),(14,14,'https://ik.imagekit.io/crjen7iza/producsts/34_shoessss.png'),(15,15,'https://ik.imagekit.io/crjen7iza/producsts/12_toiletries.png'),(16,16,'https://ik.imagekit.io/crjen7iza/producsts/26_neckPillow.png'),(17,17,'https://ik.imagekit.io/crjen7iza/producsts/27_sleepMask.png'),(18,18,'https://ik.imagekit.io/crjen7iza/producsts/35_suitcasetie.png'),(19,19,'https://ik.imagekit.io/crjen7iza/producsts/36_hanger.png'),(20,20,'https://ik.imagekit.io/crjen7iza/producsts/37_passport.png'),(21,21,'https://ik.imagekit.io/crjen7iza/producsts/38_lightCamping.png'),(22,22,'https://ik.imagekit.io/crjen7iza/producsts/39_sleep.png'),(23,23,'https://ik.imagekit.io/crjen7iza/producsts/40_picnicMat.png'),(24,24,'https://ik.imagekit.io/crjen7iza/producsts/42_light.png'),(25,25,'https://ik.imagekit.io/crjen7iza/producsts/43_deskchair.png'),(26,26,'https://ik.imagekit.io/crjen7iza/producsts/44_trekkingPoles.png'),(27,27,'https://ik.imagekit.io/crjen7iza/producsts/21_backpack.png'),(28,28,'https://ik.imagekit.io/crjen7iza/producsts/25_bottle.png'),(29,29,'https://ik.imagekit.io/crjen7iza/producsts/45_pants.jpg'),(30,30,'https://ik.imagekit.io/crjen7iza/producsts/41_shoes.jpg'),(31,31,'https://ik.imagekit.io/crjen7iza/producsts/24_organizers.png'),(32,32,'https://ik.imagekit.io/crjen7iza/producsts/22_fannyPack.png'),(33,33,'https://ik.imagekit.io/crjen7iza/producsts/18_chargerSet.png'),(34,34,'https://ik.imagekit.io/crjen7iza/producsts/21_backpack.png'),(35,35,'https://ik.imagekit.io/crjen7iza/producsts/18_chargerSet.png'),(36,36,'https://ik.imagekit.io/crjen7iza/producsts/14_skincareKit.png'),(37,37,'https://ik.imagekit.io/crjen7iza/producsts/17_medicalKit.png'),(38,38,'https://ik.imagekit.io/crjen7iza/producsts/14_skincareKit.png'),(39,39,'https://ik.imagekit.io/crjen7iza/producsts/16_hairstylingKit.png'),(40,40,'https://ik.imagekit.io/crjen7iza/producsts/25_bottle.png'),(41,41,'https://ik.imagekit.io/crjen7iza/producsts/01_underwear.png'),(42,42,'https://ik.imagekit.io/crjen7iza/producsts/15_towels.png'),(43,43,'https://ik.imagekit.io/crjen7iza/producsts/24_organizers.png'),(44,44,'https://ik.imagekit.io/crjen7iza/producsts/22_fannyPack.png'),(45,45,'https://ik.imagekit.io/crjen7iza/producsts/24_organizers.png'),(46,46,'https://ik.imagekit.io/crjen7iza/producsts/09_umbrella.png'),(47,47,'https://ik.imagekit.io/crjen7iza/producsts/10_raincoat.png'),(48,48,'https://ik.imagekit.io/crjen7iza/producsts/22_fannyPack.png'),(49,49,'https://ik.imagekit.io/crjen7iza/producsts/21_backpack.png'),(50,50,'https://ik.imagekit.io/crjen7iza/producsts/04_slippers.png'),(51,51,'https://ik.imagekit.io/crjen7iza/producsts/04_slippers.png'),(52,7,'https://ik.imagekit.io/crjen7iza/producsts/04_slippers.png'),(53,1,'https://ik.imagekit.io/crjen7iza/producsts/11_dentalKit-2.png'),(55,1,'https://ik.imagekit.io/crjen7iza/producsts/11_dentalKit-3.png\r\n'),(56,1,'https://ik.imagekit.io/crjen7iza/producsts/11_dentalKit-4.png\r\n'),(57,1,'https://ik.imagekit.io/crjen7iza/producsts/11_dentalKit-5.png\r\n');
/*!40000 ALTER TABLE `product_images` ENABLE KEYS */;
UNLOCK TABLES;

--
-- Table structure for table `products`
--

DROP TABLE IF EXISTS `products`;
/*!40101 SET @saved_cs_client     = @@character_set_client */;
/*!50503 SET character_set_client = utf8mb4 */;
CREATE TABLE `products` (
  `product_id` int NOT NULL AUTO_INCREMENT,
  `product_name` varchar(255) NOT NULL,
  `description` text NOT NULL,
  `price` decimal(10,2) NOT NULL,
  `stock_quantity` int NOT NULL,
  `category_id` int NOT NULL,
  `avg_rating` decimal(3,2) DEFAULT '0.00' COMMENT '平均評分',
  `review_count` int DEFAULT '0' COMMENT '評論數量',
  `favorite_count` int DEFAULT '0' COMMENT '收藏數量',
  `created_at` timestamp NOT NULL DEFAULT CURRENT_TIMESTAMP,
  `updated_at` timestamp NOT NULL DEFAULT CURRENT_TIMESTAMP ON UPDATE CURRENT_TIMESTAMP,
  `is_active` tinyint(1) NOT NULL DEFAULT '1',
  PRIMARY KEY (`product_id`),
  KEY `category_id` (`category_id`),
  KEY `idx_price` (`price`),
  KEY `idx_avg_rating` (`avg_rating`),
  CONSTRAINT `fk_products_category` FOREIGN KEY (`category_id`) REFERENCES `product_categories` (`category_id`)
) ENGINE=InnoDB AUTO_INCREMENT=52 DEFAULT CHARSET=utf8mb4 COLLATE=utf8mb4_0900_ai_ci;
/*!40101 SET character_set_client = @saved_cs_client */;

--
-- Dumping data for table `products`
--

LOCK TABLES `products` WRITE;
/*!40000 ALTER TABLE `products` DISABLE KEYS */;
INSERT INTO `products` VALUES (1,'旅行牙刷牙膏組','便攜式摺疊牙刷含牙膏，輕量防水設計，附收納盒，適合短期旅行使用',180.00,142,1,4.83,3,1,'2025-10-11 05:22:26','2025-11-10 02:28:16',1),(2,'旅行裝洗髮精沐浴乳組','50ml分裝瓶組合，TSA認證可登機，無矽靈配方溫和不刺激',250.00,115,1,0.00,0,0,'2025-10-11 05:22:26','2025-11-03 03:57:08',1),(3,'多功能沐浴露','三合一配方（洗髮/沐浴/洗臉），250ml大容量，天然植萃成分',320.00,100,1,0.00,0,0,'2025-10-11 05:22:26','2025-10-11 05:22:26',1),(4,'快乾旅行毛巾','超細纖維材質，吸水快乾，輕量僅80克，附收納袋',280.00,80,1,0.00,0,0,'2025-10-11 05:22:26','2025-11-03 03:56:35',1),(5,'摺疊矽膠旅行杯','350ml容量可摺疊，食品級矽膠，耐高溫可裝熱飲',350.00,90,1,0.00,0,0,'2025-10-11 05:22:26','2025-11-03 03:56:52',1),(6,'20000mAh行動電源','雙USB快充輸出，支援PD快充，LED電量顯示，可充手機4-5次',890.00,200,2,4.83,3,0,'2025-10-11 05:22:26','2025-10-18 00:54:21',1),(7,'萬國轉接頭','適用150+國家，內建USB充電孔，安全保護機制，輕巧便攜',650.00,180,2,4.75,2,0,'2025-10-11 05:22:26','2025-10-18 00:54:21',1),(8,'藍牙5.0無線耳機','降噪功能，IPX5防水，續航8小時，充電盒提供額外24小時',1280.00,100,2,4.83,3,0,'2025-10-11 05:22:26','2025-10-18 00:54:21',1),(9,'旅行萬用延長線','3插座+2USB孔，1.5米線長，過載保護，體積小方便攜帶',480.00,120,2,0.00,0,0,'2025-10-11 05:22:26','2025-10-11 05:22:26',1),(10,'防水手機腰包','觸控螢幕可操作，IPX8防水等級，可放6.5吋手機及護照現金',380.00,150,2,0.00,0,0,'2025-10-11 05:22:26','2025-10-11 05:22:26',1),(11,'真空壓縮袋5件組','節省50%行李空間，手捲式免抽氣機，耐用加厚材質',420.00,100,3,4.25,2,0,'2025-10-11 05:22:26','2025-10-18 00:54:21',1),(12,'旅行收納袋6件組','不同尺寸分類收納，防潑水尼龍布料，透氣網格設計',580.00,150,3,0.00,0,0,'2025-10-11 05:22:26','2025-10-11 05:22:26',1),(13,'內衣收納包','立體隔層保護胸型，可收納6-8套內衣褲，防水防塵',320.00,80,3,0.00,0,0,'2025-10-11 05:22:26','2025-10-11 05:22:26',1),(14,'鞋子收納袋3入組','防水防臭材質，透明視窗快速辨識，可收納運動鞋或皮鞋',380.00,90,3,0.00,0,0,'2025-10-11 05:22:26','2025-10-11 05:22:26',1),(15,'掛式盥洗包','大容量多夾層設計，可掛式節省空間，防水易清潔',680.00,70,3,0.00,0,0,'2025-10-11 05:22:26','2025-10-11 05:22:26',1),(16,'記憶泡棉U型枕','慢回彈記憶棉，人體工學設計，可調式鬆緊帶，附收納袋',580.00,119,4,0.00,0,0,'2025-10-11 05:22:26','2025-11-10 02:32:08',1),(17,'3D遮光眼罩耳塞組','完全遮光不壓迫眼球，柔軟透氣材質，附降噪耳塞',280.00,149,4,0.00,0,0,'2025-10-11 05:22:26','2025-11-10 02:32:08',1),(18,'TSA海關鎖行李束帶','TSA認證可過海關，螢光色易辨識，密碼鎖防盜',320.00,200,4,0.00,0,0,'2025-10-11 05:22:26','2025-10-11 05:22:26',1),(19,'便攜摺疊衣架5入組','可摺疊節省空間，防滑設計，承重3公斤，輕量塑鋼材質',180.00,100,4,0.00,0,0,'2025-10-11 05:22:26','2025-10-11 05:22:26',1),(20,'旅行護照證件包','RFID防盜刷功能，多卡層設計，可放護照/機票/現金/卡片',450.00,130,4,0.00,0,0,'2025-10-11 05:22:26','2025-10-11 05:22:26',1),(21,'2人輕量化帳篷','僅重2.5kg，快速搭建，防水係數3000mm，雙門雙層通風',3800.00,50,5,4.83,3,0,'2025-10-11 05:22:26','2025-10-18 00:54:21',1),(22,'羽絨睡袋800FP','填充800蓬鬆度羽絨，適溫-5°C，壓縮後僅25cm，重量900g',4200.00,40,5,0.00,0,0,'2025-10-11 05:22:26','2025-10-11 05:22:26',1),(23,'野餐防潮墊200x200','鋁箔防潮層，折疊收納輕便，適合2-4人使用，防水耐磨',680.00,80,5,0.00,0,0,'2025-10-11 05:22:26','2025-10-11 05:22:26',1),(24,'露營LED燈串','3段亮度調節，USB充電續航12小時，防水IP65，5米長',580.00,90,5,0.00,0,0,'2025-10-11 05:22:26','2025-10-11 05:22:26',1),(25,'摺疊露營桌椅組','鋁合金材質輕量化，承重120kg，5秒快速展開收納',2800.00,60,5,0.00,0,0,'2025-10-11 05:22:26','2025-10-11 05:22:26',1),(26,'碳纖維登山杖','超輕量僅180g/支，3段伸縮110-130cm，減震設計保護膝蓋',1680.00,70,6,0.00,0,0,'2025-10-11 05:22:26','2025-10-11 05:22:26',1),(27,'40L防水登山背包','防撕裂尼龍材質，透氣背負系統，防水拉鍊，多口袋分層',2800.00,80,6,4.75,2,0,'2025-10-11 05:22:26','2025-10-18 00:54:21',1),(28,'304不鏽鋼保溫瓶','真空保溫24小時，750ml大容量，防漏設計，可單手開啟',680.00,150,6,0.00,0,0,'2025-10-11 05:22:26','2025-10-11 05:22:26',1),(29,'速乾登山褲','彈性透氣快乾布料，多口袋設計，防潑水處理，UPF50+防曬',1280.00,100,6,0.00,0,0,'2025-10-11 05:22:26','2025-10-11 05:22:26',1),(30,'防滑登山鞋','Vibram黃金大底，Gore-Tex防水透氣，中筒保護腳踝',3200.00,60,6,0.00,0,0,'2025-10-11 05:22:26','2025-10-11 05:22:26',1),(31,'輕量化鋁合金三腳架','5節伸縮最高150cm，球型雲台360度旋轉，承重3kg，僅重800g',1680.00,70,7,0.00,0,0,'2025-10-11 05:22:26','2025-10-11 05:22:26',1),(32,'相機防水袋','IPX8防水等級，透明TPU可觸控操作，適用單眼及微單相機',880.00,90,7,0.00,0,0,'2025-10-11 05:22:26','2025-10-11 05:22:26',1),(33,'128GB高速記憶卡','V30錄影等級，讀取速度100MB/s，適合4K錄影',980.00,120,7,0.00,0,0,'2025-10-11 05:22:26','2025-10-11 05:22:26',1),(34,'單眼相機背包','防震內膽保護，上下層分離設計，可放15吋筆電，防潑水材質',2200.00,60,7,0.00,0,0,'2025-10-11 05:22:26','2025-10-11 05:22:26',1),(35,'便攜LED補光燈','可調色溫3200K-5600K，USB充電，磁吸底座可固定手機',780.00,100,7,0.00,0,0,'2025-10-11 05:22:26','2025-10-11 05:22:26',1),(36,'SPF50+防曬乳','物理性防曬，防水抗汗，80ml容量，無香料敏感肌適用',420.00,200,8,4.75,2,0,'2025-10-11 05:22:26','2025-10-18 00:54:21',1),(37,'旅行急救包','包含OK繃/消毒水/紗布/藥膏等30項急救用品，輕巧便攜',580.00,100,8,0.00,0,0,'2025-10-11 05:22:26','2025-10-11 05:22:26',1),(38,'天然防蚊液噴霧','天然精油配方，不含DEET，100ml噴霧瓶，4-6小時防護',280.00,150,8,0.00,0,0,'2025-10-11 05:22:26','2025-10-11 05:22:26',1),(39,'運動防曬袖套','UPF50+防曬係數，冰絲涼感材質，吸濕排汗彈性佳',220.00,180,8,0.00,0,0,'2025-10-11 05:22:26','2025-10-11 05:22:26',1),(40,'便攜式濾水瓶','4層過濾系統，可過濾99.9%細菌，650ml容量，適合戶外使用',1280.00,70,8,0.00,0,0,'2025-10-11 05:22:26','2025-10-11 05:22:26',1),(41,'快乾運動泳衣','彈性萊卡材質，抗氯防曬UPF50+，速乾透氣不悶熱',880.00,100,9,4.75,2,0,'2025-10-11 05:22:26','2025-10-18 00:54:21',1),(42,'超細纖維運動毛巾','吸水力是棉質3倍，40x80cm尺寸，附扣環可掛背包',280.00,150,9,0.00,0,0,'2025-10-11 05:22:26','2025-10-11 05:22:26',1),(43,'摺疊瑜珈墊','6mm厚度防滑，TPE環保材質，可摺疊方便攜帶，僅重1kg',980.00,80,9,0.00,0,0,'2025-10-11 05:22:26','2025-10-11 05:22:26',1),(44,'運動腰包','防水防汗材質，可放6.5吋手機，反光條夜跑安全，貼身不晃動',380.00,120,9,0.00,0,0,'2025-10-11 05:22:26','2025-10-11 05:22:26',1),(45,'快速充氣游泳圈','快速充氣閥30秒充飽，加厚PVC材質，適合成人使用',420.00,90,9,0.00,0,0,'2025-10-11 05:22:26','2025-10-11 05:22:26',1),(46,'自動開收折疊傘','一鍵自動開收，抗風骨架不易翻，直徑105cm大傘面',580.00,150,10,0.00,0,0,'2025-10-11 05:22:26','2025-10-11 05:22:26',1),(47,'輕便連帽雨衣','僅重200g可收納成小包，防水係數10000mm，反光條設計',380.00,180,10,0.00,0,0,'2025-10-11 05:22:26','2025-10-11 05:22:26',1),(48,'防水手機袋','IPX8防水等級，可觸控操作，透明雙面可拍照，附掛繩',180.00,200,10,0.00,0,0,'2025-10-11 05:22:26','2025-10-11 05:22:26',1),(49,'防水背包套','彈性束繩固定，反光Logo提升能見度，5種尺寸適用20-80L背包',280.00,120,10,0.00,0,0,'2025-10-11 05:22:26','2025-10-11 05:22:26',1),(50,'防水鞋套','加厚耐磨底，防滑紋路，可重複使用，高筒設計防雨濺',320.00,100,10,0.00,0,0,'2025-10-11 05:22:26','2025-10-11 05:22:26',1),(51,'防水鞋套','加厚耐磨底，防滑紋路，可重複使用，高筒設計防雨濺',320.00,100,10,0.00,0,0,'2025-10-11 05:22:26','2025-10-11 05:22:26',1);
/*!40000 ALTER TABLE `products` ENABLE KEYS */;
UNLOCK TABLES;

--
-- Table structure for table `puzzle_verifications`
--

DROP TABLE IF EXISTS `puzzle_verifications`;
/*!40101 SET @saved_cs_client     = @@character_set_client */;
/*!50503 SET character_set_client = utf8mb4 */;
CREATE TABLE `puzzle_verifications` (
  `id` int NOT NULL AUTO_INCREMENT,
  `session_id` varchar(255) COLLATE utf8mb4_unicode_ci NOT NULL,
  `puzzle_type` enum('4pieces','9pieces','16pieces') COLLATE utf8mb4_unicode_ci DEFAULT '4pieces' COMMENT '拼圖類型: 4塊(2x2), 9塊(3x3), 16塊(4x4)',
  `puzzle_image_url` varchar(500) COLLATE utf8mb4_unicode_ci DEFAULT NULL COMMENT '拼圖原圖URL (可為空白正方形或自訂圖片)',
  `puzzle_pieces` json DEFAULT NULL COMMENT '拼圖塊資訊: [{id:1, x:0, y:0, width:200, height:200}, ...]',
  `correct_order` json DEFAULT NULL COMMENT '正確順序: [1,2,3,4] 或 [1,2,3,4,5,6,7,8,9]',
  `puzzle_solution` json NOT NULL,
  `attempts` int DEFAULT '0',
  `max_attempts` int DEFAULT '100',
  `is_solved` tinyint(1) DEFAULT '0',
  `expires_at` timestamp NOT NULL,
  `user_attempts` json DEFAULT NULL COMMENT '使用者嘗試記錄: [{attempt:1, order:[2,1,3,4], timestamp:"2025-10-02 10:30:00"}, ...]',
  `created_at` timestamp NULL DEFAULT CURRENT_TIMESTAMP,
  PRIMARY KEY (`id`),
  KEY `idx_session_id` (`session_id`),
  KEY `idx_expires_at` (`expires_at`),
  KEY `idx_puzzle_type` (`puzzle_type`)
) ENGINE=InnoDB DEFAULT CHARSET=utf8mb4 COLLATE=utf8mb4_unicode_ci COMMENT='圖形驗證表 (優化版) - 支援4/9/16塊拼圖驗證';
/*!40101 SET character_set_client = @saved_cs_client */;

--
-- Dumping data for table `puzzle_verifications`
--

LOCK TABLES `puzzle_verifications` WRITE;
/*!40000 ALTER TABLE `puzzle_verifications` DISABLE KEYS */;
/*!40000 ALTER TABLE `puzzle_verifications` ENABLE KEYS */;
UNLOCK TABLES;

--
-- Table structure for table `refresh_tokens`
--

DROP TABLE IF EXISTS `refresh_tokens`;
/*!40101 SET @saved_cs_client     = @@character_set_client */;
/*!50503 SET character_set_client = utf8mb4 */;
CREATE TABLE `refresh_tokens` (
  `id` int NOT NULL AUTO_INCREMENT COMMENT 'Token ID',
  `user_id` int NOT NULL COMMENT '使用者 ID',
  `session_id` int DEFAULT NULL COMMENT 'Session ID (關聯到 sessions 表)',
  `token` varchar(500) COLLATE utf8mb4_unicode_ci NOT NULL COMMENT 'Refresh Token (JWT)',
  `expires_at` datetime NOT NULL COMMENT '過期時間',
  `created_at` datetime DEFAULT CURRENT_TIMESTAMP COMMENT '建立時間',
  `revoked` tinyint(1) DEFAULT '0' COMMENT '是否已撤銷',
  `revoked_at` datetime DEFAULT NULL COMMENT '撤銷時間',
  `user_agent` varchar(255) COLLATE utf8mb4_unicode_ci DEFAULT NULL COMMENT '使用者代理 (瀏覽器資訊)',
  `ip_address` varchar(45) COLLATE utf8mb4_unicode_ci DEFAULT NULL COMMENT 'IP 位址 (支援 IPv6)',
  `device_fingerprint` varchar(255) COLLATE utf8mb4_unicode_ci DEFAULT NULL COMMENT '裝置指紋 (用於安全驗證)',
  PRIMARY KEY (`id`),
  UNIQUE KEY `token` (`token`),
  KEY `idx_user_id` (`user_id`),
  KEY `idx_token` (`token`),
  KEY `idx_expires_at` (`expires_at`),
  KEY `idx_revoked` (`revoked`),
  KEY `idx_user_token_status` (`user_id`,`revoked`,`expires_at`),
  KEY `idx_session_id` (`session_id`),
  CONSTRAINT `fk_refresh_token_session` FOREIGN KEY (`session_id`) REFERENCES `sessions` (`id`) ON DELETE CASCADE,
  CONSTRAINT `refresh_tokens_ibfk_1` FOREIGN KEY (`user_id`) REFERENCES `users` (`id`) ON DELETE CASCADE
) ENGINE=InnoDB AUTO_INCREMENT=595 DEFAULT CHARSET=utf8mb4 COLLATE=utf8mb4_unicode_ci COMMENT='OAuth 2.0 Refresh Token 儲存表';
/*!40101 SET character_set_client = @saved_cs_client */;

--
-- Dumping data for table `refresh_tokens`
--

LOCK TABLES `refresh_tokens` WRITE;
/*!40000 ALTER TABLE `refresh_tokens` DISABLE KEYS */;
INSERT INTO `refresh_tokens` VALUES (24,8,15,'eyJhbGciOiJIUzI1NiIsInR5cCI6IkpXVCJ9.eyJ1c2VySWQiOjgsInNlc3Npb25JZCI6MTUsInR5cGUiOiJyZWZyZXNoIiwiaWF0IjoxNzYxMzg2MjE0LCJleHAiOjE3NjM5NzgyMTQsImlzcyI6InNhaWxvLWFwcCJ9.VBW5VCP1-yaFExSbD4Seo2dqBVOqh9FstOBVhwUcw5w','2025-11-24 17:56:54','2025-10-25 17:56:54',1,'2025-10-25 17:57:05','Mozilla/5.0 (Windows NT 10.0; Win64; x64) AppleWebKit/537.36 (KHTML, like Gecko) Chrome/141.0.0.0 Safari/537.36','::1','bfe9b89f8a0a44dc36da0139e25998867f5b6c22c9308586e917fca27991c8c0'),(26,3,17,'eyJhbGciOiJIUzI1NiIsInR5cCI6IkpXVCJ9.eyJ1c2VySWQiOjMsInNlc3Npb25JZCI6MTcsInR5cGUiOiJyZWZyZXNoIiwiaWF0IjoxNzYxMzg2Nzg2LCJleHAiOjE3NjM5Nzg3ODYsImlzcyI6InNhaWxvLWFwcCJ9.8Iv5IK4Cb6ob5xQ8H1q3IhnOxGiuzfe6fgNMYpaFHMM','2025-11-24 18:06:26','2025-10-25 18:06:26',1,'2025-10-25 18:06:44','Mozilla/5.0 (Windows NT 10.0; Win64; x64) AppleWebKit/537.36 (KHTML, like Gecko) Chrome/141.0.0.0 Safari/537.36','::1','bfe9b89f8a0a44dc36da0139e25998867f5b6c22c9308586e917fca27991c8c0'),(28,4,19,'eyJhbGciOiJIUzI1NiIsInR5cCI6IkpXVCJ9.eyJ1c2VySWQiOjQsInNlc3Npb25JZCI6MTksInR5cGUiOiJyZWZyZXNoIiwiaWF0IjoxNzYxMzkwMTIxLCJleHAiOjE3NjM5ODIxMjEsImlzcyI6InNhaWxvLWFwcCJ9.PoBeJiY3VZFcTAKrTw_vtZQbCED2VrLdcJiioIOj4CM','2025-11-24 19:02:01','2025-10-25 19:02:01',1,'2025-10-25 19:02:24',NULL,NULL,'3601070f076aea470f02a155da573a202a8d5847e0173e6924f379a62ffe7023'),(29,4,19,'eyJhbGciOiJIUzI1NiIsInR5cCI6IkpXVCJ9.eyJ1c2VySWQiOjQsInNlc3Npb25JZCI6MTksInR5cGUiOiJyZWZyZXNoIiwiaWF0IjoxNzYxMzkwMTQ0LCJleHAiOjE3NjM5ODIxNDQsImlzcyI6InNhaWxvLWFwcCJ9.uVzQElpi-KxSH2_8dJ5iLS2bdtWzj8P2OipCYjD0ykA','2025-11-24 19:02:24','2025-10-25 19:02:24',0,NULL,'Mozilla/5.0 (Windows NT 10.0; Win64; x64) AppleWebKit/537.36 (KHTML, like Gecko) Chrome/141.0.0.0 Safari/537.36','::1','bfe9b89f8a0a44dc36da0139e25998867f5b6c22c9308586e917fca27991c8c0'),(31,4,20,'eyJhbGciOiJIUzI1NiIsInR5cCI6IkpXVCJ9.eyJ1c2VySWQiOjQsInNlc3Npb25JZCI6MjAsInR5cGUiOiJyZWZyZXNoIiwiaWF0IjoxNzYxMzkwMTU4LCJleHAiOjE3NjM5ODIxNTgsImlzcyI6InNhaWxvLWFwcCJ9.xzcoRjFOdtky45fBiFsiwkqbL_f3htWH1r26YdGotGQ','2025-11-24 19:02:39','2025-10-25 19:02:38',1,'2025-10-25 19:02:51',NULL,NULL,'3601070f076aea470f02a155da573a202a8d5847e0173e6924f379a62ffe7023'),(32,4,20,'eyJhbGciOiJIUzI1NiIsInR5cCI6IkpXVCJ9.eyJ1c2VySWQiOjQsInNlc3Npb25JZCI6MjAsInR5cGUiOiJyZWZyZXNoIiwiaWF0IjoxNzYxMzkwMTcxLCJleHAiOjE3NjM5ODIxNzEsImlzcyI6InNhaWxvLWFwcCJ9.6aRf6xnmMAT-7fDuDchLs17wIkeeES-aZk6ALStEn-c','2025-11-24 19:02:52','2025-10-25 19:02:51',0,NULL,'Mozilla/5.0 (Windows NT 10.0; Win64; x64) AppleWebKit/537.36 (KHTML, like Gecko) Chrome/141.0.0.0 Safari/537.36','::1','bfe9b89f8a0a44dc36da0139e25998867f5b6c22c9308586e917fca27991c8c0'),(34,4,21,'eyJhbGciOiJIUzI1NiIsInR5cCI6IkpXVCJ9.eyJ1c2VySWQiOjQsInNlc3Npb25JZCI6MjEsInR5cGUiOiJyZWZyZXNoIiwiaWF0IjoxNzYxMzkwMzczLCJleHAiOjE3NjM5ODIzNzMsImlzcyI6InNhaWxvLWFwcCJ9.cFvfeKRjYx_jiZorwIxw_Ef2K4bu04NNCqCkn6c23rs','2025-11-24 19:06:13','2025-10-25 19:06:13',1,'2025-10-25 19:08:13',NULL,NULL,'3601070f076aea470f02a155da573a202a8d5847e0173e6924f379a62ffe7023'),(35,4,22,'eyJhbGciOiJIUzI1NiIsInR5cCI6IkpXVCJ9.eyJ1c2VySWQiOjQsInNlc3Npb25JZCI6MjIsInR5cGUiOiJyZWZyZXNoIiwiaWF0IjoxNzYxMzkwNDk3LCJleHAiOjE3NjM5ODI0OTcsImlzcyI6InNhaWxvLWFwcCJ9.rDDZdQ-QHMyZqaBoseMM9ZwvX2ZuHnMmqHYM_FlKebY','2025-11-24 19:08:17','2025-10-25 19:08:17',1,'2025-10-25 19:09:06',NULL,NULL,'3601070f076aea470f02a155da573a202a8d5847e0173e6924f379a62ffe7023'),(36,4,22,'eyJhbGciOiJIUzI1NiIsInR5cCI6IkpXVCJ9.eyJ1c2VySWQiOjQsInNlc3Npb25JZCI6MjIsInR5cGUiOiJyZWZyZXNoIiwiaWF0IjoxNzYxMzkwNTQ2LCJleHAiOjE3NjM5ODI1NDYsImlzcyI6InNhaWxvLWFwcCJ9.lUHutDDxczrkRdJA5Ju6VtmvDlimGztZNjjCxMe0laU','2025-11-24 19:09:06','2025-10-25 19:09:06',0,NULL,'Mozilla/5.0 (Windows NT 10.0; Win64; x64) AppleWebKit/537.36 (KHTML, like Gecko) Chrome/141.0.0.0 Safari/537.36','::1','bfe9b89f8a0a44dc36da0139e25998867f5b6c22c9308586e917fca27991c8c0'),(38,4,23,'eyJhbGciOiJIUzI1NiIsInR5cCI6IkpXVCJ9.eyJ1c2VySWQiOjQsInNlc3Npb25JZCI6MjMsInR5cGUiOiJyZWZyZXNoIiwiaWF0IjoxNzYxMzkwNjE1LCJleHAiOjE3NjM5ODI2MTUsImlzcyI6InNhaWxvLWFwcCJ9.ZH9JN9z-86SS29Mbuq1_lfx9ZBZRFSIpY6_z4jVGEJs','2025-11-24 19:10:15','2025-10-25 19:10:15',1,'2025-10-25 19:10:17',NULL,NULL,'3601070f076aea470f02a155da573a202a8d5847e0173e6924f379a62ffe7023'),(39,4,23,'eyJhbGciOiJIUzI1NiIsInR5cCI6IkpXVCJ9.eyJ1c2VySWQiOjQsInNlc3Npb25JZCI6MjMsInR5cGUiOiJyZWZyZXNoIiwiaWF0IjoxNzYxMzkwNjE3LCJleHAiOjE3NjM5ODI2MTcsImlzcyI6InNhaWxvLWFwcCJ9.zBzuBG2pgn68338c4wzBowTYs6uKBSZ_qpBEVn2c4wU','2025-11-24 19:10:17','2025-10-25 19:10:17',0,NULL,'Mozilla/5.0 (Windows NT 10.0; Win64; x64) AppleWebKit/537.36 (KHTML, like Gecko) Chrome/141.0.0.0 Safari/537.36','::1','bfe9b89f8a0a44dc36da0139e25998867f5b6c22c9308586e917fca27991c8c0'),(41,4,24,'eyJhbGciOiJIUzI1NiIsInR5cCI6IkpXVCJ9.eyJ1c2VySWQiOjQsInNlc3Npb25JZCI6MjQsInR5cGUiOiJyZWZyZXNoIiwiaWF0IjoxNzYxMzkwNzEzLCJleHAiOjE3NjM5ODI3MTMsImlzcyI6InNhaWxvLWFwcCJ9.JujIJGnW1iWzOhV1UwibrlCJSiB2OuQK8IQF5_QFCx0','2025-11-24 19:11:54','2025-10-25 19:11:53',1,'2025-10-25 19:11:55',NULL,NULL,'3601070f076aea470f02a155da573a202a8d5847e0173e6924f379a62ffe7023'),(42,4,24,'eyJhbGciOiJIUzI1NiIsInR5cCI6IkpXVCJ9.eyJ1c2VySWQiOjQsInNlc3Npb25JZCI6MjQsInR5cGUiOiJyZWZyZXNoIiwiaWF0IjoxNzYxMzkwNzE1LCJleHAiOjE3NjM5ODI3MTUsImlzcyI6InNhaWxvLWFwcCJ9.Uiy3uU2l6ve7S7E0uveacxo5JcHmIm0n3G7nuNm_by4','2025-11-24 19:11:55','2025-10-25 19:11:55',0,NULL,'Mozilla/5.0 (Windows NT 10.0; Win64; x64) AppleWebKit/537.36 (KHTML, like Gecko) Chrome/141.0.0.0 Safari/537.36','::1','bfe9b89f8a0a44dc36da0139e25998867f5b6c22c9308586e917fca27991c8c0'),(44,4,25,'eyJhbGciOiJIUzI1NiIsInR5cCI6IkpXVCJ9.eyJ1c2VySWQiOjQsInNlc3Npb25JZCI6MjUsInR5cGUiOiJyZWZyZXNoIiwiaWF0IjoxNzYxMzkwODQ4LCJleHAiOjE3NjM5ODI4NDgsImlzcyI6InNhaWxvLWFwcCJ9.N9nj44j1dLU8IgvgtGLu0_cqvz3WdloRxubRoxMUep4','2025-11-24 19:14:08','2025-10-25 19:14:08',1,'2025-10-25 19:14:09',NULL,NULL,'3601070f076aea470f02a155da573a202a8d5847e0173e6924f379a62ffe7023'),(45,4,25,'eyJhbGciOiJIUzI1NiIsInR5cCI6IkpXVCJ9.eyJ1c2VySWQiOjQsInNlc3Npb25JZCI6MjUsInR5cGUiOiJyZWZyZXNoIiwiaWF0IjoxNzYxMzkwODQ5LCJleHAiOjE3NjM5ODI4NDksImlzcyI6InNhaWxvLWFwcCJ9.4RjX9aYQoQDZS6kzqvkDb6xEKdEWBqzAU86zI54mMSA','2025-11-24 19:14:10','2025-10-25 19:14:09',0,NULL,'Mozilla/5.0 (Windows NT 10.0; Win64; x64) AppleWebKit/537.36 (KHTML, like Gecko) Chrome/141.0.0.0 Safari/537.36','::1','bfe9b89f8a0a44dc36da0139e25998867f5b6c22c9308586e917fca27991c8c0'),(47,4,26,'eyJhbGciOiJIUzI1NiIsInR5cCI6IkpXVCJ9.eyJ1c2VySWQiOjQsInNlc3Npb25JZCI6MjYsInR5cGUiOiJyZWZyZXNoIiwiaWF0IjoxNzYxMzkxMDM5LCJleHAiOjE3NjM5ODMwMzksImlzcyI6InNhaWxvLWFwcCJ9.aNIhOPzRlSdT8vetfaHGj9thwjKIGjf_aURVRRN12qw','2025-11-24 19:17:19','2025-10-25 19:17:19',1,'2025-10-25 19:17:44',NULL,NULL,'3601070f076aea470f02a155da573a202a8d5847e0173e6924f379a62ffe7023'),(52,3,31,'eyJhbGciOiJIUzI1NiIsInR5cCI6IkpXVCJ9.eyJ1c2VySWQiOjMsInNlc3Npb25JZCI6MzEsInR5cGUiOiJyZWZyZXNoIiwiaWF0IjoxNzYxNTQ5MDk3LCJleHAiOjE3NjQxNDEwOTcsImlzcyI6InNhaWxvLWFwcCJ9.ibbFvoOm7qknVGGj23vsxDyKPM9xxJ5Qt4rLz79-QuQ','2025-11-26 15:11:38','2025-10-27 15:11:37',1,'2025-10-27 15:11:56','Mozilla/5.0 (Windows NT 10.0; Win64; x64) AppleWebKit/537.36 (KHTML, like Gecko) Chrome/141.0.0.0 Safari/537.36','::1','bfe9b89f8a0a44dc36da0139e25998867f5b6c22c9308586e917fca27991c8c0'),(53,3,32,'eyJhbGciOiJIUzI1NiIsInR5cCI6IkpXVCJ9.eyJ1c2VySWQiOjMsInNlc3Npb25JZCI6MzIsInR5cGUiOiJyZWZyZXNoIiwiaWF0IjoxNzYxNTQ5Nzk3LCJleHAiOjE3NjQxNDE3OTcsImlzcyI6InNhaWxvLWFwcCJ9.zxLjDjtAlogDnj9zcA2QxAuSbpNWpbc6fRERPtGhEqo','2025-11-26 15:23:18','2025-10-27 15:23:17',1,'2025-10-27 15:23:30','Mozilla/5.0 (Windows NT 10.0; Win64; x64) AppleWebKit/537.36 (KHTML, like Gecko) Chrome/141.0.0.0 Safari/537.36','::1','bfe9b89f8a0a44dc36da0139e25998867f5b6c22c9308586e917fca27991c8c0'),(54,3,33,'eyJhbGciOiJIUzI1NiIsInR5cCI6IkpXVCJ9.eyJ1c2VySWQiOjMsInNlc3Npb25JZCI6MzMsInR5cGUiOiJyZWZyZXNoIiwiaWF0IjoxNzYxNTUxMTU2LCJleHAiOjE3NjQxNDMxNTYsImlzcyI6InNhaWxvLWFwcCJ9.cV4ZkyDUCMu2dCkosx8cPlAxHdBW9ZKcAdFjy9p1p2w','2025-11-26 15:45:57','2025-10-27 15:45:56',1,'2025-10-27 15:58:16','Mozilla/5.0 (Windows NT 10.0; Win64; x64) AppleWebKit/537.36 (KHTML, like Gecko) Chrome/141.0.0.0 Safari/537.36','::1','bfe9b89f8a0a44dc36da0139e25998867f5b6c22c9308586e917fca27991c8c0'),(55,3,34,'eyJhbGciOiJIUzI1NiIsInR5cCI6IkpXVCJ9.eyJ1c2VySWQiOjMsInNlc3Npb25JZCI6MzQsInR5cGUiOiJyZWZyZXNoIiwiaWF0IjoxNzYxNTUxOTA5LCJleHAiOjE3NjQxNDM5MDksImlzcyI6InNhaWxvLWFwcCJ9.7mug7s7Dqg9RJB9dpPhodrPD8A3F0y6-7EF26aV8YsA','2025-11-26 15:58:29','2025-10-27 15:58:29',0,NULL,'Mozilla/5.0 (Windows NT 10.0; Win64; x64) AppleWebKit/537.36 (KHTML, like Gecko) Chrome/141.0.0.0 Safari/537.36','::1','bfe9b89f8a0a44dc36da0139e25998867f5b6c22c9308586e917fca27991c8c0'),(56,3,35,'eyJhbGciOiJIUzI1NiIsInR5cCI6IkpXVCJ9.eyJ1c2VySWQiOjMsInNlc3Npb25JZCI6MzUsInR5cGUiOiJyZWZyZXNoIiwiaWF0IjoxNzYxNTUxOTE5LCJleHAiOjE3NjQxNDM5MTksImlzcyI6InNhaWxvLWFwcCJ9.XNLWiNfQk8pqUFBPZHkxzal1SwXVRGF1cSCkjxdW9eI','2025-11-26 15:58:40','2025-10-27 15:58:39',1,'2025-10-27 16:24:50','Mozilla/5.0 (Windows NT 10.0; Win64; x64) AppleWebKit/537.36 (KHTML, like Gecko) Chrome/141.0.0.0 Safari/537.36','::1','bfe9b89f8a0a44dc36da0139e25998867f5b6c22c9308586e917fca27991c8c0'),(57,3,36,'eyJhbGciOiJIUzI1NiIsInR5cCI6IkpXVCJ9.eyJ1c2VySWQiOjMsInNlc3Npb25JZCI6MzYsInR5cGUiOiJyZWZyZXNoIiwiaWF0IjoxNzYxNTUzNDk1LCJleHAiOjE3NjQxNDU0OTUsImlzcyI6InNhaWxvLWFwcCJ9.B9Y9aZC5bpGyP0ipXcGJKb2Us6QgSZxr3sbWDr5FJaU','2025-11-26 16:24:56','2025-10-27 16:24:55',1,'2025-10-27 18:46:59','Mozilla/5.0 (Windows NT 10.0; Win64; x64) AppleWebKit/537.36 (KHTML, like Gecko) Chrome/141.0.0.0 Safari/537.36','::1','bfe9b89f8a0a44dc36da0139e25998867f5b6c22c9308586e917fca27991c8c0'),(58,3,36,'eyJhbGciOiJIUzI1NiIsInR5cCI6IkpXVCJ9.eyJ1c2VySWQiOjMsInNlc3Npb25JZCI6MzYsInR5cGUiOiJyZWZyZXNoIiwiaWF0IjoxNzYxNTYyMDE5LCJleHAiOjE3NjQxNTQwMTksImlzcyI6InNhaWxvLWFwcCJ9.pE-mYaAgD9lpe1dkSBwHpNC2QlP7KYtkW2uC88EaGOw','2025-11-26 18:46:59','2025-10-27 18:46:59',1,'2025-10-27 18:52:57','Mozilla/5.0 (Windows NT 10.0; Win64; x64) AppleWebKit/537.36 (KHTML, like Gecko) Chrome/141.0.0.0 Safari/537.36','::1','bfe9b89f8a0a44dc36da0139e25998867f5b6c22c9308586e917fca27991c8c0'),(59,3,36,'eyJhbGciOiJIUzI1NiIsInR5cCI6IkpXVCJ9.eyJ1c2VySWQiOjMsInNlc3Npb25JZCI6MzYsInR5cGUiOiJyZWZyZXNoIiwiaWF0IjoxNzYxNTYyMzc3LCJleHAiOjE3NjQxNTQzNzcsImlzcyI6InNhaWxvLWFwcCJ9.0ytgkTdjnxCjeQU3djQgSjYpSTbdOoqE_SKjg8WLe48','2025-11-26 18:52:57','2025-10-27 18:52:57',1,'2025-10-27 18:53:07','Mozilla/5.0 (Windows NT 10.0; Win64; x64) AppleWebKit/537.36 (KHTML, like Gecko) Chrome/141.0.0.0 Safari/537.36','::1','bfe9b89f8a0a44dc36da0139e25998867f5b6c22c9308586e917fca27991c8c0'),(60,3,37,'eyJhbGciOiJIUzI1NiIsInR5cCI6IkpXVCJ9.eyJ1c2VySWQiOjMsInNlc3Npb25JZCI6MzcsInR5cGUiOiJyZWZyZXNoIiwiaWF0IjoxNzYxNTYyNDA2LCJleHAiOjE3NjQxNTQ0MDYsImlzcyI6InNhaWxvLWFwcCJ9.YxTaZwp7MbaB29VHts4VLIHq4zTIczv6jJxDHZ75HvA','2025-11-26 18:53:26','2025-10-27 18:53:26',1,'2025-10-27 19:01:19','Mozilla/5.0 (Windows NT 10.0; Win64; x64) AppleWebKit/537.36 (KHTML, like Gecko) Chrome/141.0.0.0 Safari/537.36','::1','bfe9b89f8a0a44dc36da0139e25998867f5b6c22c9308586e917fca27991c8c0'),(61,3,38,'eyJhbGciOiJIUzI1NiIsInR5cCI6IkpXVCJ9.eyJ1c2VySWQiOjMsInNlc3Npb25JZCI6MzgsInR5cGUiOiJyZWZyZXNoIiwiaWF0IjoxNzYxNTYyODkxLCJleHAiOjE3NjQxNTQ4OTEsImlzcyI6InNhaWxvLWFwcCJ9.Jl6TWsoiSvSuMEVjnL6kd4DtlXdNapOKzaIFJ_mlkaE','2025-11-26 19:01:32','2025-10-27 19:01:31',1,'2025-10-27 19:10:55','Mozilla/5.0 (Windows NT 10.0; Win64; x64) AppleWebKit/537.36 (KHTML, like Gecko) Chrome/141.0.0.0 Safari/537.36','::1','bfe9b89f8a0a44dc36da0139e25998867f5b6c22c9308586e917fca27991c8c0'),(62,3,39,'eyJhbGciOiJIUzI1NiIsInR5cCI6IkpXVCJ9.eyJ1c2VySWQiOjMsInNlc3Npb25JZCI6MzksInR5cGUiOiJyZWZyZXNoIiwiaWF0IjoxNzYxNTYzNDc5LCJleHAiOjE3NjQxNTU0NzksImlzcyI6InNhaWxvLWFwcCJ9.HnmVMtawEWSlJmtlyYUGaxM6oIe3lEhdLNrpB3vFS4k','2025-11-26 19:11:20','2025-10-27 19:11:19',1,'2025-10-27 19:11:54','Mozilla/5.0 (Windows NT 10.0; Win64; x64) AppleWebKit/537.36 (KHTML, like Gecko) Chrome/141.0.0.0 Safari/537.36','::1','bfe9b89f8a0a44dc36da0139e25998867f5b6c22c9308586e917fca27991c8c0'),(63,3,40,'eyJhbGciOiJIUzI1NiIsInR5cCI6IkpXVCJ9.eyJ1c2VySWQiOjMsInNlc3Npb25JZCI6NDAsInR5cGUiOiJyZWZyZXNoIiwiaWF0IjoxNzYxNTYzNTIwLCJleHAiOjE3NjQxNTU1MjAsImlzcyI6InNhaWxvLWFwcCJ9.Z3sZqfWiMkP8tHAfyCVJP5CllMhwXiNllZk0GJyFTmo','2025-11-26 19:12:01','2025-10-27 19:12:00',1,'2025-10-27 19:22:12','Mozilla/5.0 (Windows NT 10.0; Win64; x64) AppleWebKit/537.36 (KHTML, like Gecko) Chrome/141.0.0.0 Safari/537.36','::1','bfe9b89f8a0a44dc36da0139e25998867f5b6c22c9308586e917fca27991c8c0'),(64,3,40,'eyJhbGciOiJIUzI1NiIsInR5cCI6IkpXVCJ9.eyJ1c2VySWQiOjMsInNlc3Npb25JZCI6NDAsInR5cGUiOiJyZWZyZXNoIiwiaWF0IjoxNzYxNTY0MTMyLCJleHAiOjE3NjQxNTYxMzIsImlzcyI6InNhaWxvLWFwcCJ9.5eiIJyc5-GMNu_9_dG7pvXCiJnXQd2STU3hSy4A1QTU','2025-11-26 19:22:13','2025-10-27 19:22:12',1,'2025-10-27 20:08:17','Mozilla/5.0 (Windows NT 10.0; Win64; x64) AppleWebKit/537.36 (KHTML, like Gecko) Chrome/141.0.0.0 Safari/537.36','::1','bfe9b89f8a0a44dc36da0139e25998867f5b6c22c9308586e917fca27991c8c0'),(65,3,40,'eyJhbGciOiJIUzI1NiIsInR5cCI6IkpXVCJ9.eyJ1c2VySWQiOjMsInNlc3Npb25JZCI6NDAsInR5cGUiOiJyZWZyZXNoIiwiaWF0IjoxNzYxNTY2ODk3LCJleHAiOjE3NjQxNTg4OTcsImlzcyI6InNhaWxvLWFwcCJ9.lEDCd8vkhiKJ62KicA7SnS-lwKq79qkmfb94jq3Ffyw','2025-11-26 20:08:18','2025-10-27 20:08:17',1,'2025-10-27 20:19:13','Mozilla/5.0 (Windows NT 10.0; Win64; x64) AppleWebKit/537.36 (KHTML, like Gecko) Chrome/141.0.0.0 Safari/537.36','::1','bfe9b89f8a0a44dc36da0139e25998867f5b6c22c9308586e917fca27991c8c0'),(66,4,41,'eyJhbGciOiJIUzI1NiIsInR5cCI6IkpXVCJ9.eyJ1c2VySWQiOjQsInNlc3Npb25JZCI6NDEsInR5cGUiOiJyZWZyZXNoIiwiaWF0IjoxNzYxNTY3NTU5LCJleHAiOjE3NjQxNTk1NTksImlzcyI6InNhaWxvLWFwcCJ9.ZRDybhCXn7Ds65MSUCoJs4t0b3Fom9EAagxeRoHX4YA','2025-11-26 20:19:19','2025-10-27 20:19:19',1,'2025-10-27 20:19:24',NULL,NULL,'3601070f076aea470f02a155da573a202a8d5847e0173e6924f379a62ffe7023'),(67,4,42,'eyJhbGciOiJIUzI1NiIsInR5cCI6IkpXVCJ9.eyJ1c2VySWQiOjQsInNlc3Npb25JZCI6NDIsInR5cGUiOiJyZWZyZXNoIiwiaWF0IjoxNzYxNTY3ODkwLCJleHAiOjE3NjQxNTk4OTAsImlzcyI6InNhaWxvLWFwcCJ9.XgOqUH6DQn53LPBes3AtpPobtC8f13-nI9jlsWG5VTo','2025-11-26 20:24:51','2025-10-27 20:24:50',1,'2025-10-27 20:28:08',NULL,NULL,'3601070f076aea470f02a155da573a202a8d5847e0173e6924f379a62ffe7023'),(68,4,43,'eyJhbGciOiJIUzI1NiIsInR5cCI6IkpXVCJ9.eyJ1c2VySWQiOjQsInNlc3Npb25JZCI6NDMsInR5cGUiOiJyZWZyZXNoIiwiaWF0IjoxNzYxNTY4MDk1LCJleHAiOjE3NjQxNjAwOTUsImlzcyI6InNhaWxvLWFwcCJ9.lVf7NcEFHYunLF5yJbn4SP7fZCpuBdgJyUWQa2UuWZM','2025-11-26 20:28:15','2025-10-27 20:28:15',1,'2025-10-27 20:30:08',NULL,NULL,'3601070f076aea470f02a155da573a202a8d5847e0173e6924f379a62ffe7023'),(69,4,44,'eyJhbGciOiJIUzI1NiIsInR5cCI6IkpXVCJ9.eyJ1c2VySWQiOjQsInNlc3Npb25JZCI6NDQsInR5cGUiOiJyZWZyZXNoIiwiaWF0IjoxNzYxNTY4MjE0LCJleHAiOjE3NjQxNjAyMTQsImlzcyI6InNhaWxvLWFwcCJ9.X5gl5REgBueyfGkGxmXxuz7Q9Bty26m9GM8k72j1wok','2025-11-26 20:30:14','2025-10-27 20:30:14',1,'2025-10-27 20:30:19',NULL,NULL,'3601070f076aea470f02a155da573a202a8d5847e0173e6924f379a62ffe7023'),(70,4,45,'eyJhbGciOiJIUzI1NiIsInR5cCI6IkpXVCJ9.eyJ1c2VySWQiOjQsInNlc3Npb25JZCI6NDUsInR5cGUiOiJyZWZyZXNoIiwiaWF0IjoxNzYxNTY4MjI1LCJleHAiOjE3NjQxNjAyMjUsImlzcyI6InNhaWxvLWFwcCJ9.EtiFW-nEJSOhqbMeF9kcaySphGix7EAXzO_ZICbOu0g','2025-11-26 20:30:25','2025-10-27 20:30:25',1,'2025-10-27 20:30:29',NULL,NULL,'3601070f076aea470f02a155da573a202a8d5847e0173e6924f379a62ffe7023'),(71,3,46,'eyJhbGciOiJIUzI1NiIsInR5cCI6IkpXVCJ9.eyJ1c2VySWQiOjMsInNlc3Npb25JZCI6NDYsInR5cGUiOiJyZWZyZXNoIiwiaWF0IjoxNzYxNTY4MjM1LCJleHAiOjE3NjQxNjAyMzUsImlzcyI6InNhaWxvLWFwcCJ9.qQdyXyU1vPYSJSHRonF7Jda7DTKgRPzplcWILIhvBWI','2025-11-26 20:30:35','2025-10-27 20:30:35',1,'2025-10-27 20:30:47','Mozilla/5.0 (Windows NT 10.0; Win64; x64) AppleWebKit/537.36 (KHTML, like Gecko) Chrome/141.0.0.0 Safari/537.36','::1','bfe9b89f8a0a44dc36da0139e25998867f5b6c22c9308586e917fca27991c8c0'),(72,4,47,'eyJhbGciOiJIUzI1NiIsInR5cCI6IkpXVCJ9.eyJ1c2VySWQiOjQsInNlc3Npb25JZCI6NDcsInR5cGUiOiJyZWZyZXNoIiwiaWF0IjoxNzYxNTY4MjUzLCJleHAiOjE3NjQxNjAyNTMsImlzcyI6InNhaWxvLWFwcCJ9.WYVm5qHUwJv_-jbDPMX4-_Tqn9gGxw2VY9CZp4RhgIU','2025-11-26 20:30:53','2025-10-27 20:30:53',1,'2025-10-27 20:33:25',NULL,NULL,'3601070f076aea470f02a155da573a202a8d5847e0173e6924f379a62ffe7023'),(73,4,48,'eyJhbGciOiJIUzI1NiIsInR5cCI6IkpXVCJ9.eyJ1c2VySWQiOjQsInNlc3Npb25JZCI6NDgsInR5cGUiOiJyZWZyZXNoIiwiaWF0IjoxNzYxNTY4NDExLCJleHAiOjE3NjQxNjA0MTEsImlzcyI6InNhaWxvLWFwcCJ9.e2ymRxs46D1r5DeCaJCSjMiptSrZhFcFzNBVJdu3Bk8','2025-11-26 20:33:31','2025-10-27 20:33:31',1,'2025-10-27 20:37:12',NULL,NULL,'3601070f076aea470f02a155da573a202a8d5847e0173e6924f379a62ffe7023'),(74,4,49,'eyJhbGciOiJIUzI1NiIsInR5cCI6IkpXVCJ9.eyJ1c2VySWQiOjQsInNlc3Npb25JZCI6NDksInR5cGUiOiJyZWZyZXNoIiwiaWF0IjoxNzYxNTY4NjM5LCJleHAiOjE3NjQxNjA2MzksImlzcyI6InNhaWxvLWFwcCJ9.rUtsUB6VmQ5j4Hv9T2W437b68ipnARSbkuFEfwvCx9g','2025-11-26 20:37:19','2025-10-27 20:37:19',1,'2025-10-27 20:37:22',NULL,NULL,'3601070f076aea470f02a155da573a202a8d5847e0173e6924f379a62ffe7023'),(75,4,50,'eyJhbGciOiJIUzI1NiIsInR5cCI6IkpXVCJ9.eyJ1c2VySWQiOjQsInNlc3Npb25JZCI6NTAsInR5cGUiOiJyZWZyZXNoIiwiaWF0IjoxNzYxNTY4OTI5LCJleHAiOjE3NjQxNjA5MjksImlzcyI6InNhaWxvLWFwcCJ9.8M3xJvDB-Cdk3_gP0rXsQG_N4cy4jz7A_nbOMNbFC4k','2025-11-26 20:42:10','2025-10-27 20:42:09',1,'2025-10-27 20:43:25',NULL,NULL,'3601070f076aea470f02a155da573a202a8d5847e0173e6924f379a62ffe7023'),(76,4,51,'eyJhbGciOiJIUzI1NiIsInR5cCI6IkpXVCJ9.eyJ1c2VySWQiOjQsInNlc3Npb25JZCI6NTEsInR5cGUiOiJyZWZyZXNoIiwiaWF0IjoxNzYxNTY5MDExLCJleHAiOjE3NjQxNjEwMTEsImlzcyI6InNhaWxvLWFwcCJ9.9luHISwOdpe0Ijmx4Dh-aeIjR46-XkDSGUhYckmqKm0','2025-11-26 20:43:32','2025-10-27 20:43:31',1,'2025-10-27 20:44:59',NULL,NULL,'3601070f076aea470f02a155da573a202a8d5847e0173e6924f379a62ffe7023'),(77,4,52,'eyJhbGciOiJIUzI1NiIsInR5cCI6IkpXVCJ9.eyJ1c2VySWQiOjQsInNlc3Npb25JZCI6NTIsInR5cGUiOiJyZWZyZXNoIiwiaWF0IjoxNzYxNTY5MTA1LCJleHAiOjE3NjQxNjExMDUsImlzcyI6InNhaWxvLWFwcCJ9.zrgh4YDlHfQC_InRI7hCAExKrtOE8P7SO_zBI3Qcang','2025-11-26 20:45:06','2025-10-27 20:45:05',1,'2025-10-27 20:45:32',NULL,NULL,'3601070f076aea470f02a155da573a202a8d5847e0173e6924f379a62ffe7023'),(78,3,53,'eyJhbGciOiJIUzI1NiIsInR5cCI6IkpXVCJ9.eyJ1c2VySWQiOjMsInNlc3Npb25JZCI6NTMsInR5cGUiOiJyZWZyZXNoIiwiaWF0IjoxNzYxNTY5MTM4LCJleHAiOjE3NjQxNjExMzgsImlzcyI6InNhaWxvLWFwcCJ9.6vkjMesmN7T9vE2yyhbX0pT4YtnYWYOAwJvtb2Q9aJA','2025-11-26 20:45:38','2025-10-27 20:45:38',1,'2025-10-27 20:45:41','Mozilla/5.0 (Windows NT 10.0; Win64; x64) AppleWebKit/537.36 (KHTML, like Gecko) Chrome/141.0.0.0 Safari/537.36','::1','bfe9b89f8a0a44dc36da0139e25998867f5b6c22c9308586e917fca27991c8c0'),(79,3,54,'eyJhbGciOiJIUzI1NiIsInR5cCI6IkpXVCJ9.eyJ1c2VySWQiOjMsInNlc3Npb25JZCI6NTQsInR5cGUiOiJyZWZyZXNoIiwiaWF0IjoxNzYxNTY5MzM5LCJleHAiOjE3NjQxNjEzMzksImlzcyI6InNhaWxvLWFwcCJ9.coIu82moCl2-C8kXkXZ-hxfBkMNS7GShpQtmybs5lOk','2025-11-26 20:49:00','2025-10-27 20:48:59',1,'2025-10-27 20:59:05','Mozilla/5.0 (Windows NT 10.0; Win64; x64) AppleWebKit/537.36 (KHTML, like Gecko) Chrome/141.0.0.0 Safari/537.36','::1','bfe9b89f8a0a44dc36da0139e25998867f5b6c22c9308586e917fca27991c8c0'),(80,3,54,'eyJhbGciOiJIUzI1NiIsInR5cCI6IkpXVCJ9.eyJ1c2VySWQiOjMsInNlc3Npb25JZCI6NTQsInR5cGUiOiJyZWZyZXNoIiwiaWF0IjoxNzYxNTY5OTQ1LCJleHAiOjE3NjQxNjE5NDUsImlzcyI6InNhaWxvLWFwcCJ9.YeEtgOw2vk3fAuzrpjdVrcZ6ZidA7WWhK_IAB5kUp9Q','2025-11-26 20:59:06','2025-10-27 20:59:05',1,'2025-10-27 21:11:38','Mozilla/5.0 (Windows NT 10.0; Win64; x64) AppleWebKit/537.36 (KHTML, like Gecko) Chrome/141.0.0.0 Safari/537.36','::1','bfe9b89f8a0a44dc36da0139e25998867f5b6c22c9308586e917fca27991c8c0'),(81,3,54,'eyJhbGciOiJIUzI1NiIsInR5cCI6IkpXVCJ9.eyJ1c2VySWQiOjMsInNlc3Npb25JZCI6NTQsInR5cGUiOiJyZWZyZXNoIiwiaWF0IjoxNzYxNTcwNjk4LCJleHAiOjE3NjQxNjI2OTgsImlzcyI6InNhaWxvLWFwcCJ9.KuUO3Czc8SfjXv6QelixWpVkeIEHmW79_X94YHFTXOk','2025-11-26 21:11:39','2025-10-27 21:11:38',0,NULL,'Mozilla/5.0 (Windows NT 10.0; Win64; x64) AppleWebKit/537.36 (KHTML, like Gecko) Chrome/141.0.0.0 Safari/537.36','::1','bfe9b89f8a0a44dc36da0139e25998867f5b6c22c9308586e917fca27991c8c0'),(83,3,55,'eyJhbGciOiJIUzI1NiIsInR5cCI6IkpXVCJ9.eyJ1c2VySWQiOjMsInNlc3Npb25JZCI6NTUsInR5cGUiOiJyZWZyZXNoIiwiaWF0IjoxNzYxNTcwNzExLCJleHAiOjE3NjQxNjI3MTEsImlzcyI6InNhaWxvLWFwcCJ9.-KtmFchY1bMbd31-wdRHbBCU_HcUtWv6x5YeGtPXhEg','2025-11-26 21:11:51','2025-10-27 21:11:51',1,'2025-10-27 21:21:51','Mozilla/5.0 (Windows NT 10.0; Win64; x64) AppleWebKit/537.36 (KHTML, like Gecko) Chrome/141.0.0.0 Safari/537.36','::1','bfe9b89f8a0a44dc36da0139e25998867f5b6c22c9308586e917fca27991c8c0'),(84,3,55,'eyJhbGciOiJIUzI1NiIsInR5cCI6IkpXVCJ9.eyJ1c2VySWQiOjMsInNlc3Npb25JZCI6NTUsInR5cGUiOiJyZWZyZXNoIiwiaWF0IjoxNzYxNTcxMzExLCJleHAiOjE3NjQxNjMzMTEsImlzcyI6InNhaWxvLWFwcCJ9.BDSY4F9IRVWq0Hf8IbnXESKNNPdF4vx5QAduRhIPgt4','2025-11-26 21:21:52','2025-10-27 21:21:51',1,'2025-10-27 21:46:54','Mozilla/5.0 (Windows NT 10.0; Win64; x64) AppleWebKit/537.36 (KHTML, like Gecko) Chrome/141.0.0.0 Safari/537.36','::1','bfe9b89f8a0a44dc36da0139e25998867f5b6c22c9308586e917fca27991c8c0'),(85,3,55,'eyJhbGciOiJIUzI1NiIsInR5cCI6IkpXVCJ9.eyJ1c2VySWQiOjMsInNlc3Npb25JZCI6NTUsInR5cGUiOiJyZWZyZXNoIiwiaWF0IjoxNzYxNTcyODE0LCJleHAiOjE3NjQxNjQ4MTQsImlzcyI6InNhaWxvLWFwcCJ9.xsoJ-OSkFhxCa9sOO5BiwJZrElXhJnN7h_camsaMjDQ','2025-11-26 21:46:55','2025-10-27 21:46:54',1,'2025-10-27 21:47:51','Mozilla/5.0 (Windows NT 10.0; Win64; x64) AppleWebKit/537.36 (KHTML, like Gecko) Chrome/141.0.0.0 Safari/537.36','::1','bfe9b89f8a0a44dc36da0139e25998867f5b6c22c9308586e917fca27991c8c0'),(86,4,56,'eyJhbGciOiJIUzI1NiIsInR5cCI6IkpXVCJ9.eyJ1c2VySWQiOjQsInNlc3Npb25JZCI6NTYsInR5cGUiOiJyZWZyZXNoIiwiaWF0IjoxNzYxNTcyODgwLCJleHAiOjE3NjQxNjQ4ODAsImlzcyI6InNhaWxvLWFwcCJ9.ltAmCxoGEfojgLH4OYYb4Rv0HxHvvgRxymN4F_12Q9E','2025-11-26 21:48:01','2025-10-27 21:48:00',1,'2025-10-27 21:48:08',NULL,NULL,'3601070f076aea470f02a155da573a202a8d5847e0173e6924f379a62ffe7023'),(87,3,57,'eyJhbGciOiJIUzI1NiIsInR5cCI6IkpXVCJ9.eyJ1c2VySWQiOjMsInNlc3Npb25JZCI6NTcsInR5cGUiOiJyZWZyZXNoIiwiaWF0IjoxNzYxNTczMDEwLCJleHAiOjE3NjQxNjUwMTAsImlzcyI6InNhaWxvLWFwcCJ9.f_Ug1pvrl1MH6SIVuU7fzTA-k6hqK_3orTKstKB_ZWA','2025-11-26 21:50:11','2025-10-27 21:50:10',1,'2025-10-27 23:35:35','Mozilla/5.0 (Windows NT 10.0; Win64; x64) AppleWebKit/537.36 (KHTML, like Gecko) Chrome/141.0.0.0 Safari/537.36','::1','bfe9b89f8a0a44dc36da0139e25998867f5b6c22c9308586e917fca27991c8c0'),(88,4,58,'eyJhbGciOiJIUzI1NiIsInR5cCI6IkpXVCJ9.eyJ1c2VySWQiOjQsInNlc3Npb25JZCI6NTgsInR5cGUiOiJyZWZyZXNoIiwiaWF0IjoxNzYxNTc5Mzc2LCJleHAiOjE3NjQxNzEzNzYsImlzcyI6InNhaWxvLWFwcCJ9.p1WbyNZsqpiJ1dpRtGtHdrwrN-x3FAobVhOKpvWb3v0','2025-11-26 23:36:16','2025-10-27 23:36:16',1,'2025-10-27 23:36:21',NULL,NULL,'3601070f076aea470f02a155da573a202a8d5847e0173e6924f379a62ffe7023'),(89,3,59,'eyJhbGciOiJIUzI1NiIsInR5cCI6IkpXVCJ9.eyJ1c2VySWQiOjMsInNlc3Npb25JZCI6NTksInR5cGUiOiJyZWZyZXNoIiwiaWF0IjoxNzYxNTc5Mzg4LCJleHAiOjE3NjQxNzEzODgsImlzcyI6InNhaWxvLWFwcCJ9.78vNizMlu8UQc67Pu3lHMqTXVtnxpC5UsROVtPhhM1Q','2025-11-26 23:36:28','2025-10-27 23:36:28',1,'2025-10-27 23:36:37','Mozilla/5.0 (Windows NT 10.0; Win64; x64) AppleWebKit/537.36 (KHTML, like Gecko) Chrome/141.0.0.0 Safari/537.36','::1','bfe9b89f8a0a44dc36da0139e25998867f5b6c22c9308586e917fca27991c8c0'),(92,3,62,'eyJhbGciOiJIUzI1NiIsInR5cCI6IkpXVCJ9.eyJ1c2VySWQiOjMsInNlc3Npb25JZCI6NjIsInR5cGUiOiJyZWZyZXNoIiwiaWF0IjoxNzYxNTc5OTc4LCJleHAiOjE3NjQxNzE5NzgsImlzcyI6InNhaWxvLWFwcCJ9.foWSpAQYeMZ-V7SglA7gZTld4X9bn1YYSPZ0QcCxAS4','2025-11-26 23:46:18','2025-10-27 23:46:18',1,'2025-10-27 23:46:26','Mozilla/5.0 (Windows NT 10.0; Win64; x64) AppleWebKit/537.36 (KHTML, like Gecko) Chrome/141.0.0.0 Safari/537.36','::1','bfe9b89f8a0a44dc36da0139e25998867f5b6c22c9308586e917fca27991c8c0'),(93,3,63,'eyJhbGciOiJIUzI1NiIsInR5cCI6IkpXVCJ9.eyJ1c2VySWQiOjMsInNlc3Npb25JZCI6NjMsInR5cGUiOiJyZWZyZXNoIiwiaWF0IjoxNzYxNTc5OTk5LCJleHAiOjE3NjQxNzE5OTksImlzcyI6InNhaWxvLWFwcCJ9.6eRFqZvvGZcBQWckuxEyYqRi5XeXXo_iSdwvhrTp_6E','2025-11-26 23:46:40','2025-10-27 23:46:39',1,'2025-10-27 23:48:58','Mozilla/5.0 (Windows NT 10.0; Win64; x64) AppleWebKit/537.36 (KHTML, like Gecko) Chrome/141.0.0.0 Safari/537.36','::1','bfe9b89f8a0a44dc36da0139e25998867f5b6c22c9308586e917fca27991c8c0'),(94,3,64,'eyJhbGciOiJIUzI1NiIsInR5cCI6IkpXVCJ9.eyJ1c2VySWQiOjMsInNlc3Npb25JZCI6NjQsInR5cGUiOiJyZWZyZXNoIiwiaWF0IjoxNzYxNTgwMzg5LCJleHAiOjE3NjQxNzIzODksImlzcyI6InNhaWxvLWFwcCJ9.ekj38R-tZksy-ekTTQd_vuJLMdyjb_u4SuBFHigBG3k','2025-11-26 23:53:09','2025-10-27 23:53:09',1,'2025-10-27 23:53:46','Mozilla/5.0 (Windows NT 10.0; Win64; x64) AppleWebKit/537.36 (KHTML, like Gecko) Chrome/141.0.0.0 Safari/537.36','::1','bfe9b89f8a0a44dc36da0139e25998867f5b6c22c9308586e917fca27991c8c0'),(95,3,65,'eyJhbGciOiJIUzI1NiIsInR5cCI6IkpXVCJ9.eyJ1c2VySWQiOjMsInNlc3Npb25JZCI6NjUsInR5cGUiOiJyZWZyZXNoIiwiaWF0IjoxNzYxNTgwNzU1LCJleHAiOjE3NjQxNzI3NTUsImlzcyI6InNhaWxvLWFwcCJ9.1QrpqN_A4f_qXrSfkGcKE4s6-UMMi5UVjXpltQtoq84','2025-11-26 23:59:16','2025-10-27 23:59:15',1,'2025-10-27 23:59:53','Mozilla/5.0 (Windows NT 10.0; Win64; x64) AppleWebKit/537.36 (KHTML, like Gecko) Chrome/141.0.0.0 Safari/537.36','::1','bfe9b89f8a0a44dc36da0139e25998867f5b6c22c9308586e917fca27991c8c0'),(96,4,66,'eyJhbGciOiJIUzI1NiIsInR5cCI6IkpXVCJ9.eyJ1c2VySWQiOjQsInNlc3Npb25JZCI6NjYsInR5cGUiOiJyZWZyZXNoIiwiaWF0IjoxNzYxNjE0NTE4LCJleHAiOjE3NjQyMDY1MTgsImlzcyI6InNhaWxvLWFwcCJ9.VmxoeUwLnDGJdGaBDU__td3udYXM8GCrTbRZi4CPUK0','2025-11-27 09:21:58','2025-10-28 09:21:58',1,'2025-10-28 09:22:30',NULL,NULL,'3601070f076aea470f02a155da573a202a8d5847e0173e6924f379a62ffe7023'),(97,3,67,'eyJhbGciOiJIUzI1NiIsInR5cCI6IkpXVCJ9.eyJ1c2VySWQiOjMsInNlc3Npb25JZCI6NjcsInR5cGUiOiJyZWZyZXNoIiwiaWF0IjoxNzYxNjE0NTU1LCJleHAiOjE3NjQyMDY1NTUsImlzcyI6InNhaWxvLWFwcCJ9.ywvcyOv1_033RVFZ6yGyYTjIjNDlNbW9645xwZkaJ6E','2025-11-27 09:22:35','2025-10-28 09:22:35',1,'2025-10-28 09:23:02','Mozilla/5.0 (Windows NT 10.0; Win64; x64) AppleWebKit/537.36 (KHTML, like Gecko) Chrome/141.0.0.0 Safari/537.36','::1','bfe9b89f8a0a44dc36da0139e25998867f5b6c22c9308586e917fca27991c8c0'),(99,3,69,'eyJhbGciOiJIUzI1NiIsInR5cCI6IkpXVCJ9.eyJ1c2VySWQiOjMsInNlc3Npb25JZCI6NjksInR5cGUiOiJyZWZyZXNoIiwiaWF0IjoxNzYxNjE0NjE3LCJleHAiOjE3NjQyMDY2MTcsImlzcyI6InNhaWxvLWFwcCJ9.1NT3S-ufEMvPGqYecp-csg_jAg2hTmIm31LV-6pwApc','2025-11-27 09:23:38','2025-10-28 09:23:37',1,'2025-10-28 09:33:43','Mozilla/5.0 (Windows NT 10.0; Win64; x64) AppleWebKit/537.36 (KHTML, like Gecko) Chrome/141.0.0.0 Safari/537.36','::1','bfe9b89f8a0a44dc36da0139e25998867f5b6c22c9308586e917fca27991c8c0'),(100,9,70,'eyJhbGciOiJIUzI1NiIsInR5cCI6IkpXVCJ9.eyJ1c2VySWQiOjksInNlc3Npb25JZCI6NzAsInR5cGUiOiJyZWZyZXNoIiwiaWF0IjoxNzYxNjE1MjcyLCJleHAiOjE3NjQyMDcyNzIsImlzcyI6InNhaWxvLWFwcCJ9.TWlYYZMbCfRr-UrzvQXGMnnmcyazo6Vt1sl4dj9dVKE','2025-11-27 09:34:32','2025-10-28 09:34:32',1,'2025-10-28 09:35:34','Mozilla/5.0 (Windows NT 10.0; Win64; x64) AppleWebKit/537.36 (KHTML, like Gecko) Chrome/141.0.0.0 Safari/537.36','::1','bfe9b89f8a0a44dc36da0139e25998867f5b6c22c9308586e917fca27991c8c0'),(101,9,71,'eyJhbGciOiJIUzI1NiIsInR5cCI6IkpXVCJ9.eyJ1c2VySWQiOjksInNlc3Npb25JZCI6NzEsInR5cGUiOiJyZWZyZXNoIiwiaWF0IjoxNzYxNjE1MzQxLCJleHAiOjE3NjQyMDczNDEsImlzcyI6InNhaWxvLWFwcCJ9.uZnL_lO8Omn2Df6Vd_c5Jj1JNi-ujXAtLomqJpZZxIg','2025-11-27 09:35:41','2025-10-28 09:35:41',1,'2025-10-28 09:35:47','Mozilla/5.0 (Windows NT 10.0; Win64; x64) AppleWebKit/537.36 (KHTML, like Gecko) Chrome/141.0.0.0 Safari/537.36','::1','bfe9b89f8a0a44dc36da0139e25998867f5b6c22c9308586e917fca27991c8c0'),(104,3,74,'eyJhbGciOiJIUzI1NiIsInR5cCI6IkpXVCJ9.eyJ1c2VySWQiOjMsInNlc3Npb25JZCI6NzQsInR5cGUiOiJyZWZyZXNoIiwiaWF0IjoxNzYxNjE1NjA3LCJleHAiOjE3NjQyMDc2MDcsImlzcyI6InNhaWxvLWFwcCJ9.Qz9j7g2zMCYKIFDh0HGYVtNokdCAllwIVHV4v1mmpjc','2025-11-27 09:40:07','2025-10-28 09:40:07',1,'2025-10-28 11:20:21','Mozilla/5.0 (Windows NT 10.0; Win64; x64) AppleWebKit/537.36 (KHTML, like Gecko) Chrome/141.0.0.0 Safari/537.36','::1','bfe9b89f8a0a44dc36da0139e25998867f5b6c22c9308586e917fca27991c8c0'),(105,3,75,'eyJhbGciOiJIUzI1NiIsInR5cCI6IkpXVCJ9.eyJ1c2VySWQiOjMsInNlc3Npb25JZCI6NzUsInR5cGUiOiJyZWZyZXNoIiwiaWF0IjoxNzYxNjIxNjI3LCJleHAiOjE3NjQyMTM2MjcsImlzcyI6InNhaWxvLWFwcCJ9.yYx2X5LuYVs60kD1c4767kckryh--aiIrMEcpt2s1nw','2025-11-27 11:20:27','2025-10-28 11:20:27',1,'2025-10-28 11:20:46','Mozilla/5.0 (Windows NT 10.0; Win64; x64) AppleWebKit/537.36 (KHTML, like Gecko) Chrome/141.0.0.0 Safari/537.36','::1','bfe9b89f8a0a44dc36da0139e25998867f5b6c22c9308586e917fca27991c8c0'),(106,3,75,'eyJhbGciOiJIUzI1NiIsInR5cCI6IkpXVCJ9.eyJ1c2VySWQiOjMsInNlc3Npb25JZCI6NzUsInR5cGUiOiJyZWZyZXNoIiwiaWF0IjoxNzYxNjIxNjQ2LCJleHAiOjE3NjQyMTM2NDYsImlzcyI6InNhaWxvLWFwcCJ9.tXx0Ff835xn0vxanLtex_sIwGHvl_GCFFhfAt84Ayxg','2025-11-27 11:20:46','2025-10-28 11:20:46',1,'2025-10-28 14:25:54','Mozilla/5.0 (Windows NT 10.0; Win64; x64) AppleWebKit/537.36 (KHTML, like Gecko) Chrome/141.0.0.0 Safari/537.36','::1','bfe9b89f8a0a44dc36da0139e25998867f5b6c22c9308586e917fca27991c8c0'),(107,3,76,'eyJhbGciOiJIUzI1NiIsInR5cCI6IkpXVCJ9.eyJ1c2VySWQiOjMsInNlc3Npb25JZCI6NzYsInR5cGUiOiJyZWZyZXNoIiwiaWF0IjoxNzYxNjMyNzYxLCJleHAiOjE3NjQyMjQ3NjEsImlzcyI6InNhaWxvLWFwcCJ9.8nxAb_Ofa3ObidliwFiAvrhg_SB7cVcyUt5CuYeKgQM','2025-11-27 14:26:02','2025-10-28 14:26:01',1,'2025-10-28 14:40:46','Mozilla/5.0 (Windows NT 10.0; Win64; x64) AppleWebKit/537.36 (KHTML, like Gecko) Chrome/141.0.0.0 Safari/537.36','::1','bfe9b89f8a0a44dc36da0139e25998867f5b6c22c9308586e917fca27991c8c0'),(108,3,76,'eyJhbGciOiJIUzI1NiIsInR5cCI6IkpXVCJ9.eyJ1c2VySWQiOjMsInNlc3Npb25JZCI6NzYsInR5cGUiOiJyZWZyZXNoIiwiaWF0IjoxNzYxNjMzNjQ2LCJleHAiOjE3NjQyMjU2NDYsImlzcyI6InNhaWxvLWFwcCJ9.OWtiyvuuXfg6m9dDb_WAZyEViYkpElYjKjUKkFy2-eU','2025-11-27 14:40:46','2025-10-28 14:40:46',1,'2025-10-28 14:47:08','Mozilla/5.0 (Windows NT 10.0; Win64; x64) AppleWebKit/537.36 (KHTML, like Gecko) Chrome/141.0.0.0 Safari/537.36','::1','bfe9b89f8a0a44dc36da0139e25998867f5b6c22c9308586e917fca27991c8c0'),(109,3,76,'eyJhbGciOiJIUzI1NiIsInR5cCI6IkpXVCJ9.eyJ1c2VySWQiOjMsInNlc3Npb25JZCI6NzYsInR5cGUiOiJyZWZyZXNoIiwiaWF0IjoxNzYxNjM0MDI4LCJleHAiOjE3NjQyMjYwMjgsImlzcyI6InNhaWxvLWFwcCJ9.g0DkVj1VGu4HZlhPU9PP85aeAsUU5oTvjZjGxy_9sUY','2025-11-27 14:47:08','2025-10-28 14:47:08',1,'2025-10-28 14:50:46','Mozilla/5.0 (Windows NT 10.0; Win64; x64) AppleWebKit/537.36 (KHTML, like Gecko) Chrome/141.0.0.0 Safari/537.36','::1','bfe9b89f8a0a44dc36da0139e25998867f5b6c22c9308586e917fca27991c8c0'),(110,3,76,'eyJhbGciOiJIUzI1NiIsInR5cCI6IkpXVCJ9.eyJ1c2VySWQiOjMsInNlc3Npb25JZCI6NzYsInR5cGUiOiJyZWZyZXNoIiwiaWF0IjoxNzYxNjM0MjQ2LCJleHAiOjE3NjQyMjYyNDYsImlzcyI6InNhaWxvLWFwcCJ9.OYsBZFLum-F7D-oVFRK_7jJHq0xI7GTnTnUic_vNotw','2025-11-27 14:50:46','2025-10-28 14:50:46',1,'2025-10-28 14:57:08','Mozilla/5.0 (Windows NT 10.0; Win64; x64) AppleWebKit/537.36 (KHTML, like Gecko) Chrome/141.0.0.0 Safari/537.36','::1','bfe9b89f8a0a44dc36da0139e25998867f5b6c22c9308586e917fca27991c8c0'),(111,3,76,'eyJhbGciOiJIUzI1NiIsInR5cCI6IkpXVCJ9.eyJ1c2VySWQiOjMsInNlc3Npb25JZCI6NzYsInR5cGUiOiJyZWZyZXNoIiwiaWF0IjoxNzYxNjM0NjI4LCJleHAiOjE3NjQyMjY2MjgsImlzcyI6InNhaWxvLWFwcCJ9.9CZIYgGpVbNh35kEkgoCWyuDP_uFNMZNExUJqVT7g4E','2025-11-27 14:57:08','2025-10-28 14:57:08',1,'2025-10-28 14:59:11','Mozilla/5.0 (Windows NT 10.0; Win64; x64) AppleWebKit/537.36 (KHTML, like Gecko) Chrome/141.0.0.0 Safari/537.36','::1','bfe9b89f8a0a44dc36da0139e25998867f5b6c22c9308586e917fca27991c8c0'),(112,3,77,'eyJhbGciOiJIUzI1NiIsInR5cCI6IkpXVCJ9.eyJ1c2VySWQiOjMsInNlc3Npb25JZCI6NzcsInR5cGUiOiJyZWZyZXNoIiwiaWF0IjoxNzYxNjM0ODA0LCJleHAiOjE3NjQyMjY4MDQsImlzcyI6InNhaWxvLWFwcCJ9.rMbamepoFlbB1oQXwhdnmOr0-hTDHOjiQ6e0dvksaAY','2025-11-27 15:00:04','2025-10-28 15:00:01',1,'2025-10-28 15:00:43','Mozilla/5.0 (Windows NT 10.0; Win64; x64) AppleWebKit/537.36 (KHTML, like Gecko) Chrome/141.0.0.0 Safari/537.36','::1','bfe9b89f8a0a44dc36da0139e25998867f5b6c22c9308586e917fca27991c8c0'),(113,3,77,'eyJhbGciOiJIUzI1NiIsInR5cCI6IkpXVCJ9.eyJ1c2VySWQiOjMsInNlc3Npb25JZCI6NzcsInR5cGUiOiJyZWZyZXNoIiwiaWF0IjoxNzYxNjM0ODQzLCJleHAiOjE3NjQyMjY4NDMsImlzcyI6InNhaWxvLWFwcCJ9.JHMRN_hqoq2YVDGrymCZNOd0rWFlrbUBNUzHCLs3fSE','2025-11-27 15:00:44','2025-10-28 15:00:43',1,'2025-10-28 15:07:05','Mozilla/5.0 (Windows NT 10.0; Win64; x64) AppleWebKit/537.36 (KHTML, like Gecko) Chrome/141.0.0.0 Safari/537.36','::1','bfe9b89f8a0a44dc36da0139e25998867f5b6c22c9308586e917fca27991c8c0'),(114,3,77,'eyJhbGciOiJIUzI1NiIsInR5cCI6IkpXVCJ9.eyJ1c2VySWQiOjMsInNlc3Npb25JZCI6NzcsInR5cGUiOiJyZWZyZXNoIiwiaWF0IjoxNzYxNjM1MjI1LCJleHAiOjE3NjQyMjcyMjUsImlzcyI6InNhaWxvLWFwcCJ9.WIksSMPYnZ-srDke5L4INrgeuVHeklvNtrjj_lUSFGA','2025-11-27 15:07:06','2025-10-28 15:07:05',1,'2025-10-28 15:10:01','Mozilla/5.0 (Windows NT 10.0; Win64; x64) AppleWebKit/537.36 (KHTML, like Gecko) Chrome/141.0.0.0 Safari/537.36','::1','bfe9b89f8a0a44dc36da0139e25998867f5b6c22c9308586e917fca27991c8c0'),(115,3,77,'eyJhbGciOiJIUzI1NiIsInR5cCI6IkpXVCJ9.eyJ1c2VySWQiOjMsInNlc3Npb25JZCI6NzcsInR5cGUiOiJyZWZyZXNoIiwiaWF0IjoxNzYxNjM1NDAxLCJleHAiOjE3NjQyMjc0MDEsImlzcyI6InNhaWxvLWFwcCJ9.L4EJ1GN00Pz3O1wlKik-OMpEfEHgx_G6gVDc-kxEHY4','2025-11-27 15:10:02','2025-10-28 15:10:01',1,'2025-10-28 15:10:43','Mozilla/5.0 (Windows NT 10.0; Win64; x64) AppleWebKit/537.36 (KHTML, like Gecko) Chrome/141.0.0.0 Safari/537.36','::1','bfe9b89f8a0a44dc36da0139e25998867f5b6c22c9308586e917fca27991c8c0'),(116,3,77,'eyJhbGciOiJIUzI1NiIsInR5cCI6IkpXVCJ9.eyJ1c2VySWQiOjMsInNlc3Npb25JZCI6NzcsInR5cGUiOiJyZWZyZXNoIiwiaWF0IjoxNzYxNjM1NDQzLCJleHAiOjE3NjQyMjc0NDMsImlzcyI6InNhaWxvLWFwcCJ9.OUI6q4NLrRTWQFlG_7xYDkc3D4PFVzGySLijuCdXLm0','2025-11-27 15:10:44','2025-10-28 15:10:43',1,'2025-10-28 15:17:05','Mozilla/5.0 (Windows NT 10.0; Win64; x64) AppleWebKit/537.36 (KHTML, like Gecko) Chrome/141.0.0.0 Safari/537.36','::1','bfe9b89f8a0a44dc36da0139e25998867f5b6c22c9308586e917fca27991c8c0'),(117,3,77,'eyJhbGciOiJIUzI1NiIsInR5cCI6IkpXVCJ9.eyJ1c2VySWQiOjMsInNlc3Npb25JZCI6NzcsInR5cGUiOiJyZWZyZXNoIiwiaWF0IjoxNzYxNjM1ODI1LCJleHAiOjE3NjQyMjc4MjUsImlzcyI6InNhaWxvLWFwcCJ9.njjmgy0Zg3ZEwqaSmI_uhRavUCdBtYnl7BQJHUxYrmQ','2025-11-27 15:17:06','2025-10-28 15:17:05',1,'2025-10-28 15:20:43','Mozilla/5.0 (Windows NT 10.0; Win64; x64) AppleWebKit/537.36 (KHTML, like Gecko) Chrome/141.0.0.0 Safari/537.36','::1','bfe9b89f8a0a44dc36da0139e25998867f5b6c22c9308586e917fca27991c8c0'),(118,3,77,'eyJhbGciOiJIUzI1NiIsInR5cCI6IkpXVCJ9.eyJ1c2VySWQiOjMsInNlc3Npb25JZCI6NzcsInR5cGUiOiJyZWZyZXNoIiwiaWF0IjoxNzYxNjM2MDQzLCJleHAiOjE3NjQyMjgwNDMsImlzcyI6InNhaWxvLWFwcCJ9.ZXCuWnHWi49VSxyTWaKefEt4NG-yLwzAywQ4BcQnLhI','2025-11-27 15:20:44','2025-10-28 15:20:43',1,'2025-10-28 15:25:15','Mozilla/5.0 (Windows NT 10.0; Win64; x64) AppleWebKit/537.36 (KHTML, like Gecko) Chrome/141.0.0.0 Safari/537.36','::1','bfe9b89f8a0a44dc36da0139e25998867f5b6c22c9308586e917fca27991c8c0'),(119,3,78,'eyJhbGciOiJIUzI1NiIsInR5cCI6IkpXVCJ9.eyJ1c2VySWQiOjMsInNlc3Npb25JZCI6NzgsInR5cGUiOiJyZWZyZXNoIiwiaWF0IjoxNzYxNjM2MzIxLCJleHAiOjE3NjQyMjgzMjEsImlzcyI6InNhaWxvLWFwcCJ9.UIdE3PjowinW_Uc-Vgq_Y5QPXwutTSLDf6mDNRcvV8k','2025-11-27 15:25:22','2025-10-28 15:25:21',1,'2025-10-28 15:25:27','Mozilla/5.0 (Windows NT 10.0; Win64; x64) AppleWebKit/537.36 (KHTML, like Gecko) Chrome/141.0.0.0 Safari/537.36','::1','bfe9b89f8a0a44dc36da0139e25998867f5b6c22c9308586e917fca27991c8c0'),(120,4,79,'eyJhbGciOiJIUzI1NiIsInR5cCI6IkpXVCJ9.eyJ1c2VySWQiOjQsInNlc3Npb25JZCI6NzksInR5cGUiOiJyZWZyZXNoIiwiaWF0IjoxNzYxNjM2MzM2LCJleHAiOjE3NjQyMjgzMzYsImlzcyI6InNhaWxvLWFwcCJ9.GQbbmuFpWrMmApxj4BElCWat9iVo40hYy_SAF-9ntqQ','2025-11-27 15:25:37','2025-10-28 15:25:36',1,'2025-10-28 15:25:42',NULL,NULL,'3601070f076aea470f02a155da573a202a8d5847e0173e6924f379a62ffe7023'),(121,3,80,'eyJhbGciOiJIUzI1NiIsInR5cCI6IkpXVCJ9.eyJ1c2VySWQiOjMsInNlc3Npb25JZCI6ODAsInR5cGUiOiJyZWZyZXNoIiwiaWF0IjoxNzYxNjM2MzUxLCJleHAiOjE3NjQyMjgzNTEsImlzcyI6InNhaWxvLWFwcCJ9.gD6N0jjm9jGNGX47W2gyATIU6GRT_l6VbQLCRIcLgms','2025-11-27 15:25:52','2025-10-28 15:25:51',1,'2025-10-28 15:27:05','Mozilla/5.0 (Windows NT 10.0; Win64; x64) AppleWebKit/537.36 (KHTML, like Gecko) Chrome/141.0.0.0 Safari/537.36','::1','bfe9b89f8a0a44dc36da0139e25998867f5b6c22c9308586e917fca27991c8c0'),(122,3,80,'eyJhbGciOiJIUzI1NiIsInR5cCI6IkpXVCJ9.eyJ1c2VySWQiOjMsInNlc3Npb25JZCI6ODAsInR5cGUiOiJyZWZyZXNoIiwiaWF0IjoxNzYxNjM2NDI1LCJleHAiOjE3NjQyMjg0MjUsImlzcyI6InNhaWxvLWFwcCJ9.BM-yYTAuuml9zal-Vq0cH4Jl1DypWkYNfFlOu9IXR7M','2025-11-27 15:27:06','2025-10-28 15:27:05',1,'2025-10-28 15:30:43','Mozilla/5.0 (Windows NT 10.0; Win64; x64) AppleWebKit/537.36 (KHTML, like Gecko) Chrome/141.0.0.0 Safari/537.36','::1','bfe9b89f8a0a44dc36da0139e25998867f5b6c22c9308586e917fca27991c8c0'),(123,3,80,'eyJhbGciOiJIUzI1NiIsInR5cCI6IkpXVCJ9.eyJ1c2VySWQiOjMsInNlc3Npb25JZCI6ODAsInR5cGUiOiJyZWZyZXNoIiwiaWF0IjoxNzYxNjM2NjQzLCJleHAiOjE3NjQyMjg2NDMsImlzcyI6InNhaWxvLWFwcCJ9.iGildvDqqC8On4K1i4kg8kF0_P4S74p7fcY5OKaSflk','2025-11-27 15:30:44','2025-10-28 15:30:43',1,'2025-10-28 15:35:52','Mozilla/5.0 (Windows NT 10.0; Win64; x64) AppleWebKit/537.36 (KHTML, like Gecko) Chrome/141.0.0.0 Safari/537.36','::1','bfe9b89f8a0a44dc36da0139e25998867f5b6c22c9308586e917fca27991c8c0'),(124,3,80,'eyJhbGciOiJIUzI1NiIsInR5cCI6IkpXVCJ9.eyJ1c2VySWQiOjMsInNlc3Npb25JZCI6ODAsInR5cGUiOiJyZWZyZXNoIiwiaWF0IjoxNzYxNjM2OTUyLCJleHAiOjE3NjQyMjg5NTIsImlzcyI6InNhaWxvLWFwcCJ9.a9mh3TI9gSpljU6tIx0_6X5USvjbD_8WQ1RS8eJcD-k','2025-11-27 15:35:53','2025-10-28 15:35:52',1,'2025-10-28 15:37:05','Mozilla/5.0 (Windows NT 10.0; Win64; x64) AppleWebKit/537.36 (KHTML, like Gecko) Chrome/141.0.0.0 Safari/537.36','::1','bfe9b89f8a0a44dc36da0139e25998867f5b6c22c9308586e917fca27991c8c0'),(125,3,80,'eyJhbGciOiJIUzI1NiIsInR5cCI6IkpXVCJ9.eyJ1c2VySWQiOjMsInNlc3Npb25JZCI6ODAsInR5cGUiOiJyZWZyZXNoIiwiaWF0IjoxNzYxNjM3MDI1LCJleHAiOjE3NjQyMjkwMjUsImlzcyI6InNhaWxvLWFwcCJ9.157A-WOw8DAjW7Vsa1KBuopx1lLYEN-xsoQCNsK35Ng','2025-11-27 15:37:06','2025-10-28 15:37:05',1,'2025-10-28 15:38:06','Mozilla/5.0 (Windows NT 10.0; Win64; x64) AppleWebKit/537.36 (KHTML, like Gecko) Chrome/141.0.0.0 Safari/537.36','::1','bfe9b89f8a0a44dc36da0139e25998867f5b6c22c9308586e917fca27991c8c0'),(126,3,81,'eyJhbGciOiJIUzI1NiIsInR5cCI6IkpXVCJ9.eyJ1c2VySWQiOjMsInNlc3Npb25JZCI6ODEsInR5cGUiOiJyZWZyZXNoIiwiaWF0IjoxNzYxNjM3MDkzLCJleHAiOjE3NjQyMjkwOTMsImlzcyI6InNhaWxvLWFwcCJ9.59eQNBEJXfFCVl9UXNv_kK2yOlzC3I5m48BbJ-1xEpA','2025-11-27 15:38:13','2025-10-28 15:38:13',1,'2025-10-28 15:40:43','Mozilla/5.0 (Windows NT 10.0; Win64; x64) AppleWebKit/537.36 (KHTML, like Gecko) Chrome/141.0.0.0 Safari/537.36','::1','bfe9b89f8a0a44dc36da0139e25998867f5b6c22c9308586e917fca27991c8c0'),(127,3,81,'eyJhbGciOiJIUzI1NiIsInR5cCI6IkpXVCJ9.eyJ1c2VySWQiOjMsInNlc3Npb25JZCI6ODEsInR5cGUiOiJyZWZyZXNoIiwiaWF0IjoxNzYxNjM3MjQzLCJleHAiOjE3NjQyMjkyNDMsImlzcyI6InNhaWxvLWFwcCJ9._KpD-DUBrpOzQtkJk9q2zUySv6qgptzRNX-7RMtU5X8','2025-11-27 15:40:44','2025-10-28 15:40:43',1,'2025-10-28 15:47:05','Mozilla/5.0 (Windows NT 10.0; Win64; x64) AppleWebKit/537.36 (KHTML, like Gecko) Chrome/141.0.0.0 Safari/537.36','::1','bfe9b89f8a0a44dc36da0139e25998867f5b6c22c9308586e917fca27991c8c0'),(128,3,81,'eyJhbGciOiJIUzI1NiIsInR5cCI6IkpXVCJ9.eyJ1c2VySWQiOjMsInNlc3Npb25JZCI6ODEsInR5cGUiOiJyZWZyZXNoIiwiaWF0IjoxNzYxNjM3NjI1LCJleHAiOjE3NjQyMjk2MjUsImlzcyI6InNhaWxvLWFwcCJ9.pbMkfXRoW6iUNMxYdUElSRwxKyExw61pD_et6iivXLo','2025-11-27 15:47:06','2025-10-28 15:47:05',1,'2025-10-28 15:50:43','Mozilla/5.0 (Windows NT 10.0; Win64; x64) AppleWebKit/537.36 (KHTML, like Gecko) Chrome/141.0.0.0 Safari/537.36','::1','bfe9b89f8a0a44dc36da0139e25998867f5b6c22c9308586e917fca27991c8c0'),(129,3,81,'eyJhbGciOiJIUzI1NiIsInR5cCI6IkpXVCJ9.eyJ1c2VySWQiOjMsInNlc3Npb25JZCI6ODEsInR5cGUiOiJyZWZyZXNoIiwiaWF0IjoxNzYxNjM3ODQzLCJleHAiOjE3NjQyMjk4NDMsImlzcyI6InNhaWxvLWFwcCJ9.O1hWIw4YcG8OnCcPhkEXGqQauERqahA3kJ_CLiYsq8Y','2025-11-27 15:50:44','2025-10-28 15:50:43',1,'2025-10-28 15:57:05','Mozilla/5.0 (Windows NT 10.0; Win64; x64) AppleWebKit/537.36 (KHTML, like Gecko) Chrome/141.0.0.0 Safari/537.36','::1','bfe9b89f8a0a44dc36da0139e25998867f5b6c22c9308586e917fca27991c8c0'),(130,3,81,'eyJhbGciOiJIUzI1NiIsInR5cCI6IkpXVCJ9.eyJ1c2VySWQiOjMsInNlc3Npb25JZCI6ODEsInR5cGUiOiJyZWZyZXNoIiwiaWF0IjoxNzYxNjM4MjI1LCJleHAiOjE3NjQyMzAyMjUsImlzcyI6InNhaWxvLWFwcCJ9.UC2zj2cvKtBoDW-jNkiiU60nFoCFxc7Dnof_RTds4Gw','2025-11-27 15:57:06','2025-10-28 15:57:05',1,'2025-10-28 16:00:43','Mozilla/5.0 (Windows NT 10.0; Win64; x64) AppleWebKit/537.36 (KHTML, like Gecko) Chrome/141.0.0.0 Safari/537.36','::1','bfe9b89f8a0a44dc36da0139e25998867f5b6c22c9308586e917fca27991c8c0'),(131,3,81,'eyJhbGciOiJIUzI1NiIsInR5cCI6IkpXVCJ9.eyJ1c2VySWQiOjMsInNlc3Npb25JZCI6ODEsInR5cGUiOiJyZWZyZXNoIiwiaWF0IjoxNzYxNjM4NDQzLCJleHAiOjE3NjQyMzA0NDMsImlzcyI6InNhaWxvLWFwcCJ9.b07PO7Q6t9Fw9l_qw7lz39nzPewa7v1oX0Hh2TbdFyI','2025-11-27 16:00:44','2025-10-28 16:00:43',1,'2025-10-28 16:07:05','Mozilla/5.0 (Windows NT 10.0; Win64; x64) AppleWebKit/537.36 (KHTML, like Gecko) Chrome/141.0.0.0 Safari/537.36','::1','bfe9b89f8a0a44dc36da0139e25998867f5b6c22c9308586e917fca27991c8c0'),(132,3,81,'eyJhbGciOiJIUzI1NiIsInR5cCI6IkpXVCJ9.eyJ1c2VySWQiOjMsInNlc3Npb25JZCI6ODEsInR5cGUiOiJyZWZyZXNoIiwiaWF0IjoxNzYxNjM4ODI1LCJleHAiOjE3NjQyMzA4MjUsImlzcyI6InNhaWxvLWFwcCJ9.B8HZgyZ1goLIk-xpnpBQ7-tJw-Nwp9Z5UfsrKlusrPM','2025-11-27 16:07:06','2025-10-28 16:07:05',1,'2025-10-28 16:10:43','Mozilla/5.0 (Windows NT 10.0; Win64; x64) AppleWebKit/537.36 (KHTML, like Gecko) Chrome/141.0.0.0 Safari/537.36','::1','bfe9b89f8a0a44dc36da0139e25998867f5b6c22c9308586e917fca27991c8c0'),(133,3,81,'eyJhbGciOiJIUzI1NiIsInR5cCI6IkpXVCJ9.eyJ1c2VySWQiOjMsInNlc3Npb25JZCI6ODEsInR5cGUiOiJyZWZyZXNoIiwiaWF0IjoxNzYxNjM5MDQzLCJleHAiOjE3NjQyMzEwNDMsImlzcyI6InNhaWxvLWFwcCJ9.7C9OYSXuf1nqP6CUHQV2YJYFChN0Ixiem5cPf1oYL5w','2025-11-27 16:10:44','2025-10-28 16:10:43',1,'2025-10-28 16:17:05','Mozilla/5.0 (Windows NT 10.0; Win64; x64) AppleWebKit/537.36 (KHTML, like Gecko) Chrome/141.0.0.0 Safari/537.36','::1','bfe9b89f8a0a44dc36da0139e25998867f5b6c22c9308586e917fca27991c8c0'),(134,3,81,'eyJhbGciOiJIUzI1NiIsInR5cCI6IkpXVCJ9.eyJ1c2VySWQiOjMsInNlc3Npb25JZCI6ODEsInR5cGUiOiJyZWZyZXNoIiwiaWF0IjoxNzYxNjM5NDI1LCJleHAiOjE3NjQyMzE0MjUsImlzcyI6InNhaWxvLWFwcCJ9.G23ai20JZdGdKXNa6bOOKkgvn_wdS_xhdGVpbv8V0NY','2025-11-27 16:17:06','2025-10-28 16:17:05',1,'2025-10-28 16:20:43','Mozilla/5.0 (Windows NT 10.0; Win64; x64) AppleWebKit/537.36 (KHTML, like Gecko) Chrome/141.0.0.0 Safari/537.36','::1','bfe9b89f8a0a44dc36da0139e25998867f5b6c22c9308586e917fca27991c8c0'),(135,3,81,'eyJhbGciOiJIUzI1NiIsInR5cCI6IkpXVCJ9.eyJ1c2VySWQiOjMsInNlc3Npb25JZCI6ODEsInR5cGUiOiJyZWZyZXNoIiwiaWF0IjoxNzYxNjM5NjQzLCJleHAiOjE3NjQyMzE2NDMsImlzcyI6InNhaWxvLWFwcCJ9.-RVTPI9nCcITetmaPXuYxNXS4FXl7aF4m3iJM4KlpFU','2025-11-27 16:20:44','2025-10-28 16:20:43',1,'2025-10-28 16:27:05','Mozilla/5.0 (Windows NT 10.0; Win64; x64) AppleWebKit/537.36 (KHTML, like Gecko) Chrome/141.0.0.0 Safari/537.36','::1','bfe9b89f8a0a44dc36da0139e25998867f5b6c22c9308586e917fca27991c8c0'),(136,3,81,'eyJhbGciOiJIUzI1NiIsInR5cCI6IkpXVCJ9.eyJ1c2VySWQiOjMsInNlc3Npb25JZCI6ODEsInR5cGUiOiJyZWZyZXNoIiwiaWF0IjoxNzYxNjQwMDI1LCJleHAiOjE3NjQyMzIwMjUsImlzcyI6InNhaWxvLWFwcCJ9.bmiTkFNR5U7i1eH1-QtR35WMowg5INBk8xFZ2FnxVHI','2025-11-27 16:27:06','2025-10-28 16:27:05',1,'2025-10-28 16:30:43','Mozilla/5.0 (Windows NT 10.0; Win64; x64) AppleWebKit/537.36 (KHTML, like Gecko) Chrome/141.0.0.0 Safari/537.36','::1','bfe9b89f8a0a44dc36da0139e25998867f5b6c22c9308586e917fca27991c8c0'),(137,3,81,'eyJhbGciOiJIUzI1NiIsInR5cCI6IkpXVCJ9.eyJ1c2VySWQiOjMsInNlc3Npb25JZCI6ODEsInR5cGUiOiJyZWZyZXNoIiwiaWF0IjoxNzYxNjQwMjQzLCJleHAiOjE3NjQyMzIyNDMsImlzcyI6InNhaWxvLWFwcCJ9.1RSJLbFBme-S8xcpc_PcIdJeXlyR10C0u4AL6JQVSPg','2025-11-27 16:30:44','2025-10-28 16:30:43',1,'2025-10-28 16:35:45','Mozilla/5.0 (Windows NT 10.0; Win64; x64) AppleWebKit/537.36 (KHTML, like Gecko) Chrome/141.0.0.0 Safari/537.36','::1','bfe9b89f8a0a44dc36da0139e25998867f5b6c22c9308586e917fca27991c8c0'),(139,4,83,'eyJhbGciOiJIUzI1NiIsInR5cCI6IkpXVCJ9.eyJ1c2VySWQiOjQsInNlc3Npb25JZCI6ODMsInR5cGUiOiJyZWZyZXNoIiwiaWF0IjoxNzYxNzkwMzMzLCJleHAiOjE3NjQzODIzMzMsImlzcyI6InNhaWxvLWFwcCJ9.Qqz39eVPIzXypKOR1XYQkVm3nkeilKHHeIcOJP1bHTY','2025-11-29 10:12:14','2025-10-30 10:12:13',1,'2025-10-30 10:12:38',NULL,NULL,'3601070f076aea470f02a155da573a202a8d5847e0173e6924f379a62ffe7023'),(143,3,87,'eyJhbGciOiJIUzI1NiIsInR5cCI6IkpXVCJ9.eyJ1c2VySWQiOjMsInNlc3Npb25JZCI6ODcsInR5cGUiOiJyZWZyZXNoIiwiaWF0IjoxNzYxNzkwNjkwLCJleHAiOjE3NjQzODI2OTAsImlzcyI6InNhaWxvLWFwcCJ9.qAJEjMY7jYSXrMzlSN4mXCjanoGCTSbxk8GuhNyGHyQ','2025-11-29 10:18:11','2025-10-30 10:18:10',0,NULL,'Mozilla/5.0 (Windows NT 10.0; Win64; x64) AppleWebKit/537.36 (KHTML, like Gecko) Chrome/141.0.0.0 Safari/537.36','::1','bfe9b89f8a0a44dc36da0139e25998867f5b6c22c9308586e917fca27991c8c0'),(144,3,88,'eyJhbGciOiJIUzI1NiIsInR5cCI6IkpXVCJ9.eyJ1c2VySWQiOjMsInNlc3Npb25JZCI6ODgsInR5cGUiOiJyZWZyZXNoIiwiaWF0IjoxNzYxNzkwNzAyLCJleHAiOjE3NjQzODI3MDIsImlzcyI6InNhaWxvLWFwcCJ9.7KI1MrFzi5V4tqBphWyFepQMDZhC7LkM_voQWM7cYfI','2025-11-29 10:18:22','2025-10-30 10:18:22',1,'2025-10-30 10:28:11','Mozilla/5.0 (Windows NT 10.0; Win64; x64) AppleWebKit/537.36 (KHTML, like Gecko) Chrome/141.0.0.0 Safari/537.36','::1','bfe9b89f8a0a44dc36da0139e25998867f5b6c22c9308586e917fca27991c8c0'),(145,3,88,'eyJhbGciOiJIUzI1NiIsInR5cCI6IkpXVCJ9.eyJ1c2VySWQiOjMsInNlc3Npb25JZCI6ODgsInR5cGUiOiJyZWZyZXNoIiwiaWF0IjoxNzYxNzkxMjkxLCJleHAiOjE3NjQzODMyOTEsImlzcyI6InNhaWxvLWFwcCJ9.VxUBUo75uikqohDPYkKZEm2vCxwKDnFzYoVRHYbPEDw','2025-11-29 10:28:11','2025-10-30 10:28:11',1,'2025-10-30 10:28:32','Mozilla/5.0 (Windows NT 10.0; Win64; x64) AppleWebKit/537.36 (KHTML, like Gecko) Chrome/141.0.0.0 Safari/537.36','::1','bfe9b89f8a0a44dc36da0139e25998867f5b6c22c9308586e917fca27991c8c0'),(146,3,89,'eyJhbGciOiJIUzI1NiIsInR5cCI6IkpXVCJ9.eyJ1c2VySWQiOjMsInNlc3Npb25JZCI6ODksInR5cGUiOiJyZWZyZXNoIiwiaWF0IjoxNzYxNzkxMzIyLCJleHAiOjE3NjQzODMzMjIsImlzcyI6InNhaWxvLWFwcCJ9.vKzX9dmcjYpbb2t9Cg3XdZKt1BNSO9C_oBX-byqS0YE','2025-11-29 10:28:42','2025-10-30 10:28:42',1,'2025-10-30 10:38:11','Mozilla/5.0 (Windows NT 10.0; Win64; x64) AppleWebKit/537.36 (KHTML, like Gecko) Chrome/141.0.0.0 Safari/537.36','::1','bfe9b89f8a0a44dc36da0139e25998867f5b6c22c9308586e917fca27991c8c0'),(147,3,89,'eyJhbGciOiJIUzI1NiIsInR5cCI6IkpXVCJ9.eyJ1c2VySWQiOjMsInNlc3Npb25JZCI6ODksInR5cGUiOiJyZWZyZXNoIiwiaWF0IjoxNzYxNzkxODkxLCJleHAiOjE3NjQzODM4OTEsImlzcyI6InNhaWxvLWFwcCJ9.edmhrz9nDbYnQwVLf2UvYNtomucZWg3DTvqZmrQ8rFg','2025-11-29 10:38:11','2025-10-30 10:38:11',1,'2025-10-30 13:53:51','Mozilla/5.0 (Windows NT 10.0; Win64; x64) AppleWebKit/537.36 (KHTML, like Gecko) Chrome/141.0.0.0 Safari/537.36','::1','bfe9b89f8a0a44dc36da0139e25998867f5b6c22c9308586e917fca27991c8c0'),(148,3,89,'eyJhbGciOiJIUzI1NiIsInR5cCI6IkpXVCJ9.eyJ1c2VySWQiOjMsInNlc3Npb25JZCI6ODksInR5cGUiOiJyZWZyZXNoIiwiaWF0IjoxNzYxODAzNjMxLCJleHAiOjE3NjQzOTU2MzEsImlzcyI6InNhaWxvLWFwcCJ9.TTLcTUQMsBE-rZNodvRljTeQxyyPQS6aB8JW4GENGSw','2025-11-29 13:53:52','2025-10-30 13:53:51',1,'2025-10-30 13:56:01','Mozilla/5.0 (Windows NT 10.0; Win64; x64) AppleWebKit/537.36 (KHTML, like Gecko) Chrome/141.0.0.0 Safari/537.36','::1','bfe9b89f8a0a44dc36da0139e25998867f5b6c22c9308586e917fca27991c8c0'),(149,3,90,'eyJhbGciOiJIUzI1NiIsInR5cCI6IkpXVCJ9.eyJ1c2VySWQiOjMsInNlc3Npb25JZCI6OTAsInR5cGUiOiJyZWZyZXNoIiwiaWF0IjoxNzYxODAzNzcwLCJleHAiOjE3NjQzOTU3NzAsImlzcyI6InNhaWxvLWFwcCJ9.WbRESyunjFQWC5EODDWqAf-zb4HmRXXr6nvopA_36DQ','2025-11-29 13:56:10','2025-10-30 13:56:10',1,'2025-10-30 13:58:55','Mozilla/5.0 (Windows NT 10.0; Win64; x64) AppleWebKit/537.36 (KHTML, like Gecko) Chrome/141.0.0.0 Safari/537.36','::1','bfe9b89f8a0a44dc36da0139e25998867f5b6c22c9308586e917fca27991c8c0'),(150,3,91,'eyJhbGciOiJIUzI1NiIsInR5cCI6IkpXVCJ9.eyJ1c2VySWQiOjMsInNlc3Npb25JZCI6OTEsInR5cGUiOiJyZWZyZXNoIiwiaWF0IjoxNzYxODAzODI3LCJleHAiOjE3NjQzOTU4MjcsImlzcyI6InNhaWxvLWFwcCJ9.YAUR2AhSrf_zEtHN3rMdMo8mML61dz_Fb4hJ7UurQRc','2025-11-29 13:57:08','2025-10-30 13:57:07',1,'2025-10-30 14:08:11','Mozilla/5.0 (Windows NT 10.0; Win64; x64) AppleWebKit/537.36 (KHTML, like Gecko) Chrome/141.0.0.0 Safari/537.36 Edg/141.0.0.0','::1','462c48a40db41cad2e472c8207ab2a97d20968adc9e984c15424691b5121b091'),(151,3,92,'eyJhbGciOiJIUzI1NiIsInR5cCI6IkpXVCJ9.eyJ1c2VySWQiOjMsInNlc3Npb25JZCI6OTIsInR5cGUiOiJyZWZyZXNoIiwiaWF0IjoxNzYxODAzOTQwLCJleHAiOjE3NjQzOTU5NDAsImlzcyI6InNhaWxvLWFwcCJ9.PXcukkMVS-8YI1QFTpbZ5O4rWKgRcyXX9noVeaeT7nY','2025-11-29 13:59:01','2025-10-30 13:59:00',1,'2025-10-30 13:59:06','Mozilla/5.0 (Windows NT 10.0; Win64; x64) AppleWebKit/537.36 (KHTML, like Gecko) Chrome/141.0.0.0 Safari/537.36','::1','bfe9b89f8a0a44dc36da0139e25998867f5b6c22c9308586e917fca27991c8c0'),(153,3,91,'eyJhbGciOiJIUzI1NiIsInR5cCI6IkpXVCJ9.eyJ1c2VySWQiOjMsInNlc3Npb25JZCI6OTEsInR5cGUiOiJyZWZyZXNoIiwiaWF0IjoxNzYxODA0NDkxLCJleHAiOjE3NjQzOTY0OTEsImlzcyI6InNhaWxvLWFwcCJ9.3llDbDYpsoyOzjYtrDo_YLIvpRZJVpwS8fg5La9nzEU','2025-11-29 14:08:12','2025-10-30 14:08:11',1,'2025-10-30 14:18:11','Mozilla/5.0 (Windows NT 10.0; Win64; x64) AppleWebKit/537.36 (KHTML, like Gecko) Chrome/141.0.0.0 Safari/537.36 Edg/141.0.0.0','::1','462c48a40db41cad2e472c8207ab2a97d20968adc9e984c15424691b5121b091'),(159,3,91,'eyJhbGciOiJIUzI1NiIsInR5cCI6IkpXVCJ9.eyJ1c2VySWQiOjMsInNlc3Npb25JZCI6OTEsInR5cGUiOiJyZWZyZXNoIiwiaWF0IjoxNzYxODA1MDkxLCJleHAiOjE3NjQzOTcwOTEsImlzcyI6InNhaWxvLWFwcCJ9.nXyZ3t2PKi9_aEqQ9Y7D4mUnwkOsJZe1i_OoBZ_N2Ro','2025-11-29 14:18:12','2025-10-30 14:18:11',1,'2025-10-30 14:38:11','Mozilla/5.0 (Windows NT 10.0; Win64; x64) AppleWebKit/537.36 (KHTML, like Gecko) Chrome/141.0.0.0 Safari/537.36 Edg/141.0.0.0','::1','462c48a40db41cad2e472c8207ab2a97d20968adc9e984c15424691b5121b091'),(160,3,91,'eyJhbGciOiJIUzI1NiIsInR5cCI6IkpXVCJ9.eyJ1c2VySWQiOjMsInNlc3Npb25JZCI6OTEsInR5cGUiOiJyZWZyZXNoIiwiaWF0IjoxNzYxODA2MjkxLCJleHAiOjE3NjQzOTgyOTEsImlzcyI6InNhaWxvLWFwcCJ9.pQ-icAJ7X5nB-ehMj8wnefJUbYjep-I5rpssgvxNG7s','2025-11-29 14:38:12','2025-10-30 14:38:11',1,'2025-10-30 14:46:17','Mozilla/5.0 (Windows NT 10.0; Win64; x64) AppleWebKit/537.36 (KHTML, like Gecko) Chrome/141.0.0.0 Safari/537.36 Edg/141.0.0.0','::1','462c48a40db41cad2e472c8207ab2a97d20968adc9e984c15424691b5121b091'),(161,3,96,'eyJhbGciOiJIUzI1NiIsInR5cCI6IkpXVCJ9.eyJ1c2VySWQiOjMsInNlc3Npb25JZCI6OTYsInR5cGUiOiJyZWZyZXNoIiwiaWF0IjoxNzYxODA2Nzc5LCJleHAiOjE3NjQzOTg3NzksImlzcyI6InNhaWxvLWFwcCJ9.T1_2yRfRVWLfxzofCODW-jZI4s8svXaqu0IJIkECNAQ','2025-11-29 14:46:20','2025-10-30 14:46:19',1,'2025-10-30 14:56:19','Mozilla/5.0 (Windows NT 10.0; Win64; x64) AppleWebKit/537.36 (KHTML, like Gecko) Chrome/141.0.0.0 Safari/537.36 Edg/141.0.0.0','::1','462c48a40db41cad2e472c8207ab2a97d20968adc9e984c15424691b5121b091'),(162,3,96,'eyJhbGciOiJIUzI1NiIsInR5cCI6IkpXVCJ9.eyJ1c2VySWQiOjMsInNlc3Npb25JZCI6OTYsInR5cGUiOiJyZWZyZXNoIiwiaWF0IjoxNzYxODA3Mzc5LCJleHAiOjE3NjQzOTkzNzksImlzcyI6InNhaWxvLWFwcCJ9.LkNcs3eSjIMjwh2HPPeYla9xLGJA3uG6Q5w1ggmkMtM','2025-11-29 14:56:20','2025-10-30 14:56:19',1,'2025-10-30 15:08:38','Mozilla/5.0 (Windows NT 10.0; Win64; x64) AppleWebKit/537.36 (KHTML, like Gecko) Chrome/141.0.0.0 Safari/537.36 Edg/141.0.0.0','::1','462c48a40db41cad2e472c8207ab2a97d20968adc9e984c15424691b5121b091'),(163,3,96,'eyJhbGciOiJIUzI1NiIsInR5cCI6IkpXVCJ9.eyJ1c2VySWQiOjMsInNlc3Npb25JZCI6OTYsInR5cGUiOiJyZWZyZXNoIiwiaWF0IjoxNzYxODA4MTE4LCJleHAiOjE3NjQ0MDAxMTgsImlzcyI6InNhaWxvLWFwcCJ9.Y9OIXHt_j-USCXxP4UQ0zFv8klbKAmPnDsAYhmbJXQs','2025-11-29 15:08:39','2025-10-30 15:08:38',1,'2025-10-30 15:18:38','Mozilla/5.0 (Windows NT 10.0; Win64; x64) AppleWebKit/537.36 (KHTML, like Gecko) Chrome/141.0.0.0 Safari/537.36 Edg/141.0.0.0','::1','462c48a40db41cad2e472c8207ab2a97d20968adc9e984c15424691b5121b091'),(164,3,96,'eyJhbGciOiJIUzI1NiIsInR5cCI6IkpXVCJ9.eyJ1c2VySWQiOjMsInNlc3Npb25JZCI6OTYsInR5cGUiOiJyZWZyZXNoIiwiaWF0IjoxNzYxODA4NzE4LCJleHAiOjE3NjQ0MDA3MTgsImlzcyI6InNhaWxvLWFwcCJ9.DzzrLkFWpjGlRsY4V-eMIsHoOSf2kuLR8cBmTw82lAQ','2025-11-29 15:18:39','2025-10-30 15:18:38',1,'2025-10-30 15:28:38','Mozilla/5.0 (Windows NT 10.0; Win64; x64) AppleWebKit/537.36 (KHTML, like Gecko) Chrome/141.0.0.0 Safari/537.36 Edg/141.0.0.0','::1','462c48a40db41cad2e472c8207ab2a97d20968adc9e984c15424691b5121b091'),(165,3,96,'eyJhbGciOiJIUzI1NiIsInR5cCI6IkpXVCJ9.eyJ1c2VySWQiOjMsInNlc3Npb25JZCI6OTYsInR5cGUiOiJyZWZyZXNoIiwiaWF0IjoxNzYxODA5MzE4LCJleHAiOjE3NjQ0MDEzMTgsImlzcyI6InNhaWxvLWFwcCJ9.EVeZUP8y_GhlKG2CfX445NGPFogg7Il67ssmZdOheVI','2025-11-29 15:28:39','2025-10-30 15:28:38',1,'2025-10-30 15:38:38','Mozilla/5.0 (Windows NT 10.0; Win64; x64) AppleWebKit/537.36 (KHTML, like Gecko) Chrome/141.0.0.0 Safari/537.36 Edg/141.0.0.0','::1','462c48a40db41cad2e472c8207ab2a97d20968adc9e984c15424691b5121b091'),(168,3,96,'eyJhbGciOiJIUzI1NiIsInR5cCI6IkpXVCJ9.eyJ1c2VySWQiOjMsInNlc3Npb25JZCI6OTYsInR5cGUiOiJyZWZyZXNoIiwiaWF0IjoxNzYxODA5OTE4LCJleHAiOjE3NjQ0MDE5MTgsImlzcyI6InNhaWxvLWFwcCJ9.hZxTRizNii6eKNTf62PG5J7d3kg5B9GDXmQoyKRRtlM','2025-11-29 15:38:39','2025-10-30 15:38:38',1,'2025-10-30 15:48:38','Mozilla/5.0 (Windows NT 10.0; Win64; x64) AppleWebKit/537.36 (KHTML, like Gecko) Chrome/141.0.0.0 Safari/537.36 Edg/141.0.0.0','::1','462c48a40db41cad2e472c8207ab2a97d20968adc9e984c15424691b5121b091'),(169,3,96,'eyJhbGciOiJIUzI1NiIsInR5cCI6IkpXVCJ9.eyJ1c2VySWQiOjMsInNlc3Npb25JZCI6OTYsInR5cGUiOiJyZWZyZXNoIiwiaWF0IjoxNzYxODEwNTE4LCJleHAiOjE3NjQ0MDI1MTgsImlzcyI6InNhaWxvLWFwcCJ9.5rlz7Uu0CeyuDXeRTYYlfaN4_n-0zpMly9MJo76pRmg','2025-11-29 15:48:39','2025-10-30 15:48:38',1,'2025-10-30 16:11:58','Mozilla/5.0 (Windows NT 10.0; Win64; x64) AppleWebKit/537.36 (KHTML, like Gecko) Chrome/141.0.0.0 Safari/537.36 Edg/141.0.0.0','::1','462c48a40db41cad2e472c8207ab2a97d20968adc9e984c15424691b5121b091'),(173,3,96,'eyJhbGciOiJIUzI1NiIsInR5cCI6IkpXVCJ9.eyJ1c2VySWQiOjMsInNlc3Npb25JZCI6OTYsInR5cGUiOiJyZWZyZXNoIiwiaWF0IjoxNzYxODExOTE4LCJleHAiOjE3NjQ0MDM5MTgsImlzcyI6InNhaWxvLWFwcCJ9.XZX2xo8pIgFaUCEBK8vB5IGWzgAEga_JG7KNyPj0REs','2025-11-29 16:11:58','2025-10-30 16:11:58',1,'2025-10-30 16:22:03','Mozilla/5.0 (Windows NT 10.0; Win64; x64) AppleWebKit/537.36 (KHTML, like Gecko) Chrome/141.0.0.0 Safari/537.36 Edg/141.0.0.0','::1','462c48a40db41cad2e472c8207ab2a97d20968adc9e984c15424691b5121b091'),(175,3,96,'eyJhbGciOiJIUzI1NiIsInR5cCI6IkpXVCJ9.eyJ1c2VySWQiOjMsInNlc3Npb25JZCI6OTYsInR5cGUiOiJyZWZyZXNoIiwiaWF0IjoxNzYxODEyNTIzLCJleHAiOjE3NjQ0MDQ1MjMsImlzcyI6InNhaWxvLWFwcCJ9.AUi5YcYQ667fT-Kw14WjLFv10BzFXZGLjU9ys2-XzOA','2025-11-29 16:22:04','2025-10-30 16:22:03',1,'2025-10-30 21:41:54','Mozilla/5.0 (Windows NT 10.0; Win64; x64) AppleWebKit/537.36 (KHTML, like Gecko) Chrome/141.0.0.0 Safari/537.36 Edg/141.0.0.0','::1','462c48a40db41cad2e472c8207ab2a97d20968adc9e984c15424691b5121b091'),(176,3,96,'eyJhbGciOiJIUzI1NiIsInR5cCI6IkpXVCJ9.eyJ1c2VySWQiOjMsInNlc3Npb25JZCI6OTYsInR5cGUiOiJyZWZyZXNoIiwiaWF0IjoxNzYxODMxNzE0LCJleHAiOjE3NjQ0MjM3MTQsImlzcyI6InNhaWxvLWFwcCJ9.AkqmUSOVNPxvwWhiOJq075LSpaRSRA5Cw0XuBxHcYQA','2025-11-29 21:41:54','2025-10-30 21:41:54',1,'2025-10-30 21:42:10','Mozilla/5.0 (Windows NT 10.0; Win64; x64) AppleWebKit/537.36 (KHTML, like Gecko) Chrome/141.0.0.0 Safari/537.36 Edg/141.0.0.0','::1','462c48a40db41cad2e472c8207ab2a97d20968adc9e984c15424691b5121b091'),(177,3,99,'eyJhbGciOiJIUzI1NiIsInR5cCI6IkpXVCJ9.eyJ1c2VySWQiOjMsInNlc3Npb25JZCI6OTksInR5cGUiOiJyZWZyZXNoIiwiaWF0IjoxNzYxODMxNzMzLCJleHAiOjE3NjQ0MjM3MzMsImlzcyI6InNhaWxvLWFwcCJ9.MhHgaqkEl0ALYogyLddNtDgeKaL8kJT1KaTdj_bH2Bo','2025-11-29 21:42:14','2025-10-30 21:42:13',0,NULL,'Mozilla/5.0 (Windows NT 10.0; Win64; x64) AppleWebKit/537.36 (KHTML, like Gecko) Chrome/141.0.0.0 Safari/537.36 Edg/141.0.0.0','::1','462c48a40db41cad2e472c8207ab2a97d20968adc9e984c15424691b5121b091'),(180,3,102,'eyJhbGciOiJIUzI1NiIsInR5cCI6IkpXVCJ9.eyJ1c2VySWQiOjMsInNlc3Npb25JZCI6MTAyLCJ0eXBlIjoicmVmcmVzaCIsImlhdCI6MTc2MTgzMzk1OCwiZXhwIjoxNzY0NDI1OTU4LCJpc3MiOiJzYWlsby1hcHAifQ.Nqu5tqMQ-0_mHJLdwfNo-3P6mzgOwaJdBr945JewH1w','2025-11-29 22:19:19','2025-10-30 22:19:18',1,'2025-10-30 22:57:33','Mozilla/5.0 (Windows NT 10.0; Win64; x64) AppleWebKit/537.36 (KHTML, like Gecko) Chrome/141.0.0.0 Safari/537.36 Edg/141.0.0.0','::1','462c48a40db41cad2e472c8207ab2a97d20968adc9e984c15424691b5121b091'),(184,3,102,'eyJhbGciOiJIUzI1NiIsInR5cCI6IkpXVCJ9.eyJ1c2VySWQiOjMsInNlc3Npb25JZCI6MTAyLCJ0eXBlIjoicmVmcmVzaCIsImlhdCI6MTc2MTgzNjI1MywiZXhwIjoxNzY0NDI4MjUzLCJpc3MiOiJzYWlsby1hcHAifQ.ymwCRytp_wujQQQUrDwoTtZ6yTlSx2eBBD0GG1py4xY','2025-11-29 22:57:34','2025-10-30 22:57:33',1,'2025-10-30 23:07:33','Mozilla/5.0 (Windows NT 10.0; Win64; x64) AppleWebKit/537.36 (KHTML, like Gecko) Chrome/141.0.0.0 Safari/537.36 Edg/141.0.0.0','::1','462c48a40db41cad2e472c8207ab2a97d20968adc9e984c15424691b5121b091'),(186,3,102,'eyJhbGciOiJIUzI1NiIsInR5cCI6IkpXVCJ9.eyJ1c2VySWQiOjMsInNlc3Npb25JZCI6MTAyLCJ0eXBlIjoicmVmcmVzaCIsImlhdCI6MTc2MTgzNjg1MywiZXhwIjoxNzY0NDI4ODUzLCJpc3MiOiJzYWlsby1hcHAifQ.05gcvWySmyZ1k5wWjoCBSwS5Ke07ZZ4xkOrx_zqEYSs','2025-11-29 23:07:34','2025-10-30 23:07:33',1,'2025-10-30 23:17:33','Mozilla/5.0 (Windows NT 10.0; Win64; x64) AppleWebKit/537.36 (KHTML, like Gecko) Chrome/141.0.0.0 Safari/537.36 Edg/141.0.0.0','::1','462c48a40db41cad2e472c8207ab2a97d20968adc9e984c15424691b5121b091'),(188,3,102,'eyJhbGciOiJIUzI1NiIsInR5cCI6IkpXVCJ9.eyJ1c2VySWQiOjMsInNlc3Npb25JZCI6MTAyLCJ0eXBlIjoicmVmcmVzaCIsImlhdCI6MTc2MTgzNzQ1MywiZXhwIjoxNzY0NDI5NDUzLCJpc3MiOiJzYWlsby1hcHAifQ._rZjasXD8hiwTc7qLAYKgenRe8AEWFJgARUjgJ5RZpw','2025-11-29 23:17:34','2025-10-30 23:17:33',1,'2025-10-30 23:27:33','Mozilla/5.0 (Windows NT 10.0; Win64; x64) AppleWebKit/537.36 (KHTML, like Gecko) Chrome/141.0.0.0 Safari/537.36 Edg/141.0.0.0','::1','462c48a40db41cad2e472c8207ab2a97d20968adc9e984c15424691b5121b091'),(190,3,102,'eyJhbGciOiJIUzI1NiIsInR5cCI6IkpXVCJ9.eyJ1c2VySWQiOjMsInNlc3Npb25JZCI6MTAyLCJ0eXBlIjoicmVmcmVzaCIsImlhdCI6MTc2MTgzODA1MywiZXhwIjoxNzY0NDMwMDUzLCJpc3MiOiJzYWlsby1hcHAifQ.aCai1VLVad5RX6hm3ESQ6Qtmp6Exp7F8O6ttY3fpTlk','2025-11-29 23:27:34','2025-10-30 23:27:33',1,'2025-10-31 13:09:15','Mozilla/5.0 (Windows NT 10.0; Win64; x64) AppleWebKit/537.36 (KHTML, like Gecko) Chrome/141.0.0.0 Safari/537.36 Edg/141.0.0.0','::1','462c48a40db41cad2e472c8207ab2a97d20968adc9e984c15424691b5121b091'),(192,3,106,'eyJhbGciOiJIUzI1NiIsInR5cCI6IkpXVCJ9.eyJ1c2VySWQiOjMsInNlc3Npb25JZCI6MTA2LCJ0eXBlIjoicmVmcmVzaCIsImlhdCI6MTc2MTg4NzM2NiwiZXhwIjoxNzY0NDc5MzY2LCJpc3MiOiJzYWlsby1hcHAifQ.k-apN3AhUK_vN3JMR5Z0E-5Pva1lvdzl-ApOz1PEHAM','2025-11-30 13:09:26','2025-10-31 13:09:26',1,'2025-10-31 13:11:57','Mozilla/5.0 (Windows NT 10.0; Win64; x64) AppleWebKit/537.36 (KHTML, like Gecko) Chrome/141.0.0.0 Safari/537.36 Edg/141.0.0.0','::1','462c48a40db41cad2e472c8207ab2a97d20968adc9e984c15424691b5121b091'),(193,3,107,'eyJhbGciOiJIUzI1NiIsInR5cCI6IkpXVCJ9.eyJ1c2VySWQiOjMsInNlc3Npb25JZCI6MTA3LCJ0eXBlIjoicmVmcmVzaCIsImlhdCI6MTc2MTg4NzUxOSwiZXhwIjoxNzY0NDc5NTE5LCJpc3MiOiJzYWlsby1hcHAifQ.fbZoD7YZm-DSivl6JtacuBT7zHzogbvuzqJIZyxs0yY','2025-11-30 13:12:00','2025-10-31 13:11:59',1,'2025-10-31 13:17:14','Mozilla/5.0 (Windows NT 10.0; Win64; x64) AppleWebKit/537.36 (KHTML, like Gecko) Chrome/141.0.0.0 Safari/537.36 Edg/141.0.0.0','::1','462c48a40db41cad2e472c8207ab2a97d20968adc9e984c15424691b5121b091'),(194,3,108,'eyJhbGciOiJIUzI1NiIsInR5cCI6IkpXVCJ9.eyJ1c2VySWQiOjMsInNlc3Npb25JZCI6MTA4LCJ0eXBlIjoicmVmcmVzaCIsImlhdCI6MTc2MTg4NzgzNywiZXhwIjoxNzY0NDc5ODM3LCJpc3MiOiJzYWlsby1hcHAifQ.vlXoZ-AdxmqC6Q-cujng8QT6qtS92Jv076gIk_LGgQU','2025-11-30 13:17:17','2025-10-31 13:17:17',1,'2025-10-31 13:30:19','Mozilla/5.0 (Windows NT 10.0; Win64; x64) AppleWebKit/537.36 (KHTML, like Gecko) Chrome/141.0.0.0 Safari/537.36 Edg/141.0.0.0','::1','462c48a40db41cad2e472c8207ab2a97d20968adc9e984c15424691b5121b091'),(197,3,111,'eyJhbGciOiJIUzI1NiIsInR5cCI6IkpXVCJ9.eyJ1c2VySWQiOjMsInNlc3Npb25JZCI6MTExLCJ0eXBlIjoicmVmcmVzaCIsImlhdCI6MTc2MTg4ODYyMSwiZXhwIjoxNzY0NDgwNjIxLCJpc3MiOiJzYWlsby1hcHAifQ.JiTXLrDSmosjlN6nR79NTZaEhDn9CTDI3YzAo70QnZ4','2025-11-30 13:30:21','2025-10-31 13:30:21',1,'2025-10-31 13:34:09','Mozilla/5.0 (Windows NT 10.0; Win64; x64) AppleWebKit/537.36 (KHTML, like Gecko) Chrome/141.0.0.0 Safari/537.36 Edg/141.0.0.0','::1','462c48a40db41cad2e472c8207ab2a97d20968adc9e984c15424691b5121b091'),(199,3,113,'eyJhbGciOiJIUzI1NiIsInR5cCI6IkpXVCJ9.eyJ1c2VySWQiOjMsInNlc3Npb25JZCI6MTEzLCJ0eXBlIjoicmVmcmVzaCIsImlhdCI6MTc2MTg4ODg1MCwiZXhwIjoxNzY0NDgwODUwLCJpc3MiOiJzYWlsby1hcHAifQ.0hMJ4r0r3dBGA4gKg1Gb6uDN_l4MmNx21XxitwYP5EA','2025-11-30 13:34:11','2025-10-31 13:34:10',1,'2025-10-31 13:49:13','Mozilla/5.0 (Windows NT 10.0; Win64; x64) AppleWebKit/537.36 (KHTML, like Gecko) Chrome/141.0.0.0 Safari/537.36 Edg/141.0.0.0','::1','462c48a40db41cad2e472c8207ab2a97d20968adc9e984c15424691b5121b091'),(200,3,114,'eyJhbGciOiJIUzI1NiIsInR5cCI6IkpXVCJ9.eyJ1c2VySWQiOjMsInNlc3Npb25JZCI6MTE0LCJ0eXBlIjoicmVmcmVzaCIsImlhdCI6MTc2MTg4OTc1NSwiZXhwIjoxNzY0NDgxNzU1LCJpc3MiOiJzYWlsby1hcHAifQ.XyPxhkXbWa0dpSsCCAKntPyW-iaNdy9OFrmefKCMBHI','2025-11-30 13:49:16','2025-10-31 13:49:15',1,'2025-10-31 13:55:02','Mozilla/5.0 (Windows NT 10.0; Win64; x64) AppleWebKit/537.36 (KHTML, like Gecko) Chrome/141.0.0.0 Safari/537.36 Edg/141.0.0.0','::1','462c48a40db41cad2e472c8207ab2a97d20968adc9e984c15424691b5121b091'),(202,3,116,'eyJhbGciOiJIUzI1NiIsInR5cCI6IkpXVCJ9.eyJ1c2VySWQiOjMsInNlc3Npb25JZCI6MTE2LCJ0eXBlIjoicmVmcmVzaCIsImlhdCI6MTc2MTg5MDEwNCwiZXhwIjoxNzY0NDgyMTA0LCJpc3MiOiJzYWlsby1hcHAifQ.qWrgMkxjVYgR9a57e1M84C0IklmfjMpIQ3CCOpNfGyA','2025-11-30 13:55:04','2025-10-31 13:55:04',1,'2025-10-31 14:06:52','Mozilla/5.0 (Windows NT 10.0; Win64; x64) AppleWebKit/537.36 (KHTML, like Gecko) Chrome/141.0.0.0 Safari/537.36 Edg/141.0.0.0','::1','462c48a40db41cad2e472c8207ab2a97d20968adc9e984c15424691b5121b091'),(204,3,116,'eyJhbGciOiJIUzI1NiIsInR5cCI6IkpXVCJ9.eyJ1c2VySWQiOjMsInNlc3Npb25JZCI6MTE2LCJ0eXBlIjoicmVmcmVzaCIsImlhdCI6MTc2MTg5MDgxMiwiZXhwIjoxNzY0NDgyODEyLCJpc3MiOiJzYWlsby1hcHAifQ.5kuZvtBc4hPlZqkAk23RbtX1NV93gBphE-nGZwF5wiQ','2025-11-30 14:06:53','2025-10-31 14:06:52',1,'2025-10-31 14:10:00','Mozilla/5.0 (Windows NT 10.0; Win64; x64) AppleWebKit/537.36 (KHTML, like Gecko) Chrome/141.0.0.0 Safari/537.36 Edg/141.0.0.0','::1','462c48a40db41cad2e472c8207ab2a97d20968adc9e984c15424691b5121b091'),(205,3,117,'eyJhbGciOiJIUzI1NiIsInR5cCI6IkpXVCJ9.eyJ1c2VySWQiOjMsInNlc3Npb25JZCI6MTE3LCJ0eXBlIjoicmVmcmVzaCIsImlhdCI6MTc2MTg5MTAwMiwiZXhwIjoxNzY0NDgzMDAyLCJpc3MiOiJzYWlsby1hcHAifQ.DlMwI-ulVCM1CK8NV_zeP2tXIfTpa5dl05qr1OyNHsk','2025-11-30 14:10:03','2025-10-31 14:10:02',1,'2025-10-31 14:21:52','Mozilla/5.0 (Windows NT 10.0; Win64; x64) AppleWebKit/537.36 (KHTML, like Gecko) Chrome/141.0.0.0 Safari/537.36 Edg/141.0.0.0','::1','462c48a40db41cad2e472c8207ab2a97d20968adc9e984c15424691b5121b091'),(208,3,117,'eyJhbGciOiJIUzI1NiIsInR5cCI6IkpXVCJ9.eyJ1c2VySWQiOjMsInNlc3Npb25JZCI6MTE3LCJ0eXBlIjoicmVmcmVzaCIsImlhdCI6MTc2MTg5MTcxMiwiZXhwIjoxNzY0NDgzNzEyLCJpc3MiOiJzYWlsby1hcHAifQ.h8DCMtAToRuh-OmBL0yQVJ1jD5IHp0l-BVvbizzarx0','2025-11-30 14:21:53','2025-10-31 14:21:52',1,'2025-10-31 14:28:56','Mozilla/5.0 (Windows NT 10.0; Win64; x64) AppleWebKit/537.36 (KHTML, like Gecko) Chrome/141.0.0.0 Safari/537.36 Edg/141.0.0.0','::1','462c48a40db41cad2e472c8207ab2a97d20968adc9e984c15424691b5121b091'),(209,3,119,'eyJhbGciOiJIUzI1NiIsInR5cCI6IkpXVCJ9.eyJ1c2VySWQiOjMsInNlc3Npb25JZCI6MTE5LCJ0eXBlIjoicmVmcmVzaCIsImlhdCI6MTc2MTg5MjEzOCwiZXhwIjoxNzY0NDg0MTM4LCJpc3MiOiJzYWlsby1hcHAifQ.lJlmKa4OEByJVI0C5DF-VvaUFwG6hb_GQoI392LXJ94','2025-11-30 14:28:58','2025-10-31 14:28:58',1,'2025-10-31 14:42:58','Mozilla/5.0 (Windows NT 10.0; Win64; x64) AppleWebKit/537.36 (KHTML, like Gecko) Chrome/141.0.0.0 Safari/537.36 Edg/141.0.0.0','::1','462c48a40db41cad2e472c8207ab2a97d20968adc9e984c15424691b5121b091'),(212,3,119,'eyJhbGciOiJIUzI1NiIsInR5cCI6IkpXVCJ9.eyJ1c2VySWQiOjMsInNlc3Npb25JZCI6MTE5LCJ0eXBlIjoicmVmcmVzaCIsImlhdCI6MTc2MTg5Mjk3OCwiZXhwIjoxNzY0NDg0OTc4LCJpc3MiOiJzYWlsby1hcHAifQ.oTlYUm_mhkZCKy6uEwLFawN5HMlZ4bZZkh5yJBCy31o','2025-11-30 14:42:59','2025-10-31 14:42:58',1,'2025-10-31 14:52:58','Mozilla/5.0 (Windows NT 10.0; Win64; x64) AppleWebKit/537.36 (KHTML, like Gecko) Chrome/141.0.0.0 Safari/537.36 Edg/141.0.0.0','::1','462c48a40db41cad2e472c8207ab2a97d20968adc9e984c15424691b5121b091'),(214,3,119,'eyJhbGciOiJIUzI1NiIsInR5cCI6IkpXVCJ9.eyJ1c2VySWQiOjMsInNlc3Npb25JZCI6MTE5LCJ0eXBlIjoicmVmcmVzaCIsImlhdCI6MTc2MTg5MzU3OCwiZXhwIjoxNzY0NDg1NTc4LCJpc3MiOiJzYWlsby1hcHAifQ.xNGbPYVYsseJ42W5TvH5sEa4Ic1IUJEbZjGLUsdZ7oQ','2025-11-30 14:52:59','2025-10-31 14:52:58',1,'2025-10-31 15:02:58','Mozilla/5.0 (Windows NT 10.0; Win64; x64) AppleWebKit/537.36 (KHTML, like Gecko) Chrome/141.0.0.0 Safari/537.36 Edg/141.0.0.0','::1','462c48a40db41cad2e472c8207ab2a97d20968adc9e984c15424691b5121b091'),(216,3,119,'eyJhbGciOiJIUzI1NiIsInR5cCI6IkpXVCJ9.eyJ1c2VySWQiOjMsInNlc3Npb25JZCI6MTE5LCJ0eXBlIjoicmVmcmVzaCIsImlhdCI6MTc2MTg5NDE3OCwiZXhwIjoxNzY0NDg2MTc4LCJpc3MiOiJzYWlsby1hcHAifQ.QTyPtBgv4ulT6RuGONLnKqgt8p4askR8E3QqFEDDJXA','2025-11-30 15:02:59','2025-10-31 15:02:58',1,'2025-10-31 15:12:58','Mozilla/5.0 (Windows NT 10.0; Win64; x64) AppleWebKit/537.36 (KHTML, like Gecko) Chrome/141.0.0.0 Safari/537.36 Edg/141.0.0.0','::1','462c48a40db41cad2e472c8207ab2a97d20968adc9e984c15424691b5121b091'),(218,3,119,'eyJhbGciOiJIUzI1NiIsInR5cCI6IkpXVCJ9.eyJ1c2VySWQiOjMsInNlc3Npb25JZCI6MTE5LCJ0eXBlIjoicmVmcmVzaCIsImlhdCI6MTc2MTg5NDc3OCwiZXhwIjoxNzY0NDg2Nzc4LCJpc3MiOiJzYWlsby1hcHAifQ.2LQOoqq_bRX32uIqbhECI7qeYPBzICom7E5N16-gAPE','2025-11-30 15:12:59','2025-10-31 15:12:58',1,'2025-10-31 15:22:58','Mozilla/5.0 (Windows NT 10.0; Win64; x64) AppleWebKit/537.36 (KHTML, like Gecko) Chrome/141.0.0.0 Safari/537.36 Edg/141.0.0.0','::1','462c48a40db41cad2e472c8207ab2a97d20968adc9e984c15424691b5121b091'),(220,3,119,'eyJhbGciOiJIUzI1NiIsInR5cCI6IkpXVCJ9.eyJ1c2VySWQiOjMsInNlc3Npb25JZCI6MTE5LCJ0eXBlIjoicmVmcmVzaCIsImlhdCI6MTc2MTg5NTM3OCwiZXhwIjoxNzY0NDg3Mzc4LCJpc3MiOiJzYWlsby1hcHAifQ.tqoVmZW9sj_C75MPlmmMtuRB3ntwTJyr1WaMNgv37Zk','2025-11-30 15:22:59','2025-10-31 15:22:58',1,'2025-10-31 15:32:58','Mozilla/5.0 (Windows NT 10.0; Win64; x64) AppleWebKit/537.36 (KHTML, like Gecko) Chrome/141.0.0.0 Safari/537.36 Edg/141.0.0.0','::1','462c48a40db41cad2e472c8207ab2a97d20968adc9e984c15424691b5121b091'),(222,3,119,'eyJhbGciOiJIUzI1NiIsInR5cCI6IkpXVCJ9.eyJ1c2VySWQiOjMsInNlc3Npb25JZCI6MTE5LCJ0eXBlIjoicmVmcmVzaCIsImlhdCI6MTc2MTg5NTk3OCwiZXhwIjoxNzY0NDg3OTc4LCJpc3MiOiJzYWlsby1hcHAifQ.w5EHLR6LlsjytG3QAirdrkUg2XCga8sAy9AwHjQFqTU','2025-11-30 15:32:59','2025-10-31 15:32:58',1,'2025-10-31 15:42:57','Mozilla/5.0 (Windows NT 10.0; Win64; x64) AppleWebKit/537.36 (KHTML, like Gecko) Chrome/141.0.0.0 Safari/537.36 Edg/141.0.0.0','::1','462c48a40db41cad2e472c8207ab2a97d20968adc9e984c15424691b5121b091'),(224,3,119,'eyJhbGciOiJIUzI1NiIsInR5cCI6IkpXVCJ9.eyJ1c2VySWQiOjMsInNlc3Npb25JZCI6MTE5LCJ0eXBlIjoicmVmcmVzaCIsImlhdCI6MTc2MTg5NjU3NywiZXhwIjoxNzY0NDg4NTc3LCJpc3MiOiJzYWlsby1hcHAifQ.JWEEshyRaEr50hJgT317Pb7uWs3BoTxrexOR_4z41jI','2025-11-30 15:42:58','2025-10-31 15:42:57',1,'2025-10-31 16:33:39','Mozilla/5.0 (Windows NT 10.0; Win64; x64) AppleWebKit/537.36 (KHTML, like Gecko) Chrome/141.0.0.0 Safari/537.36 Edg/141.0.0.0','::1','462c48a40db41cad2e472c8207ab2a97d20968adc9e984c15424691b5121b091'),(230,3,119,'eyJhbGciOiJIUzI1NiIsInR5cCI6IkpXVCJ9.eyJ1c2VySWQiOjMsInNlc3Npb25JZCI6MTE5LCJ0eXBlIjoicmVmcmVzaCIsImlhdCI6MTc2MTg5OTYxOSwiZXhwIjoxNzY0NDkxNjE5LCJpc3MiOiJzYWlsby1hcHAifQ.NobuwFcrvO5uHZ7b3JXLyOBRuY2uMfY0Z7_0Ng9K4k4','2025-11-30 16:33:39','2025-10-31 16:33:39',1,'2025-11-02 21:10:55','Mozilla/5.0 (Windows NT 10.0; Win64; x64) AppleWebKit/537.36 (KHTML, like Gecko) Chrome/141.0.0.0 Safari/537.36 Edg/141.0.0.0','::1','462c48a40db41cad2e472c8207ab2a97d20968adc9e984c15424691b5121b091'),(231,3,119,'eyJhbGciOiJIUzI1NiIsInR5cCI6IkpXVCJ9.eyJ1c2VySWQiOjMsInNlc3Npb25JZCI6MTE5LCJ0eXBlIjoicmVmcmVzaCIsImlhdCI6MTc2MjA4OTA1NSwiZXhwIjoxNzY0NjgxMDU1LCJpc3MiOiJzYWlsby1hcHAifQ.ge9jvtrT7V6tlWCex2hiH-Qgs5UKVxvKZ0p0cSEYUsA','2025-12-02 21:10:56','2025-11-02 21:10:55',0,NULL,'Mozilla/5.0 (Windows NT 10.0; Win64; x64) AppleWebKit/537.36 (KHTML, like Gecko) Chrome/141.0.0.0 Safari/537.36 Edg/141.0.0.0','::1','462c48a40db41cad2e472c8207ab2a97d20968adc9e984c15424691b5121b091'),(233,3,122,'eyJhbGciOiJIUzI1NiIsInR5cCI6IkpXVCJ9.eyJ1c2VySWQiOjMsInNlc3Npb25JZCI6MTIyLCJ0eXBlIjoicmVmcmVzaCIsImlhdCI6MTc2MjA4OTExNywiZXhwIjoxNzY0NjgxMTE3LCJpc3MiOiJzYWlsby1hcHAifQ.5LnBtGJ3Ix1Tq_JgCNPl-mTA-DEAx59JONLOim0zYJE','2025-12-02 21:11:58','2025-11-02 21:11:57',1,'2025-11-02 21:23:23','Mozilla/5.0 (Windows NT 10.0; Win64; x64) AppleWebKit/537.36 (KHTML, like Gecko) Chrome/141.0.0.0 Safari/537.36 Edg/141.0.0.0','::1','462c48a40db41cad2e472c8207ab2a97d20968adc9e984c15424691b5121b091'),(235,3,122,'eyJhbGciOiJIUzI1NiIsInR5cCI6IkpXVCJ9.eyJ1c2VySWQiOjMsInNlc3Npb25JZCI6MTIyLCJ0eXBlIjoicmVmcmVzaCIsImlhdCI6MTc2MjA4OTgwMywiZXhwIjoxNzY0NjgxODAzLCJpc3MiOiJzYWlsby1hcHAifQ.IyDkjrcw3iKyCa_oMIGcGNAUtWZkEMnL5d-TYmwLj7U','2025-12-02 21:23:24','2025-11-02 21:23:23',1,'2025-11-02 21:33:23','Mozilla/5.0 (Windows NT 10.0; Win64; x64) AppleWebKit/537.36 (KHTML, like Gecko) Chrome/141.0.0.0 Safari/537.36 Edg/141.0.0.0','::1','462c48a40db41cad2e472c8207ab2a97d20968adc9e984c15424691b5121b091'),(237,3,122,'eyJhbGciOiJIUzI1NiIsInR5cCI6IkpXVCJ9.eyJ1c2VySWQiOjMsInNlc3Npb25JZCI6MTIyLCJ0eXBlIjoicmVmcmVzaCIsImlhdCI6MTc2MjA5MDQwMywiZXhwIjoxNzY0NjgyNDAzLCJpc3MiOiJzYWlsby1hcHAifQ.sHKZdWg4Azbtow700fH3wqeD6uYeTcKbUHLUcyntjZE','2025-12-02 21:33:24','2025-11-02 21:33:23',1,'2025-11-02 21:49:25','Mozilla/5.0 (Windows NT 10.0; Win64; x64) AppleWebKit/537.36 (KHTML, like Gecko) Chrome/141.0.0.0 Safari/537.36 Edg/141.0.0.0','::1','462c48a40db41cad2e472c8207ab2a97d20968adc9e984c15424691b5121b091'),(238,3,123,'eyJhbGciOiJIUzI1NiIsInR5cCI6IkpXVCJ9.eyJ1c2VySWQiOjMsInNlc3Npb25JZCI6MTIzLCJ0eXBlIjoicmVmcmVzaCIsImlhdCI6MTc2MjA5MTM2NywiZXhwIjoxNzY0NjgzMzY3LCJpc3MiOiJzYWlsby1hcHAifQ.GUemn_YmtsbA_6QGXOTEZ2fpYpQAV4Nr3aor4Qd9_0A','2025-12-02 21:49:27','2025-11-02 21:49:27',1,'2025-11-02 22:11:57','Mozilla/5.0 (Windows NT 10.0; Win64; x64) AppleWebKit/537.36 (KHTML, like Gecko) Chrome/141.0.0.0 Safari/537.36 Edg/141.0.0.0','::1','462c48a40db41cad2e472c8207ab2a97d20968adc9e984c15424691b5121b091'),(241,3,126,'eyJhbGciOiJIUzI1NiIsInR5cCI6IkpXVCJ9.eyJ1c2VySWQiOjMsInNlc3Npb25JZCI6MTI2LCJ0eXBlIjoicmVmcmVzaCIsImlhdCI6MTc2MjA5MjcxOSwiZXhwIjoxNzY0Njg0NzE5LCJpc3MiOiJzYWlsby1hcHAifQ.BpZjwA0xurO8VyFsOjBZz7rJWZwc77J34rTIezjqKoA','2025-12-02 22:11:59','2025-11-02 22:11:59',1,'2025-11-02 22:35:47','Mozilla/5.0 (Windows NT 10.0; Win64; x64) AppleWebKit/537.36 (KHTML, like Gecko) Chrome/141.0.0.0 Safari/537.36 Edg/141.0.0.0','::1','462c48a40db41cad2e472c8207ab2a97d20968adc9e984c15424691b5121b091'),(243,3,128,'eyJhbGciOiJIUzI1NiIsInR5cCI6IkpXVCJ9.eyJ1c2VySWQiOjMsInNlc3Npb25JZCI6MTI4LCJ0eXBlIjoicmVmcmVzaCIsImlhdCI6MTc2MjA5NDE0OSwiZXhwIjoxNzY0Njg2MTQ5LCJpc3MiOiJzYWlsby1hcHAifQ.JoCdHOgMtdvUf2HVFGQNB6GmsPQrs1867mVC2pZv67A','2025-12-02 22:35:49','2025-11-02 22:35:49',1,'2025-11-02 23:12:20','Mozilla/5.0 (Windows NT 10.0; Win64; x64) AppleWebKit/537.36 (KHTML, like Gecko) Chrome/141.0.0.0 Safari/537.36 Edg/141.0.0.0','::1','462c48a40db41cad2e472c8207ab2a97d20968adc9e984c15424691b5121b091'),(245,3,130,'eyJhbGciOiJIUzI1NiIsInR5cCI6IkpXVCJ9.eyJ1c2VySWQiOjMsInNlc3Npb25JZCI6MTMwLCJ0eXBlIjoicmVmcmVzaCIsImlhdCI6MTc2MjA5NjM0MiwiZXhwIjoxNzY0Njg4MzQyLCJpc3MiOiJzYWlsby1hcHAifQ.x5mGrwi7SqpbwEM306vXtCw2BDTz5R13CQYd73Ir7kE','2025-12-02 23:12:23','2025-11-02 23:12:22',1,'2025-11-02 23:17:40','Mozilla/5.0 (Windows NT 10.0; Win64; x64) AppleWebKit/537.36 (KHTML, like Gecko) Chrome/141.0.0.0 Safari/537.36 Edg/141.0.0.0','::1','462c48a40db41cad2e472c8207ab2a97d20968adc9e984c15424691b5121b091'),(246,3,131,'eyJhbGciOiJIUzI1NiIsInR5cCI6IkpXVCJ9.eyJ1c2VySWQiOjMsInNlc3Npb25JZCI6MTMxLCJ0eXBlIjoicmVmcmVzaCIsImlhdCI6MTc2MjA5NjY2MiwiZXhwIjoxNzY0Njg4NjYyLCJpc3MiOiJzYWlsby1hcHAifQ.dQE0iL-yegD4nZCZ14x8K69NZtFMdUXPAcSwfTDz9y4','2025-12-02 23:17:43','2025-11-02 23:17:42',1,'2025-11-02 23:23:57','Mozilla/5.0 (Windows NT 10.0; Win64; x64) AppleWebKit/537.36 (KHTML, like Gecko) Chrome/141.0.0.0 Safari/537.36 Edg/141.0.0.0','::1','462c48a40db41cad2e472c8207ab2a97d20968adc9e984c15424691b5121b091'),(249,3,134,'eyJhbGciOiJIUzI1NiIsInR5cCI6IkpXVCJ9.eyJ1c2VySWQiOjMsInNlc3Npb25JZCI6MTM0LCJ0eXBlIjoicmVmcmVzaCIsImlhdCI6MTc2MjA5NzAzOSwiZXhwIjoxNzY0Njg5MDM5LCJpc3MiOiJzYWlsby1hcHAifQ.R-VZTRs5oAx4h169Re-bsC3SyJFUx1XMmo3y1Hu4TvU','2025-12-02 23:23:59','2025-11-02 23:23:59',1,'2025-11-02 23:29:24','Mozilla/5.0 (Windows NT 10.0; Win64; x64) AppleWebKit/537.36 (KHTML, like Gecko) Chrome/141.0.0.0 Safari/537.36 Edg/141.0.0.0','::1','462c48a40db41cad2e472c8207ab2a97d20968adc9e984c15424691b5121b091'),(251,3,136,'eyJhbGciOiJIUzI1NiIsInR5cCI6IkpXVCJ9.eyJ1c2VySWQiOjMsInNlc3Npb25JZCI6MTM2LCJ0eXBlIjoicmVmcmVzaCIsImlhdCI6MTc2MjA5NzM3MywiZXhwIjoxNzY0Njg5MzczLCJpc3MiOiJzYWlsby1hcHAifQ.KeMfFIbWQ-dfgQT10mjfK5oeJhD-DsJQiedFcSCcaKw','2025-12-02 23:29:34','2025-11-02 23:29:33',1,'2025-11-02 23:38:26','Mozilla/5.0 (Windows NT 10.0; Win64; x64) AppleWebKit/537.36 (KHTML, like Gecko) Chrome/141.0.0.0 Safari/537.36 Edg/141.0.0.0','::1','462c48a40db41cad2e472c8207ab2a97d20968adc9e984c15424691b5121b091'),(253,3,138,'eyJhbGciOiJIUzI1NiIsInR5cCI6IkpXVCJ9.eyJ1c2VySWQiOjMsInNlc3Npb25JZCI6MTM4LCJ0eXBlIjoicmVmcmVzaCIsImlhdCI6MTc2MjA5NzkwOCwiZXhwIjoxNzY0Njg5OTA4LCJpc3MiOiJzYWlsby1hcHAifQ.lNwFo3rGxYyoM9EWnJNF28NLf4_f99L96PhasfRqGlg','2025-12-02 23:38:28','2025-11-02 23:38:28',1,'2025-11-02 23:47:21','Mozilla/5.0 (Windows NT 10.0; Win64; x64) AppleWebKit/537.36 (KHTML, like Gecko) Chrome/141.0.0.0 Safari/537.36 Edg/141.0.0.0','::1','462c48a40db41cad2e472c8207ab2a97d20968adc9e984c15424691b5121b091'),(254,3,139,'eyJhbGciOiJIUzI1NiIsInR5cCI6IkpXVCJ9.eyJ1c2VySWQiOjMsInNlc3Npb25JZCI6MTM5LCJ0eXBlIjoicmVmcmVzaCIsImlhdCI6MTc2MjA5ODQ0MywiZXhwIjoxNzY0NjkwNDQzLCJpc3MiOiJzYWlsby1hcHAifQ.AupJhT6cPGzHuwsatJ4mf8I7BG-pzxpyUCdFZYhC-EQ','2025-12-02 23:47:23','2025-11-02 23:47:23',1,'2025-11-02 23:57:58','Mozilla/5.0 (Windows NT 10.0; Win64; x64) AppleWebKit/537.36 (KHTML, like Gecko) Chrome/141.0.0.0 Safari/537.36 Edg/141.0.0.0','::1','462c48a40db41cad2e472c8207ab2a97d20968adc9e984c15424691b5121b091'),(255,3,139,'eyJhbGciOiJIUzI1NiIsInR5cCI6IkpXVCJ9.eyJ1c2VySWQiOjMsInNlc3Npb25JZCI6MTM5LCJ0eXBlIjoicmVmcmVzaCIsImlhdCI6MTc2MjA5OTA3OCwiZXhwIjoxNzY0NjkxMDc4LCJpc3MiOiJzYWlsby1hcHAifQ.yeazMOqef2Z0DHXC_DrDggK3aNLF2FZPCcMcWXsJ_h0','2025-12-02 23:57:59','2025-11-02 23:57:58',1,'2025-11-03 00:07:58','Mozilla/5.0 (Windows NT 10.0; Win64; x64) AppleWebKit/537.36 (KHTML, like Gecko) Chrome/141.0.0.0 Safari/537.36 Edg/141.0.0.0','::1','462c48a40db41cad2e472c8207ab2a97d20968adc9e984c15424691b5121b091'),(256,3,140,'eyJhbGciOiJIUzI1NiIsInR5cCI6IkpXVCJ9.eyJ1c2VySWQiOjMsInNlc3Npb25JZCI6MTQwLCJ0eXBlIjoicmVmcmVzaCIsImlhdCI6MTc2MjA5OTY3NCwiZXhwIjoxNzY0NjkxNjc0LCJpc3MiOiJzYWlsby1hcHAifQ.qNc7pFY66RSfMY2dc01DQUjserZXy_9c0Jnrbq0SZMI','2025-12-03 00:07:54','2025-11-03 00:07:54',1,'2025-11-03 00:07:59','Mozilla/5.0 (Windows NT 10.0; Win64; x64) AppleWebKit/537.36 (KHTML, like Gecko) Chrome/141.0.0.0 Safari/537.36','::1','bfe9b89f8a0a44dc36da0139e25998867f5b6c22c9308586e917fca27991c8c0'),(257,3,139,'eyJhbGciOiJIUzI1NiIsInR5cCI6IkpXVCJ9.eyJ1c2VySWQiOjMsInNlc3Npb25JZCI6MTM5LCJ0eXBlIjoicmVmcmVzaCIsImlhdCI6MTc2MjA5OTY3OCwiZXhwIjoxNzY0NjkxNjc4LCJpc3MiOiJzYWlsby1hcHAifQ.TZUIQZz5KxEJoFriIu7de7qLHo6uJxTAHKzG7wwCt7o','2025-12-03 00:07:59','2025-11-03 00:07:58',1,'2025-11-03 11:24:06','Mozilla/5.0 (Windows NT 10.0; Win64; x64) AppleWebKit/537.36 (KHTML, like Gecko) Chrome/141.0.0.0 Safari/537.36 Edg/141.0.0.0','::1','462c48a40db41cad2e472c8207ab2a97d20968adc9e984c15424691b5121b091'),(258,4,141,'eyJhbGciOiJIUzI1NiIsInR5cCI6IkpXVCJ9.eyJ1c2VySWQiOjQsInNlc3Npb25JZCI6MTQxLCJ0eXBlIjoicmVmcmVzaCIsImlhdCI6MTc2MjEzMjIyMiwiZXhwIjoxNzY0NzI0MjIyLCJpc3MiOiJzYWlsby1hcHAifQ.SXab3XuIb-beq8SlV8CEPyqeo2lj3YDkCH2P2AvS4tg','2025-12-03 09:10:23','2025-11-03 09:10:22',1,'2025-11-03 09:10:30',NULL,NULL,'3601070f076aea470f02a155da573a202a8d5847e0173e6924f379a62ffe7023'),(259,3,139,'eyJhbGciOiJIUzI1NiIsInR5cCI6IkpXVCJ9.eyJ1c2VySWQiOjMsInNlc3Npb25JZCI6MTM5LCJ0eXBlIjoicmVmcmVzaCIsImlhdCI6MTc2MjE0MDI0NiwiZXhwIjoxNzY0NzMyMjQ2LCJpc3MiOiJzYWlsby1hcHAifQ.WJFysTeoa5Ukrx_tQyhFAhdD7J9vwZPYp4pkGbyUUk0','2025-12-03 11:24:07','2025-11-03 11:24:06',1,'2025-11-03 11:25:32','Mozilla/5.0 (Windows NT 10.0; Win64; x64) AppleWebKit/537.36 (KHTML, like Gecko) Chrome/141.0.0.0 Safari/537.36 Edg/141.0.0.0','::1','462c48a40db41cad2e472c8207ab2a97d20968adc9e984c15424691b5121b091'),(261,3,143,'eyJhbGciOiJIUzI1NiIsInR5cCI6IkpXVCJ9.eyJ1c2VySWQiOjMsInNlc3Npb25JZCI6MTQzLCJ0eXBlIjoicmVmcmVzaCIsImlhdCI6MTc2MjE0MDMzNCwiZXhwIjoxNzY0NzMyMzM0LCJpc3MiOiJzYWlsby1hcHAifQ.lqa5Oev9OPxDh_sYE4PpfVtSY6tumGfz8FI1btEKslQ','2025-12-03 11:25:34','2025-11-03 11:25:34',1,'2025-11-03 11:26:38','Mozilla/5.0 (Windows NT 10.0; Win64; x64) AppleWebKit/537.36 (KHTML, like Gecko) Chrome/141.0.0.0 Safari/537.36 Edg/141.0.0.0','::1','462c48a40db41cad2e472c8207ab2a97d20968adc9e984c15424691b5121b091'),(262,3,144,'eyJhbGciOiJIUzI1NiIsInR5cCI6IkpXVCJ9.eyJ1c2VySWQiOjMsInNlc3Npb25JZCI6MTQ0LCJ0eXBlIjoicmVmcmVzaCIsImlhdCI6MTc2MjE0MDU3OSwiZXhwIjoxNzY0NzMyNTc5LCJpc3MiOiJzYWlsby1hcHAifQ.82jyBta6GNB0zfuQiZZDngVDexOqUIcojvaR6p-b8vc','2025-12-03 11:29:40','2025-11-03 11:29:39',1,'2025-11-03 11:32:24','Mozilla/5.0 (Windows NT 10.0; Win64; x64) AppleWebKit/537.36 (KHTML, like Gecko) Chrome/141.0.0.0 Safari/537.36','::1','bfe9b89f8a0a44dc36da0139e25998867f5b6c22c9308586e917fca27991c8c0'),(263,3,145,'eyJhbGciOiJIUzI1NiIsInR5cCI6IkpXVCJ9.eyJ1c2VySWQiOjMsInNlc3Npb25JZCI6MTQ1LCJ0eXBlIjoicmVmcmVzaCIsImlhdCI6MTc2MjE0MTI3NiwiZXhwIjoxNzY0NzMzMjc2LCJpc3MiOiJzYWlsby1hcHAifQ.r71DYbZXSIA83gsNGW7fZo9MLaDtCgSMfSF0aGsOL6g','2025-12-03 11:41:17','2025-11-03 11:41:16',1,'2025-11-03 11:55:37','Mozilla/5.0 (Windows NT 10.0; Win64; x64) AppleWebKit/537.36 (KHTML, like Gecko) Chrome/141.0.0.0 Safari/537.36','::1','bfe9b89f8a0a44dc36da0139e25998867f5b6c22c9308586e917fca27991c8c0'),(264,3,146,'eyJhbGciOiJIUzI1NiIsInR5cCI6IkpXVCJ9.eyJ1c2VySWQiOjMsInNlc3Npb25JZCI6MTQ2LCJ0eXBlIjoicmVmcmVzaCIsImlhdCI6MTc2MjE0MjE0NSwiZXhwIjoxNzY0NzM0MTQ1LCJpc3MiOiJzYWlsby1hcHAifQ.GqXnHsPzfz6o054FlBqcxFlenqUTsMMrXbJMy0ny15k','2025-12-03 11:55:45','2025-11-03 11:55:45',1,'2025-11-03 13:56:23','Mozilla/5.0 (Windows NT 10.0; Win64; x64) AppleWebKit/537.36 (KHTML, like Gecko) Chrome/141.0.0.0 Safari/537.36','::1','bfe9b89f8a0a44dc36da0139e25998867f5b6c22c9308586e917fca27991c8c0'),(266,3,148,'eyJhbGciOiJIUzI1NiIsInR5cCI6IkpXVCJ9.eyJ1c2VySWQiOjMsInNlc3Npb25JZCI6MTQ4LCJ0eXBlIjoicmVmcmVzaCIsImlhdCI6MTc2MjE0OTQxMSwiZXhwIjoxNzY0NzQxNDExLCJpc3MiOiJzYWlsby1hcHAifQ.qVZX4VMVWriEKi0L3GNrASMD7x2RU4JlP5LY81cw2EU','2025-12-03 13:56:52','2025-11-03 13:56:51',1,'2025-11-03 14:18:26','Mozilla/5.0 (Windows NT 10.0; Win64; x64) AppleWebKit/537.36 (KHTML, like Gecko) Chrome/141.0.0.0 Safari/537.36','::1','bfe9b89f8a0a44dc36da0139e25998867f5b6c22c9308586e917fca27991c8c0'),(272,3,154,'eyJhbGciOiJIUzI1NiIsInR5cCI6IkpXVCJ9.eyJ1c2VySWQiOjMsInNlc3Npb25JZCI6MTU0LCJ0eXBlIjoicmVmcmVzaCIsImlhdCI6MTc2MjE1MDg4OSwiZXhwIjoxNzY0NzQyODg5LCJpc3MiOiJzYWlsby1hcHAifQ.SV7U5i4UdusrprKmy8QdzcApOEoz3AqRQ2mH58IsP90','2025-12-03 14:21:29','2025-11-03 14:21:29',1,'2025-11-03 14:31:29','Mozilla/5.0 (Windows NT 10.0; Win64; x64) AppleWebKit/537.36 (KHTML, like Gecko) Chrome/141.0.0.0 Safari/537.36 Edg/141.0.0.0','::1','462c48a40db41cad2e472c8207ab2a97d20968adc9e984c15424691b5121b091'),(273,3,154,'eyJhbGciOiJIUzI1NiIsInR5cCI6IkpXVCJ9.eyJ1c2VySWQiOjMsInNlc3Npb25JZCI6MTU0LCJ0eXBlIjoicmVmcmVzaCIsImlhdCI6MTc2MjE1MTQ4OSwiZXhwIjoxNzY0NzQzNDg5LCJpc3MiOiJzYWlsby1hcHAifQ.gBvyfzF4maoEnvXQl5YOJ0Fm7ID8u4MswGhWOWO4kYk','2025-12-03 14:31:29','2025-11-03 14:31:29',1,'2025-11-03 14:32:07','Mozilla/5.0 (Windows NT 10.0; Win64; x64) AppleWebKit/537.36 (KHTML, like Gecko) Chrome/141.0.0.0 Safari/537.36 Edg/141.0.0.0','::1','462c48a40db41cad2e472c8207ab2a97d20968adc9e984c15424691b5121b091'),(274,3,155,'eyJhbGciOiJIUzI1NiIsInR5cCI6IkpXVCJ9.eyJ1c2VySWQiOjMsInNlc3Npb25JZCI6MTU1LCJ0eXBlIjoicmVmcmVzaCIsImlhdCI6MTc2MjE1MTUyOSwiZXhwIjoxNzY0NzQzNTI5LCJpc3MiOiJzYWlsby1hcHAifQ.3uG0ZbIjWUnxLb88LBvUjqpOeXPDsD81i3RsTXWigFI','2025-12-03 14:32:09','2025-11-03 14:32:09',1,'2025-11-03 16:06:59','Mozilla/5.0 (Windows NT 10.0; Win64; x64) AppleWebKit/537.36 (KHTML, like Gecko) Chrome/141.0.0.0 Safari/537.36 Edg/141.0.0.0','::1','462c48a40db41cad2e472c8207ab2a97d20968adc9e984c15424691b5121b091'),(276,3,155,'eyJhbGciOiJIUzI1NiIsInR5cCI6IkpXVCJ9.eyJ1c2VySWQiOjMsInNlc3Npb25JZCI6MTU1LCJ0eXBlIjoicmVmcmVzaCIsImlhdCI6MTc2MjE1NzIxOSwiZXhwIjoxNzY0NzQ5MjE5LCJpc3MiOiJzYWlsby1hcHAifQ.424WCN9TFCvVtp95-xE98vtFZzBBwdMY0jY_hx3xzDw','2025-12-03 16:07:00','2025-11-03 16:06:59',1,'2025-11-03 16:12:09','Mozilla/5.0 (Windows NT 10.0; Win64; x64) AppleWebKit/537.36 (KHTML, like Gecko) Chrome/141.0.0.0 Safari/537.36 Edg/141.0.0.0','::1','462c48a40db41cad2e472c8207ab2a97d20968adc9e984c15424691b5121b091'),(277,3,155,'eyJhbGciOiJIUzI1NiIsInR5cCI6IkpXVCJ9.eyJ1c2VySWQiOjMsInNlc3Npb25JZCI6MTU1LCJ0eXBlIjoicmVmcmVzaCIsImlhdCI6MTc2MjE1NzUyOSwiZXhwIjoxNzY0NzQ5NTI5LCJpc3MiOiJzYWlsby1hcHAifQ.Z6lHrNde0cTd46xyFQ6k8bQTHc3aTsN4WL69Z3ovACM','2025-12-03 16:12:10','2025-11-03 16:12:09',1,'2025-11-04 09:24:02','Mozilla/5.0 (Windows NT 10.0; Win64; x64) AppleWebKit/537.36 (KHTML, like Gecko) Chrome/141.0.0.0 Safari/537.36 Edg/141.0.0.0','::1','462c48a40db41cad2e472c8207ab2a97d20968adc9e984c15424691b5121b091'),(279,3,158,'eyJhbGciOiJIUzI1NiIsInR5cCI6IkpXVCJ9.eyJ1c2VySWQiOjMsInNlc3Npb25JZCI6MTU4LCJ0eXBlIjoicmVmcmVzaCIsImlhdCI6MTc2MjIyMTQ0NCwiZXhwIjoxNzY0ODEzNDQ0LCJpc3MiOiJzYWlsby1hcHAifQ.ug3sVMsJY876DFUTNf4WXuz0IANpoD-Vm6KblcI5qQs','2025-12-04 09:57:25','2025-11-04 09:57:24',1,'2025-11-04 10:07:24','Mozilla/5.0 (Windows NT 10.0; Win64; x64) AppleWebKit/537.36 (KHTML, like Gecko) Chrome/141.0.0.0 Safari/537.36 Edg/141.0.0.0','::1','462c48a40db41cad2e472c8207ab2a97d20968adc9e984c15424691b5121b091'),(283,3,158,'eyJhbGciOiJIUzI1NiIsInR5cCI6IkpXVCJ9.eyJ1c2VySWQiOjMsInNlc3Npb25JZCI6MTU4LCJ0eXBlIjoicmVmcmVzaCIsImlhdCI6MTc2MjIyMjA0NCwiZXhwIjoxNzY0ODE0MDQ0LCJpc3MiOiJzYWlsby1hcHAifQ.kj44Ocz2_dWeK1CvMZTRoqBV5SD4drI6wO0HnlvSmAw','2025-12-04 10:07:25','2025-11-04 10:07:24',1,'2025-11-04 10:09:02','Mozilla/5.0 (Windows NT 10.0; Win64; x64) AppleWebKit/537.36 (KHTML, like Gecko) Chrome/141.0.0.0 Safari/537.36 Edg/141.0.0.0','::1','462c48a40db41cad2e472c8207ab2a97d20968adc9e984c15424691b5121b091'),(284,3,162,'eyJhbGciOiJIUzI1NiIsInR5cCI6IkpXVCJ9.eyJ1c2VySWQiOjMsInNlc3Npb25JZCI6MTYyLCJ0eXBlIjoicmVmcmVzaCIsImlhdCI6MTc2MjIyMjE0MywiZXhwIjoxNzY0ODE0MTQzLCJpc3MiOiJzYWlsby1hcHAifQ.8nMGhascQvuIUkWB68FpCOn1DnHDjiZyjV8m79SwOdI','2025-12-04 10:09:04','2025-11-04 10:09:03',1,'2025-11-04 10:27:35','Mozilla/5.0 (Windows NT 10.0; Win64; x64) AppleWebKit/537.36 (KHTML, like Gecko) Chrome/141.0.0.0 Safari/537.36 Edg/141.0.0.0','::1','462c48a40db41cad2e472c8207ab2a97d20968adc9e984c15424691b5121b091'),(285,3,163,'eyJhbGciOiJIUzI1NiIsInR5cCI6IkpXVCJ9.eyJ1c2VySWQiOjMsInNlc3Npb25JZCI6MTYzLCJ0eXBlIjoicmVmcmVzaCIsImlhdCI6MTc2MjIyMzI1NywiZXhwIjoxNzY0ODE1MjU3LCJpc3MiOiJzYWlsby1hcHAifQ.JC_eNfNbYl9q1f382O5kFh2rEhXbKPy5K7vKk3ENmyg','2025-12-04 10:27:37','2025-11-04 10:27:37',1,'2025-11-04 10:58:35','Mozilla/5.0 (Windows NT 10.0; Win64; x64) AppleWebKit/537.36 (KHTML, like Gecko) Chrome/141.0.0.0 Safari/537.36 Edg/141.0.0.0','::1','462c48a40db41cad2e472c8207ab2a97d20968adc9e984c15424691b5121b091'),(287,3,165,'eyJhbGciOiJIUzI1NiIsInR5cCI6IkpXVCJ9.eyJ1c2VySWQiOjMsInNlc3Npb25JZCI6MTY1LCJ0eXBlIjoicmVmcmVzaCIsImlhdCI6MTc2MjIyNTExNiwiZXhwIjoxNzY0ODE3MTE2LCJpc3MiOiJzYWlsby1hcHAifQ.rLl9uXz-0ODV8VI1j_GYRumEdoYxUBnQItmkR8GIgSo','2025-12-04 10:58:37','2025-11-04 10:58:36',1,'2025-11-04 19:01:39','Mozilla/5.0 (Windows NT 10.0; Win64; x64) AppleWebKit/537.36 (KHTML, like Gecko) Chrome/141.0.0.0 Safari/537.36 Edg/141.0.0.0','::1','462c48a40db41cad2e472c8207ab2a97d20968adc9e984c15424691b5121b091'),(289,3,167,'eyJhbGciOiJIUzI1NiIsInR5cCI6IkpXVCJ9.eyJ1c2VySWQiOjMsInNlc3Npb25JZCI6MTY3LCJ0eXBlIjoicmVmcmVzaCIsImlhdCI6MTc2MjI1NDExOCwiZXhwIjoxNzY0ODQ2MTE4LCJpc3MiOiJzYWlsby1hcHAifQ.uLPMhMA19AWm8zzKtyvI8OlTMmK0FkOW1DL-4IzGYKg','2025-12-04 19:01:59','2025-11-04 19:01:58',1,'2025-11-04 19:15:48','Mozilla/5.0 (Windows NT 10.0; Win64; x64) AppleWebKit/537.36 (KHTML, like Gecko) Chrome/141.0.0.0 Safari/537.36 Edg/141.0.0.0','::1','462c48a40db41cad2e472c8207ab2a97d20968adc9e984c15424691b5121b091'),(291,3,167,'eyJhbGciOiJIUzI1NiIsInR5cCI6IkpXVCJ9.eyJ1c2VySWQiOjMsInNlc3Npb25JZCI6MTY3LCJ0eXBlIjoicmVmcmVzaCIsImlhdCI6MTc2MjI1NDk0OCwiZXhwIjoxNzY0ODQ2OTQ4LCJpc3MiOiJzYWlsby1hcHAifQ.OC6pvwjpEa0-Lwz9q-Xtalz3KxAHVNbeJZ5Ng7rqqo8','2025-12-04 19:15:48','2025-11-04 19:15:48',1,'2025-11-04 19:25:48','Mozilla/5.0 (Windows NT 10.0; Win64; x64) AppleWebKit/537.36 (KHTML, like Gecko) Chrome/141.0.0.0 Safari/537.36 Edg/141.0.0.0','::1','462c48a40db41cad2e472c8207ab2a97d20968adc9e984c15424691b5121b091'),(293,3,167,'eyJhbGciOiJIUzI1NiIsInR5cCI6IkpXVCJ9.eyJ1c2VySWQiOjMsInNlc3Npb25JZCI6MTY3LCJ0eXBlIjoicmVmcmVzaCIsImlhdCI6MTc2MjI1NTU0OCwiZXhwIjoxNzY0ODQ3NTQ4LCJpc3MiOiJzYWlsby1hcHAifQ.EpJ_rcew2iQrWBWvhDz0re-yLcWshsMHSzS3dzlCCZE','2025-12-04 19:25:48','2025-11-04 19:25:48',1,'2025-11-04 19:35:48','Mozilla/5.0 (Windows NT 10.0; Win64; x64) AppleWebKit/537.36 (KHTML, like Gecko) Chrome/141.0.0.0 Safari/537.36 Edg/141.0.0.0','::1','462c48a40db41cad2e472c8207ab2a97d20968adc9e984c15424691b5121b091'),(295,3,167,'eyJhbGciOiJIUzI1NiIsInR5cCI6IkpXVCJ9.eyJ1c2VySWQiOjMsInNlc3Npb25JZCI6MTY3LCJ0eXBlIjoicmVmcmVzaCIsImlhdCI6MTc2MjI1NjE0OCwiZXhwIjoxNzY0ODQ4MTQ4LCJpc3MiOiJzYWlsby1hcHAifQ.IqajNydOXggiK6_iKsrP1EqiaZ6vZRpWsz8NLMCJUCQ','2025-12-04 19:35:48','2025-11-04 19:35:48',1,'2025-11-04 19:45:48','Mozilla/5.0 (Windows NT 10.0; Win64; x64) AppleWebKit/537.36 (KHTML, like Gecko) Chrome/141.0.0.0 Safari/537.36 Edg/141.0.0.0','::1','462c48a40db41cad2e472c8207ab2a97d20968adc9e984c15424691b5121b091'),(297,3,167,'eyJhbGciOiJIUzI1NiIsInR5cCI6IkpXVCJ9.eyJ1c2VySWQiOjMsInNlc3Npb25JZCI6MTY3LCJ0eXBlIjoicmVmcmVzaCIsImlhdCI6MTc2MjI1Njc0OCwiZXhwIjoxNzY0ODQ4NzQ4LCJpc3MiOiJzYWlsby1hcHAifQ.JyOJAHwzwfE_ZYtCDjdRVdKFWHcDhRTkwwjT_aop4ls','2025-12-04 19:45:48','2025-11-04 19:45:48',1,'2025-11-04 19:55:48','Mozilla/5.0 (Windows NT 10.0; Win64; x64) AppleWebKit/537.36 (KHTML, like Gecko) Chrome/141.0.0.0 Safari/537.36 Edg/141.0.0.0','::1','462c48a40db41cad2e472c8207ab2a97d20968adc9e984c15424691b5121b091'),(299,3,167,'eyJhbGciOiJIUzI1NiIsInR5cCI6IkpXVCJ9.eyJ1c2VySWQiOjMsInNlc3Npb25JZCI6MTY3LCJ0eXBlIjoicmVmcmVzaCIsImlhdCI6MTc2MjI1NzM0OCwiZXhwIjoxNzY0ODQ5MzQ4LCJpc3MiOiJzYWlsby1hcHAifQ.3U7qMP1C0y_u-ZzX_NU337ZFgr7HaN1cLoum7iLewIs','2025-12-04 19:55:48','2025-11-04 19:55:48',1,'2025-11-04 20:05:48','Mozilla/5.0 (Windows NT 10.0; Win64; x64) AppleWebKit/537.36 (KHTML, like Gecko) Chrome/141.0.0.0 Safari/537.36 Edg/141.0.0.0','::1','462c48a40db41cad2e472c8207ab2a97d20968adc9e984c15424691b5121b091'),(301,3,167,'eyJhbGciOiJIUzI1NiIsInR5cCI6IkpXVCJ9.eyJ1c2VySWQiOjMsInNlc3Npb25JZCI6MTY3LCJ0eXBlIjoicmVmcmVzaCIsImlhdCI6MTc2MjI1Nzk0OCwiZXhwIjoxNzY0ODQ5OTQ4LCJpc3MiOiJzYWlsby1hcHAifQ.zsC9OwDG9OeO1SJ2CbAOy3iCdWhrkn1NjFQIjvsfBtg','2025-12-04 20:05:48','2025-11-04 20:05:48',1,'2025-11-04 20:15:48','Mozilla/5.0 (Windows NT 10.0; Win64; x64) AppleWebKit/537.36 (KHTML, like Gecko) Chrome/141.0.0.0 Safari/537.36 Edg/141.0.0.0','::1','462c48a40db41cad2e472c8207ab2a97d20968adc9e984c15424691b5121b091'),(303,3,167,'eyJhbGciOiJIUzI1NiIsInR5cCI6IkpXVCJ9.eyJ1c2VySWQiOjMsInNlc3Npb25JZCI6MTY3LCJ0eXBlIjoicmVmcmVzaCIsImlhdCI6MTc2MjI1ODU0OCwiZXhwIjoxNzY0ODUwNTQ4LCJpc3MiOiJzYWlsby1hcHAifQ.O20C_Ik9Ddsn98-AwAeLPFRRzRm06vuOBqLtzZxo5g4','2025-12-04 20:15:48','2025-11-04 20:15:48',1,'2025-11-04 20:25:48','Mozilla/5.0 (Windows NT 10.0; Win64; x64) AppleWebKit/537.36 (KHTML, like Gecko) Chrome/141.0.0.0 Safari/537.36 Edg/141.0.0.0','::1','462c48a40db41cad2e472c8207ab2a97d20968adc9e984c15424691b5121b091'),(305,3,167,'eyJhbGciOiJIUzI1NiIsInR5cCI6IkpXVCJ9.eyJ1c2VySWQiOjMsInNlc3Npb25JZCI6MTY3LCJ0eXBlIjoicmVmcmVzaCIsImlhdCI6MTc2MjI1OTE0OCwiZXhwIjoxNzY0ODUxMTQ4LCJpc3MiOiJzYWlsby1hcHAifQ.IfahfTI4UK0FeZgQIPO-ltgCHFLD9tNNL7E_R9t5ZzI','2025-12-04 20:25:48','2025-11-04 20:25:48',1,'2025-11-04 20:36:16','Mozilla/5.0 (Windows NT 10.0; Win64; x64) AppleWebKit/537.36 (KHTML, like Gecko) Chrome/141.0.0.0 Safari/537.36 Edg/141.0.0.0','::1','462c48a40db41cad2e472c8207ab2a97d20968adc9e984c15424691b5121b091'),(310,3,168,'eyJhbGciOiJIUzI1NiIsInR5cCI6IkpXVCJ9.eyJ1c2VySWQiOjMsInNlc3Npb25JZCI6MTY4LCJ0eXBlIjoicmVmcmVzaCIsImp0aSI6ImY4YTc2YzgxZjBmZDI5ZTY0MmM5ZjcxNTZlYTNmZmU4IiwiaWF0IjoxNzYyMjYwMzc4LCJleHAiOjE3NjQ4NTIzNzgsImlzcyI6InNhaWxvLWFwcCJ9.N1FoFfNAsrZdlDheZtpx4jvMbZPDV-vouLNQAD5T0eg','2025-12-04 20:46:18','2025-11-04 20:46:18',1,'2025-11-04 21:00:30','Mozilla/5.0 (Windows NT 10.0; Win64; x64) AppleWebKit/537.36 (KHTML, like Gecko) Chrome/141.0.0.0 Safari/537.36 Edg/141.0.0.0','::1','462c48a40db41cad2e472c8207ab2a97d20968adc9e984c15424691b5121b091'),(361,3,170,'eyJhbGciOiJIUzI1NiIsInR5cCI6IkpXVCJ9.eyJ1c2VySWQiOjMsInNlc3Npb25JZCI6MTcwLCJ0eXBlIjoicmVmcmVzaCIsImp0aSI6ImFmYTQ0MThlMTJhZGQyYzE5ZmJhNWQyMTJkNDk3MDhmIiwiaWF0IjoxNzYyMzA5OTMwLCJleHAiOjE3NjQ5MDE5MzAsImlzcyI6InNhaWxvLWFwcCJ9.0tBmRWoKIDNNjp33wRlQweFqR6XOQoGkvzFNBcxdPVA','2025-12-05 10:32:10','2025-11-05 10:32:10',1,'2025-11-05 10:34:47','Mozilla/5.0 (Windows NT 10.0; Win64; x64) AppleWebKit/537.36 (KHTML, like Gecko) Chrome/141.0.0.0 Safari/537.36 Edg/141.0.0.0','::1','462c48a40db41cad2e472c8207ab2a97d20968adc9e984c15424691b5121b091'),(370,3,172,'eyJhbGciOiJIUzI1NiIsInR5cCI6IkpXVCJ9.eyJ1c2VySWQiOjMsInNlc3Npb25JZCI6MTcyLCJ0eXBlIjoicmVmcmVzaCIsImp0aSI6IjkyMTEzM2U1OTQzMTYxMmQ5NTQ4YTY0ZTljMzI2Njk1IiwiaWF0IjoxNzYyMzEyODA0LCJleHAiOjE3NjQ5MDQ4MDQsImlzcyI6InNhaWxvLWFwcCJ9.VKbt0KZaLfXQmbjaw1nJ7tebB3GyM_DI0fz7Q1L5HKQ','2025-12-05 11:20:04','2025-11-05 11:20:04',1,'2025-11-05 11:26:06','Mozilla/5.0 (Windows NT 10.0; Win64; x64) AppleWebKit/537.36 (KHTML, like Gecko) Chrome/141.0.0.0 Safari/537.36 Edg/141.0.0.0','::1','462c48a40db41cad2e472c8207ab2a97d20968adc9e984c15424691b5121b091'),(372,3,173,'eyJhbGciOiJIUzI1NiIsInR5cCI6IkpXVCJ9.eyJ1c2VySWQiOjMsInNlc3Npb25JZCI6MTczLCJ0eXBlIjoicmVmcmVzaCIsImp0aSI6ImE5ZmZiNjVkYWRiYTllMGI1OGY3MWQyYzI5YWQ1Zjg4IiwiaWF0IjoxNzYyMzEzMTY4LCJleHAiOjE3NjQ5MDUxNjgsImlzcyI6InNhaWxvLWFwcCJ9.VsHpiw44MKJpNE4OCI95eOWgd9pgry7R5ukbTeB3ee8','2025-12-05 11:26:08','2025-11-05 11:26:08',1,'2025-11-05 11:28:21','Mozilla/5.0 (Windows NT 10.0; Win64; x64) AppleWebKit/537.36 (KHTML, like Gecko) Chrome/141.0.0.0 Safari/537.36 Edg/141.0.0.0','::1','462c48a40db41cad2e472c8207ab2a97d20968adc9e984c15424691b5121b091'),(373,3,174,'eyJhbGciOiJIUzI1NiIsInR5cCI6IkpXVCJ9.eyJ1c2VySWQiOjMsInNlc3Npb25JZCI6MTc0LCJ0eXBlIjoicmVmcmVzaCIsImp0aSI6ImEyNzQ2M2RiZTJhMTI1MzljOTY1NmRlMTJlZmQ2ZmQ5IiwiaWF0IjoxNzYyMzEzMzAyLCJleHAiOjE3NjQ5MDUzMDIsImlzcyI6InNhaWxvLWFwcCJ9.TTiH5sHGJttu0l_IWCEgXgp9_M0knsmWDZF8UT1UXNM','2025-12-05 11:28:23','2025-11-05 11:28:22',1,'2025-11-05 11:28:32','Mozilla/5.0 (Windows NT 10.0; Win64; x64) AppleWebKit/537.36 (KHTML, like Gecko) Chrome/141.0.0.0 Safari/537.36 Edg/141.0.0.0','::1','462c48a40db41cad2e472c8207ab2a97d20968adc9e984c15424691b5121b091'),(393,3,175,'eyJhbGciOiJIUzI1NiIsInR5cCI6IkpXVCJ9.eyJ1c2VySWQiOjMsInNlc3Npb25JZCI6MTc1LCJ0eXBlIjoicmVmcmVzaCIsImp0aSI6ImJkOWIyOTMxZGY2NjE3OWZjMWI1MjBiMDkxODM4YmFlIiwiaWF0IjoxNzYyMzE5MzU3LCJleHAiOjE3NjQ5MTEzNTcsImlzcyI6InNhaWxvLWFwcCJ9.V_utTh-3zXEItct8l6_NSrTsbWb5yPZ3YCXB2IfX9j4','2025-12-05 13:09:18','2025-11-05 13:09:17',1,'2025-11-05 13:17:27','Mozilla/5.0 (Windows NT 10.0; Win64; x64) AppleWebKit/537.36 (KHTML, like Gecko) Chrome/141.0.0.0 Safari/537.36 Edg/141.0.0.0','::1','462c48a40db41cad2e472c8207ab2a97d20968adc9e984c15424691b5121b091'),(394,3,176,'eyJhbGciOiJIUzI1NiIsInR5cCI6IkpXVCJ9.eyJ1c2VySWQiOjMsInNlc3Npb25JZCI6MTc2LCJ0eXBlIjoicmVmcmVzaCIsImp0aSI6IjRiNThiZWFjOWRjNDQxYjJmMTg5NDgyYmE2N2Q0YzE0IiwiaWF0IjoxNzYyMzE5ODQ4LCJleHAiOjE3NjQ5MTE4NDgsImlzcyI6InNhaWxvLWFwcCJ9.4WGhuisW9uZN0PYq98lfRDkt3gtQXklq-wuLANFWbtM','2025-12-05 13:17:29','2025-11-05 13:17:28',1,'2025-11-05 13:28:18','Mozilla/5.0 (Windows NT 10.0; Win64; x64) AppleWebKit/537.36 (KHTML, like Gecko) Chrome/141.0.0.0 Safari/537.36 Edg/141.0.0.0','::1','462c48a40db41cad2e472c8207ab2a97d20968adc9e984c15424691b5121b091'),(429,4,184,'eyJhbGciOiJIUzI1NiIsInR5cCI6IkpXVCJ9.eyJ1c2VySWQiOjQsInNlc3Npb25JZCI6MTg0LCJ0eXBlIjoicmVmcmVzaCIsImp0aSI6IjU3ZjIwYWE3MjViNmU1OTRlYTU2ZmY3MjJkNDY0MDMxIiwiaWF0IjoxNzYyMzkyMjQ4LCJleHAiOjE3NjQ5ODQyNDgsImlzcyI6InNhaWxvLWFwcCJ9.h69H2Bq9_G93IWWzyKNsdyABUZS9dkzJEcV3ihzZZKM','2025-12-06 09:24:09','2025-11-06 09:24:08',1,'2025-11-06 09:24:20',NULL,NULL,'3601070f076aea470f02a155da573a202a8d5847e0173e6924f379a62ffe7023'),(430,3,178,'eyJhbGciOiJIUzI1NiIsInR5cCI6IkpXVCJ9.eyJ1c2VySWQiOjMsInNlc3Npb25JZCI6MTc4LCJ0eXBlIjoicmVmcmVzaCIsImp0aSI6ImU2ZmUzMmQ0NzBkYmY3M2I4NjliYWY2NTdhZTViOTU3IiwiaWF0IjoxNzYyMzkyMjYzLCJleHAiOjE3NjQ5ODQyNjMsImlzcyI6InNhaWxvLWFwcCJ9.-rYboEYvkN8U2hiRoaMdY5BmBc5GMzDl1A1UE6JgL18','2025-12-06 09:24:23','2025-11-06 09:24:23',1,'2025-11-06 09:24:30','Mozilla/5.0 (Windows NT 10.0; Win64; x64) AppleWebKit/537.36 (KHTML, like Gecko) Chrome/141.0.0.0 Safari/537.36 Edg/141.0.0.0','::1','462c48a40db41cad2e472c8207ab2a97d20968adc9e984c15424691b5121b091'),(438,4,188,'eyJhbGciOiJIUzI1NiIsInR5cCI6IkpXVCJ9.eyJ1c2VySWQiOjQsInNlc3Npb25JZCI6MTg4LCJ0eXBlIjoicmVmcmVzaCIsImp0aSI6ImI3ZTMyNTZlNWZjYmJjYWNlZDQ3YTIwM2EzZmY0NmYzIiwiaWF0IjoxNzYyMzk1NTgzLCJleHAiOjE3NjQ5ODc1ODMsImlzcyI6InNhaWxvLWFwcCJ9.VvTxLq80lAIZ7HB_rNv2ov_UGV5niS9EOwc2mJt5mJw','2025-12-06 10:19:43','2025-11-06 10:19:43',1,'2025-11-06 10:20:07',NULL,NULL,'3601070f076aea470f02a155da573a202a8d5847e0173e6924f379a62ffe7023'),(442,3,192,'eyJhbGciOiJIUzI1NiIsInR5cCI6IkpXVCJ9.eyJ1c2VySWQiOjMsInNlc3Npb25JZCI6MTkyLCJ0eXBlIjoicmVmcmVzaCIsImp0aSI6IjhmOGEzZmNiMzc5OGRlNGUzYjJjOGFlNWZhYWQ0YTI0IiwiaWF0IjoxNzYyMzk2MTIwLCJleHAiOjE3NjQ5ODgxMjAsImlzcyI6InNhaWxvLWFwcCJ9.JZRPITCoP24fSUFOCR0iYNnMb21ESF5h19oaghtllaY','2025-12-06 10:28:41','2025-11-06 10:28:40',1,'2025-11-06 10:37:36','Mozilla/5.0 (Windows NT 10.0; Win64; x64) AppleWebKit/537.36 (KHTML, like Gecko) Chrome/141.0.0.0 Safari/537.36','::1','bfe9b89f8a0a44dc36da0139e25998867f5b6c22c9308586e917fca27991c8c0'),(457,3,185,'eyJhbGciOiJIUzI1NiIsInR5cCI6IkpXVCJ9.eyJ1c2VySWQiOjMsInNlc3Npb25JZCI6MTg1LCJ0eXBlIjoicmVmcmVzaCIsImp0aSI6ImQ3YWFmNjNiOTc3ZjIzOWZjNThlNjdlYWExZmQzNTdjIiwiaWF0IjoxNzYyNDk3NDI2LCJleHAiOjE3NjUwODk0MjYsImlzcyI6InNhaWxvLWFwcCJ9.KhkuYP47Z1wKkeeJ9yuXVp7IqqjWdDexAXmsRzPpedA','2025-12-07 14:37:06','2025-11-07 14:37:06',1,'2025-11-07 14:47:06','Mozilla/5.0 (Windows NT 10.0; Win64; x64) AppleWebKit/537.36 (KHTML, like Gecko) Chrome/141.0.0.0 Safari/537.36 Edg/141.0.0.0','::1','462c48a40db41cad2e472c8207ab2a97d20968adc9e984c15424691b5121b091'),(466,3,195,'eyJhbGciOiJIUzI1NiIsInR5cCI6IkpXVCJ9.eyJ1c2VySWQiOjMsInNlc3Npb25JZCI6MTk1LCJ0eXBlIjoicmVmcmVzaCIsImp0aSI6ImI4YTZlNWMwMjMxNzUzYmViNjc1NjFjZjliMzU0MTc4IiwiaWF0IjoxNzYyNTU2OTAzLCJleHAiOjE3NjUxNDg5MDMsImlzcyI6InNhaWxvLWFwcCJ9.3CRFhJu9QXpSrk7NLpHzRZn8wsujf6ZD4mYstZcoKa8','2025-12-08 07:08:24','2025-11-08 07:08:23',1,'2025-11-08 07:09:49','Mozilla/5.0 (Windows NT 10.0; Win64; x64) AppleWebKit/537.36 (KHTML, like Gecko) Chrome/141.0.0.0 Safari/537.36','::1','bfe9b89f8a0a44dc36da0139e25998867f5b6c22c9308586e917fca27991c8c0'),(484,4,203,'eyJhbGciOiJIUzI1NiIsInR5cCI6IkpXVCJ9.eyJ1c2VySWQiOjQsInNlc3Npb25JZCI6MjAzLCJ0eXBlIjoicmVmcmVzaCIsImp0aSI6IjlhOTc2ZmYyNWM5ZWE2YzAwZjRmYWE2ODlhMTQyNjI2IiwiaWF0IjoxNzYyNTYwMTIzLCJleHAiOjE3NjUxNTIxMjMsImlzcyI6InNhaWxvLWFwcCJ9.wPfdpBXw5-iYlB4nwj7BN2km1IT2D_ffzBHf61tbek4','2025-12-08 08:02:04','2025-11-08 08:02:03',1,'2025-11-08 08:02:21',NULL,NULL,'3601070f076aea470f02a155da573a202a8d5847e0173e6924f379a62ffe7023'),(491,3,200,'eyJhbGciOiJIUzI1NiIsInR5cCI6IkpXVCJ9.eyJ1c2VySWQiOjMsInNlc3Npb25JZCI6MjAwLCJ0eXBlIjoicmVmcmVzaCIsImp0aSI6ImRkN2RlMjRlYjA3MzllY2ZkZGU3MzliOTcwMTFkMTliIiwiaWF0IjoxNzYyNjk2NDkzLCJleHAiOjE3NjUyODg0OTMsImlzcyI6InNhaWxvLWFwcCJ9.qZ9V-d0uKynI6PYmo3mrYozztfPZzQB9UbA_5I9fttw','2025-12-09 21:54:54','2025-11-09 21:54:53',1,'2025-11-10 09:14:16','Mozilla/5.0 (Windows NT 10.0; Win64; x64) AppleWebKit/537.36 (KHTML, like Gecko) Chrome/141.0.0.0 Safari/537.36 Edg/141.0.0.0','::1','462c48a40db41cad2e472c8207ab2a97d20968adc9e984c15424691b5121b091'),(492,3,206,'eyJhbGciOiJIUzI1NiIsInR5cCI6IkpXVCJ9.eyJ1c2VySWQiOjMsInNlc3Npb25JZCI6MjA2LCJ0eXBlIjoicmVmcmVzaCIsImp0aSI6IjE0NzBmZmQ3NjEwYzNjN2QwMDUyNjM3MjZlMWJiNWQxIiwiaWF0IjoxNzYyNzM2NzM5LCJleHAiOjE3NjUzMjg3MzksImlzcyI6InNhaWxvLWFwcCJ9.A3gs_wm1UFXEhojeJWHXMzIqB3Iq_OKQ5_yAYR4M0Pk','2025-12-10 09:05:40','2025-11-10 09:05:39',1,'2025-11-10 09:10:58','Mozilla/5.0 (Windows NT 10.0; Win64; x64) AppleWebKit/537.36 (KHTML, like Gecko) Chrome/141.0.0.0 Safari/537.36','::1','bfe9b89f8a0a44dc36da0139e25998867f5b6c22c9308586e917fca27991c8c0'),(497,3,211,'eyJhbGciOiJIUzI1NiIsInR5cCI6IkpXVCJ9.eyJ1c2VySWQiOjMsInNlc3Npb25JZCI6MjExLCJ0eXBlIjoicmVmcmVzaCIsImp0aSI6IjQ5ZjcyNDNkM2YyMGM3MTU4OGU5NTFmOTdlMzg5ZDJiIiwiaWF0IjoxNzYyNzM3NDI2LCJleHAiOjE3NjUzMjk0MjYsImlzcyI6InNhaWxvLWFwcCJ9.YyhF5nIhIc1Mmkur3iodNoP-bbag3Zzef8kph-bYwQU','2025-12-10 09:17:07','2025-11-10 09:17:06',1,'2025-11-10 09:17:15','Mozilla/5.0 (Windows NT 10.0; Win64; x64) AppleWebKit/537.36 (KHTML, like Gecko) Chrome/141.0.0.0 Safari/537.36','::1','bfe9b89f8a0a44dc36da0139e25998867f5b6c22c9308586e917fca27991c8c0'),(498,3,212,'eyJhbGciOiJIUzI1NiIsInR5cCI6IkpXVCJ9.eyJ1c2VySWQiOjMsInNlc3Npb25JZCI6MjEyLCJ0eXBlIjoicmVmcmVzaCIsImp0aSI6IjYzNzY0NjQ0YTk5YjAxYzk1YjNmMTI0ZWM3ZGUwMDM5IiwiaWF0IjoxNzYyNzM3NDc1LCJleHAiOjE3NjUzMjk0NzUsImlzcyI6InNhaWxvLWFwcCJ9.EDWeGTnH2AmhuDkhAd5tZXKt3-Xqs0Sp1HBDmlti0P4','2025-12-10 09:17:55','2025-11-10 09:17:55',1,'2025-11-10 09:18:30','Mozilla/5.0 (Windows NT 10.0; Win64; x64) AppleWebKit/537.36 (KHTML, like Gecko) Chrome/141.0.0.0 Safari/537.36','::1','bfe9b89f8a0a44dc36da0139e25998867f5b6c22c9308586e917fca27991c8c0'),(502,3,213,'eyJhbGciOiJIUzI1NiIsInR5cCI6IkpXVCJ9.eyJ1c2VySWQiOjMsInNlc3Npb25JZCI6MjEzLCJ0eXBlIjoicmVmcmVzaCIsImp0aSI6IjgyYWVmNDJiNmU1MzQzYTc3N2Q0YzczMzVkY2YxNGZjIiwiaWF0IjoxNzYyNzM4NzkyLCJleHAiOjE3NjUzMzA3OTIsImlzcyI6InNhaWxvLWFwcCJ9.JnqkBtQcQSy8ofcv08gm9UsJzztRloL-GkRrH9TwBOE','2025-12-10 09:39:52','2025-11-10 09:39:52',1,'2025-11-10 09:46:36','Mozilla/5.0 (Windows NT 10.0; Win64; x64) AppleWebKit/537.36 (KHTML, like Gecko) Chrome/141.0.0.0 Safari/537.36','::1','bfe9b89f8a0a44dc36da0139e25998867f5b6c22c9308586e917fca27991c8c0'),(503,3,210,'eyJhbGciOiJIUzI1NiIsInR5cCI6IkpXVCJ9.eyJ1c2VySWQiOjMsInNlc3Npb25JZCI6MjEwLCJ0eXBlIjoicmVmcmVzaCIsImp0aSI6IjMxYWJiNTQyODliMDgzZDRlYzM2YzIxMzhkNWRmOGEyIiwiaWF0IjoxNzYyNzM5MDg2LCJleHAiOjE3NjUzMzEwODYsImlzcyI6InNhaWxvLWFwcCJ9.qAd7VIrMdTORfRCHUHf9oYegM9dOTr2jWbkzk-JxmUE','2025-12-10 09:44:46','2025-11-10 09:44:46',1,'2025-11-10 09:46:46','Mozilla/5.0 (Windows NT 10.0; Win64; x64) AppleWebKit/537.36 (KHTML, like Gecko) Chrome/141.0.0.0 Safari/537.36 Edg/141.0.0.0','::1','462c48a40db41cad2e472c8207ab2a97d20968adc9e984c15424691b5121b091'),(505,4,215,'eyJhbGciOiJIUzI1NiIsInR5cCI6IkpXVCJ9.eyJ1c2VySWQiOjQsInNlc3Npb25JZCI6MjE1LCJ0eXBlIjoicmVmcmVzaCIsImp0aSI6IjBkODRiZDg1Y2VhZjU5NWMzNGFjYTU1YzVlNDIwNmEzIiwiaWF0IjoxNzYyNzM5OTkxLCJleHAiOjE3NjUzMzE5OTEsImlzcyI6InNhaWxvLWFwcCJ9.aF6EVKfqNf55EI9o07v7y3QEgEd5fC1d7aC44pS9YT4','2025-12-10 09:59:52','2025-11-10 09:59:51',1,'2025-11-10 10:00:08',NULL,NULL,'3601070f076aea470f02a155da573a202a8d5847e0173e6924f379a62ffe7023'),(511,3,219,'eyJhbGciOiJIUzI1NiIsInR5cCI6IkpXVCJ9.eyJ1c2VySWQiOjMsInNlc3Npb25JZCI6MjE5LCJ0eXBlIjoicmVmcmVzaCIsImp0aSI6ImE3ZjM5YzZmYjg5MzE2MTUzMTlkM2I3ZTkxZjQyYmVhIiwiaWF0IjoxNzYyNzQxNDQwLCJleHAiOjE3NjUzMzM0NDAsImlzcyI6InNhaWxvLWFwcCJ9.gSQSlTOn-fHsoP1KeM1w6gI-omIns1jWXPy20wbSGiY','2025-12-10 10:24:01','2025-11-10 10:24:00',1,'2025-11-10 10:26:57','Mozilla/5.0 (Windows NT 10.0; Win64; x64) AppleWebKit/537.36 (KHTML, like Gecko) Chrome/141.0.0.0 Safari/537.36','::1','bfe9b89f8a0a44dc36da0139e25998867f5b6c22c9308586e917fca27991c8c0'),(512,3,220,'eyJhbGciOiJIUzI1NiIsInR5cCI6IkpXVCJ9.eyJ1c2VySWQiOjMsInNlc3Npb25JZCI6MjIwLCJ0eXBlIjoicmVmcmVzaCIsImp0aSI6ImViZTk2ZTVjOTQ4NzBiM2Y1MDliZTkyZDNhMjQ0MzA0IiwiaWF0IjoxNzYyNzQxNjM2LCJleHAiOjE3NjUzMzM2MzYsImlzcyI6InNhaWxvLWFwcCJ9.Gz_BpNTrAUeR8P4lnzWp0Vmrlm8Bm95d23OjSWTcEnQ','2025-12-10 10:27:16','2025-11-10 10:27:16',1,'2025-11-10 10:42:28','Mozilla/5.0 (Windows NT 10.0; Win64; x64) AppleWebKit/537.36 (KHTML, like Gecko) Chrome/141.0.0.0 Safari/537.36','::1','bfe9b89f8a0a44dc36da0139e25998867f5b6c22c9308586e917fca27991c8c0'),(516,3,218,'eyJhbGciOiJIUzI1NiIsInR5cCI6IkpXVCJ9.eyJ1c2VySWQiOjMsInNlc3Npb25JZCI6MjE4LCJ0eXBlIjoicmVmcmVzaCIsImp0aSI6ImMwM2M3MDIwN2M5MjgyOWFjNTM5MGE0NzA4ZTQ4ZTdhIiwiaWF0IjoxNzYyNzQyODQ0LCJleHAiOjE3NjUzMzQ4NDQsImlzcyI6InNhaWxvLWFwcCJ9.cH7DlCwSQQ2YUr6h-umFwZgLugmhuth4EGWeLjFvmxc','2025-12-10 10:47:24','2025-11-10 10:47:24',1,'2025-11-10 10:58:16','Mozilla/5.0 (Windows NT 10.0; Win64; x64) AppleWebKit/537.36 (KHTML, like Gecko) Chrome/141.0.0.0 Safari/537.36 Edg/141.0.0.0','::1','462c48a40db41cad2e472c8207ab2a97d20968adc9e984c15424691b5121b091'),(524,3,224,'eyJhbGciOiJIUzI1NiIsInR5cCI6IkpXVCJ9.eyJ1c2VySWQiOjMsInNlc3Npb25JZCI6MjI0LCJ0eXBlIjoicmVmcmVzaCIsImp0aSI6ImJjMDExNTFmN2YyYjljZDRiNDZjODk5MmViYWNiNWViIiwiaWF0IjoxNzYyNzQ2MTYyLCJleHAiOjE3NjUzMzgxNjIsImlzcyI6InNhaWxvLWFwcCJ9.2acsxAvTuqQYtu8CpjvGx4y8i98XGumjPsCH2DMxG2w','2025-12-10 11:42:43','2025-11-10 11:42:42',1,'2025-11-10 11:46:58','Mozilla/5.0 (Windows NT 10.0; Win64; x64) AppleWebKit/537.36 (KHTML, like Gecko) Chrome/142.0.0.0 Safari/537.36','::1','e19fdc60e4a13eda3046e9956b450ebf4e0d21c3cf2d24bba9b4ca5850e1642d'),(531,3,229,'eyJhbGciOiJIUzI1NiIsInR5cCI6IkpXVCJ9.eyJ1c2VySWQiOjMsInNlc3Npb25JZCI6MjI5LCJ0eXBlIjoicmVmcmVzaCIsImp0aSI6ImY0NzJiOGVlYzUyYTVhMTYzMzA4Yjg5YTM2MjVkMDc4IiwiaWF0IjoxNzYyNzc1ODc3LCJleHAiOjE3NjUzNjc4NzcsImlzcyI6InNhaWxvLWFwcCJ9.BOOEAeWN9laDsWGTXrzCu03W9XtQgCNQN3rCFQQnlAA','2025-12-10 19:57:58','2025-11-10 19:57:57',1,'2025-11-10 20:11:44','Mozilla/5.0 (Windows NT 10.0; Win64; x64) AppleWebKit/537.36 (KHTML, like Gecko) Chrome/142.0.0.0 Safari/537.36','::1','e19fdc60e4a13eda3046e9956b450ebf4e0d21c3cf2d24bba9b4ca5850e1642d'),(532,10,230,'eyJhbGciOiJIUzI1NiIsInR5cCI6IkpXVCJ9.eyJ1c2VySWQiOjEwLCJzZXNzaW9uSWQiOjIzMCwidHlwZSI6InJlZnJlc2giLCJqdGkiOiJhOTJlMjk3MzU3NGU3NTFiYTJhODE3M2M3NWQ1OTAxNyIsImlhdCI6MTc2Mjc3Nzc3OCwiZXhwIjoxNzY1MzY5Nzc4LCJpc3MiOiJzYWlsby1hcHAifQ.jiLKLiYgtv79rNJJWURjsPqcNe_L1Ie3jhA9lmheI14','2025-12-10 20:29:39','2025-11-10 20:29:38',1,'2025-11-10 20:30:30','Mozilla/5.0 (Windows NT 10.0; Win64; x64) AppleWebKit/537.36 (KHTML, like Gecko) Chrome/142.0.0.0 Safari/537.36','::1','e19fdc60e4a13eda3046e9956b450ebf4e0d21c3cf2d24bba9b4ca5850e1642d'),(533,11,231,'eyJhbGciOiJIUzI1NiIsInR5cCI6IkpXVCJ9.eyJ1c2VySWQiOjExLCJzZXNzaW9uSWQiOjIzMSwidHlwZSI6InJlZnJlc2giLCJqdGkiOiJlZmZmZjY0NDc1Y2EwZmI3YmYyZDcwMDZiYWU0ODhiOSIsImlhdCI6MTc2Mjc3Nzg1OSwiZXhwIjoxNzY1MzY5ODU5LCJpc3MiOiJzYWlsby1hcHAifQ.ZwXpC7BQsQiCv0IypahPUNCpuZ5Xpw-x4zGy_DT6uhY','2025-12-10 20:31:00','2025-11-10 20:30:59',1,'2025-11-10 20:31:02','Mozilla/5.0 (Windows NT 10.0; Win64; x64) AppleWebKit/537.36 (KHTML, like Gecko) Chrome/142.0.0.0 Safari/537.36','::1','e19fdc60e4a13eda3046e9956b450ebf4e0d21c3cf2d24bba9b4ca5850e1642d'),(534,14,232,'eyJhbGciOiJIUzI1NiIsInR5cCI6IkpXVCJ9.eyJ1c2VySWQiOjE0LCJzZXNzaW9uSWQiOjIzMiwidHlwZSI6InJlZnJlc2giLCJqdGkiOiI4ZWE1ZTE1NTA5YWUyNGNiOTZjMjE2NTlkMGIyNTA2YiIsImlhdCI6MTc2Mjc3Nzk1MSwiZXhwIjoxNzY1MzY5OTUxLCJpc3MiOiJzYWlsby1hcHAifQ.U8nDOekAOHRbWg7tboRQ2CQ1uYt_gv3ZB8Asjou88BU','2025-12-10 20:32:32','2025-11-10 20:32:31',1,'2025-11-10 20:33:45','Mozilla/5.0 (Windows NT 10.0; Win64; x64) AppleWebKit/537.36 (KHTML, like Gecko) Chrome/142.0.0.0 Safari/537.36','::1','e19fdc60e4a13eda3046e9956b450ebf4e0d21c3cf2d24bba9b4ca5850e1642d'),(538,10,233,'eyJhbGciOiJIUzI1NiIsInR5cCI6IkpXVCJ9.eyJ1c2VySWQiOjEwLCJzZXNzaW9uSWQiOjIzMywidHlwZSI6InJlZnJlc2giLCJqdGkiOiI4NTBkZjNkZjVjMzU2MjM3YjFiYTljNzFiZWY3Yzg3MiIsImlhdCI6MTc2Mjc4MDI0NSwiZXhwIjoxNzY1MzcyMjQ1LCJpc3MiOiJzYWlsby1hcHAifQ.v1NkbUNGT0YIwggC5fkYASfcxMwATdsEgmoQpeNUL28','2025-12-10 21:10:46','2025-11-10 21:10:45',1,'2025-11-10 21:16:39','Mozilla/5.0 (Windows NT 10.0; Win64; x64) AppleWebKit/537.36 (KHTML, like Gecko) Chrome/142.0.0.0 Safari/537.36','::1','e19fdc60e4a13eda3046e9956b450ebf4e0d21c3cf2d24bba9b4ca5850e1642d'),(540,11,234,'eyJhbGciOiJIUzI1NiIsInR5cCI6IkpXVCJ9.eyJ1c2VySWQiOjExLCJzZXNzaW9uSWQiOjIzNCwidHlwZSI6InJlZnJlc2giLCJqdGkiOiJlZTNmZWIxZTYzMjU2MDE3ZDZlZDExMjgwMDU4MzIxNiIsImlhdCI6MTc2Mjc4MTIxNywiZXhwIjoxNzY1MzczMjE3LCJpc3MiOiJzYWlsby1hcHAifQ._DIybpY5RJrVOuQsw_jHXMrQONqBPSiG5oRq8YL_y3g','2025-12-10 21:26:58','2025-11-10 21:26:57',1,'2025-11-10 21:28:13','Mozilla/5.0 (Windows NT 10.0; Win64; x64) AppleWebKit/537.36 (KHTML, like Gecko) Chrome/142.0.0.0 Safari/537.36','::1','e19fdc60e4a13eda3046e9956b450ebf4e0d21c3cf2d24bba9b4ca5850e1642d'),(541,10,235,'eyJhbGciOiJIUzI1NiIsInR5cCI6IkpXVCJ9.eyJ1c2VySWQiOjEwLCJzZXNzaW9uSWQiOjIzNSwidHlwZSI6InJlZnJlc2giLCJqdGkiOiJiMzhhNGYyNzhkNjE3NzQ3MTExZWQ1MWM1MWVmOWI0NSIsImlhdCI6MTc2Mjc4MTMwNCwiZXhwIjoxNzY1MzczMzA0LCJpc3MiOiJzYWlsby1hcHAifQ.oMnO517MdL0BV0UtOoXz9fT936NeLSvDozMwRsEp-M8','2025-12-10 21:28:24','2025-11-10 21:28:24',1,'2025-11-10 21:28:48','Mozilla/5.0 (Windows NT 10.0; Win64; x64) AppleWebKit/537.36 (KHTML, like Gecko) Chrome/142.0.0.0 Safari/537.36','::1','e19fdc60e4a13eda3046e9956b450ebf4e0d21c3cf2d24bba9b4ca5850e1642d'),(543,12,236,'eyJhbGciOiJIUzI1NiIsInR5cCI6IkpXVCJ9.eyJ1c2VySWQiOjEyLCJzZXNzaW9uSWQiOjIzNiwidHlwZSI6InJlZnJlc2giLCJqdGkiOiJlYTFiOWQxZjY4YjdkNDJkNGYzYzlkNjcxNjk5Y2NiOCIsImlhdCI6MTc2Mjc4MjM0MSwiZXhwIjoxNzY1Mzc0MzQxLCJpc3MiOiJzYWlsby1hcHAifQ.mlymVdxAir3t5NC3w8rR_nCYZffUXhZBUvJsJ2fRdbI','2025-12-10 21:45:42','2025-11-10 21:45:41',1,'2025-11-10 21:52:50','Mozilla/5.0 (Windows NT 10.0; Win64; x64) AppleWebKit/537.36 (KHTML, like Gecko) Chrome/142.0.0.0 Safari/537.36','::1','e19fdc60e4a13eda3046e9956b450ebf4e0d21c3cf2d24bba9b4ca5850e1642d'),(545,13,237,'eyJhbGciOiJIUzI1NiIsInR5cCI6IkpXVCJ9.eyJ1c2VySWQiOjEzLCJzZXNzaW9uSWQiOjIzNywidHlwZSI6InJlZnJlc2giLCJqdGkiOiIwMTk0OTQ0MDBiMmJhMTQ5Y2Q5MjNkZjIzOTIwZDIyZCIsImlhdCI6MTc2Mjc4MzM4NSwiZXhwIjoxNzY1Mzc1Mzg1LCJpc3MiOiJzYWlsby1hcHAifQ.BJA5KEY26vC5ghoE4iSrvJK_O8DfyCeZKZI2bHoxlpc','2025-12-10 22:03:06','2025-11-10 22:03:05',1,'2025-11-10 22:12:31','Mozilla/5.0 (Windows NT 10.0; Win64; x64) AppleWebKit/537.36 (KHTML, like Gecko) Chrome/142.0.0.0 Safari/537.36','::1','e19fdc60e4a13eda3046e9956b450ebf4e0d21c3cf2d24bba9b4ca5850e1642d'),(546,12,238,'eyJhbGciOiJIUzI1NiIsInR5cCI6IkpXVCJ9.eyJ1c2VySWQiOjEyLCJzZXNzaW9uSWQiOjIzOCwidHlwZSI6InJlZnJlc2giLCJqdGkiOiI0YzU4NWU4ZTI2MGVkYWJiMTllODZhOWFhZDBlYjUzOCIsImlhdCI6MTc2Mjc4Mzk2NiwiZXhwIjoxNzY1Mzc1OTY2LCJpc3MiOiJzYWlsby1hcHAifQ.BD4-Lqs6b3L1Zq8gRKoTWZQ32TcX_BFeuJVE5FJ1oCA','2025-12-10 22:12:46','2025-11-10 22:12:46',1,'2025-11-10 22:13:04','Mozilla/5.0 (Windows NT 10.0; Win64; x64) AppleWebKit/537.36 (KHTML, like Gecko) Chrome/142.0.0.0 Safari/537.36','::1','e19fdc60e4a13eda3046e9956b450ebf4e0d21c3cf2d24bba9b4ca5850e1642d'),(547,14,239,'eyJhbGciOiJIUzI1NiIsInR5cCI6IkpXVCJ9.eyJ1c2VySWQiOjE0LCJzZXNzaW9uSWQiOjIzOSwidHlwZSI6InJlZnJlc2giLCJqdGkiOiI1MzAyMTM5ZGY3MDhjYWU5MDcyZjk3NDVlZTJhZmRjNCIsImlhdCI6MTc2Mjc4Mzk5NywiZXhwIjoxNzY1Mzc1OTk3LCJpc3MiOiJzYWlsby1hcHAifQ.LYy3fwAO1vw0XO1DpCeQbkcXD_zC4CeNd04-C2mviTA','2025-12-10 22:13:17','2025-11-10 22:13:17',1,'2025-11-10 22:20:40','Mozilla/5.0 (Windows NT 10.0; Win64; x64) AppleWebKit/537.36 (KHTML, like Gecko) Chrome/142.0.0.0 Safari/537.36','::1','e19fdc60e4a13eda3046e9956b450ebf4e0d21c3cf2d24bba9b4ca5850e1642d'),(548,10,240,'eyJhbGciOiJIUzI1NiIsInR5cCI6IkpXVCJ9.eyJ1c2VySWQiOjEwLCJzZXNzaW9uSWQiOjI0MCwidHlwZSI6InJlZnJlc2giLCJqdGkiOiJhNjcyZjBkZTkwZDk4OTRhMjBhN2RiOTNlZGE5NzljZCIsImlhdCI6MTc2Mjc4NDQ1MywiZXhwIjoxNzY1Mzc2NDUzLCJpc3MiOiJzYWlsby1hcHAifQ.0hY7jembbRDWtuFGnHaEDPvksG408nTwoBVvSr4Mb_4','2025-12-10 22:20:54','2025-11-10 22:20:53',1,'2025-11-10 22:24:42','Mozilla/5.0 (Windows NT 10.0; Win64; x64) AppleWebKit/537.36 (KHTML, like Gecko) Chrome/142.0.0.0 Safari/537.36','::1','e19fdc60e4a13eda3046e9956b450ebf4e0d21c3cf2d24bba9b4ca5850e1642d'),(551,3,241,'eyJhbGciOiJIUzI1NiIsInR5cCI6IkpXVCJ9.eyJ1c2VySWQiOjMsInNlc3Npb25JZCI6MjQxLCJ0eXBlIjoicmVmcmVzaCIsImp0aSI6IjJlODlkYjEyOWNjYzZlODlmMTU4ZThlNWVhYjA3MDRiIiwiaWF0IjoxNzYyNzg4NzU3LCJleHAiOjE3NjUzODA3NTcsImlzcyI6InNhaWxvLWFwcCJ9.nXQ_IfOdhjDaN7JS-W_Ez3hayMri4KmzOuwlU66D-kc','2025-12-10 23:32:38','2025-11-10 23:32:37',1,'2025-11-11 00:05:01','Mozilla/5.0 (Windows NT 10.0; Win64; x64) AppleWebKit/537.36 (KHTML, like Gecko) Chrome/142.0.0.0 Safari/537.36','::1','e19fdc60e4a13eda3046e9956b450ebf4e0d21c3cf2d24bba9b4ca5850e1642d'),(552,3,242,'eyJhbGciOiJIUzI1NiIsInR5cCI6IkpXVCJ9.eyJ1c2VySWQiOjMsInNlc3Npb25JZCI6MjQyLCJ0eXBlIjoicmVmcmVzaCIsImp0aSI6IjI4ODNkNTkwMzNkOWM0MDg5NDI5OTFmZmI0ZTlmZmFkIiwiaWF0IjoxNzYyNzkwNzE3LCJleHAiOjE3NjUzODI3MTcsImlzcyI6InNhaWxvLWFwcCJ9.Ju3PwCmZKAnxHyaUOoynIyYkPdMEFzGJHKCXcEXrX8w','2025-12-11 00:05:17','2025-11-11 00:05:17',1,'2025-11-11 00:08:46','Mozilla/5.0 (Windows NT 10.0; Win64; x64) AppleWebKit/537.36 (KHTML, like Gecko) Chrome/142.0.0.0 Safari/537.36','::1','e19fdc60e4a13eda3046e9956b450ebf4e0d21c3cf2d24bba9b4ca5850e1642d'),(558,3,245,'eyJhbGciOiJIUzI1NiIsInR5cCI6IkpXVCJ9.eyJ1c2VySWQiOjMsInNlc3Npb25JZCI6MjQ1LCJ0eXBlIjoicmVmcmVzaCIsImp0aSI6ImQyYTk2ZWY5ZDVhMjFlYTBkYWRiNGRlNzIxYjE0OGE3IiwiaWF0IjoxNzYyNzk0NzgyLCJleHAiOjE3NjUzODY3ODIsImlzcyI6InNhaWxvLWFwcCJ9.j4qnRRpQFpD-tLQv6aLL_hdp7EMYvaoWJ3zrVlnI4jc','2025-12-11 01:13:02','2025-11-11 01:13:02',1,'2025-11-11 01:20:21','Mozilla/5.0 (Windows NT 10.0; Win64; x64) AppleWebKit/537.36 (KHTML, like Gecko) Chrome/142.0.0.0 Safari/537.36','::1','e19fdc60e4a13eda3046e9956b450ebf4e0d21c3cf2d24bba9b4ca5850e1642d'),(559,3,246,'eyJhbGciOiJIUzI1NiIsInR5cCI6IkpXVCJ9.eyJ1c2VySWQiOjMsInNlc3Npb25JZCI6MjQ2LCJ0eXBlIjoicmVmcmVzaCIsImp0aSI6ImE3YWE1YmVkYWFhNWZmOWRlYTJhODk0YThkYzEwM2QzIiwiaWF0IjoxNzYyNzk1MjI5LCJleHAiOjE3NjUzODcyMjksImlzcyI6InNhaWxvLWFwcCJ9.aE5hhO_ZybYjEEFUqXnsr4hHIc0vD9Q75fqP-afYxUg','2025-12-11 01:20:30','2025-11-11 01:20:29',1,'2025-11-11 01:32:11','Mozilla/5.0 (Windows NT 10.0; Win64; x64) AppleWebKit/537.36 (KHTML, like Gecko) Chrome/142.0.0.0 Safari/537.36','::1','e19fdc60e4a13eda3046e9956b450ebf4e0d21c3cf2d24bba9b4ca5850e1642d'),(560,3,222,'eyJhbGciOiJIUzI1NiIsInR5cCI6IkpXVCJ9.eyJ1c2VySWQiOjMsInNlc3Npb25JZCI6MjIyLCJ0eXBlIjoicmVmcmVzaCIsImp0aSI6IjMwMGVhNDkwYWE2YzgwN2Y2NjRiNjg5ZGIwMTQ3NDkyIiwiaWF0IjoxNzYyNzk1Njg4LCJleHAiOjE3NjUzODc2ODgsImlzcyI6InNhaWxvLWFwcCJ9.qHw3W_FQXuwtoFAc09WrS0pA8hrI6q9OpIRq7d3GKzM','2025-12-11 01:28:09','2025-11-11 01:28:08',1,'2025-11-11 01:36:55','Mozilla/5.0 (Windows NT 10.0; Win64; x64) AppleWebKit/537.36 (KHTML, like Gecko) Chrome/142.0.0.0 Safari/537.36 Edg/142.0.0.0','::1','e0d27f78969d1e6854a7d6106575d50978908b6761c87fcd1b630cb99b29fa39'),(562,4,248,'eyJhbGciOiJIUzI1NiIsInR5cCI6IkpXVCJ9.eyJ1c2VySWQiOjQsInNlc3Npb25JZCI6MjQ4LCJ0eXBlIjoicmVmcmVzaCIsImp0aSI6ImE1NzQ3Yzg4YzU4YTFhYWZjYzg0NGJlZWViNWU0NmI4IiwiaWF0IjoxNzYyNzk2MDU3LCJleHAiOjE3NjUzODgwNTcsImlzcyI6InNhaWxvLWFwcCJ9.WptZ0JxdtgGmcptFksmlgpiPD7Hx_sfs1fwD8Fg7kMQ','2025-12-11 01:34:17','2025-11-11 01:34:17',1,'2025-11-11 01:34:22',NULL,NULL,'3601070f076aea470f02a155da573a202a8d5847e0173e6924f379a62ffe7023'),(567,3,251,'eyJhbGciOiJIUzI1NiIsInR5cCI6IkpXVCJ9.eyJ1c2VySWQiOjMsInNlc3Npb25JZCI6MjUxLCJ0eXBlIjoicmVmcmVzaCIsImp0aSI6ImYyNjA2NmFkODI1Y2E3YTZkOTcxZDEwN2M5OTNlYmYwIiwiaWF0IjoxNzYyODI1ODc1LCJleHAiOjE3NjU0MTc4NzUsImlzcyI6InNhaWxvLWFwcCJ9.Drsw2N1V2dCXbw3fTpCJe4giLa5QaNa6i2jNbV9t26k','2025-12-11 09:51:16','2025-11-11 09:51:15',1,'2025-11-11 10:57:55','Mozilla/5.0 (Windows NT 10.0; Win64; x64) AppleWebKit/537.36 (KHTML, like Gecko) Chrome/142.0.0.0 Safari/537.36','::1','e19fdc60e4a13eda3046e9956b450ebf4e0d21c3cf2d24bba9b4ca5850e1642d'),(568,3,251,'eyJhbGciOiJIUzI1NiIsInR5cCI6IkpXVCJ9.eyJ1c2VySWQiOjMsInNlc3Npb25JZCI6MjUxLCJ0eXBlIjoicmVmcmVzaCIsImp0aSI6IjE1OTIwYmQzMzlhY2M2YTZhMjU5NWViYTEzZGYyZjU5IiwiaWF0IjoxNzYyODI1ODc1LCJleHAiOjE3NjU0MTc4NzUsImlzcyI6InNhaWxvLWFwcCJ9.qyW0wgNWuruDnA7_Eu5bDMKohqa1HRjhrffPm2rmscs','2025-12-11 09:51:16','2025-11-11 09:51:15',1,'2025-11-11 10:57:55','Mozilla/5.0 (Windows NT 10.0; Win64; x64) AppleWebKit/537.36 (KHTML, like Gecko) Chrome/142.0.0.0 Safari/537.36','::1','e19fdc60e4a13eda3046e9956b450ebf4e0d21c3cf2d24bba9b4ca5850e1642d'),(570,10,252,'eyJhbGciOiJIUzI1NiIsInR5cCI6IkpXVCJ9.eyJ1c2VySWQiOjEwLCJzZXNzaW9uSWQiOjI1MiwidHlwZSI6InJlZnJlc2giLCJqdGkiOiJkZmRjY2I2N2FhYjkxMWI3Y2M2ZGU4MTM5MTEwMWY1YyIsImlhdCI6MTc2MjgyOTg5OSwiZXhwIjoxNzY1NDIxODk5LCJpc3MiOiJzYWlsby1hcHAifQ.VnQg8huH44jHKF13avHO_wufdtM3ggksgW66jpjObKU','2025-12-11 10:58:20','2025-11-11 10:58:19',1,'2025-11-11 10:58:36','Mozilla/5.0 (Windows NT 10.0; Win64; x64) AppleWebKit/537.36 (KHTML, like Gecko) Chrome/142.0.0.0 Safari/537.36','::1','e19fdc60e4a13eda3046e9956b450ebf4e0d21c3cf2d24bba9b4ca5850e1642d'),(571,3,253,'eyJhbGciOiJIUzI1NiIsInR5cCI6IkpXVCJ9.eyJ1c2VySWQiOjMsInNlc3Npb25JZCI6MjUzLCJ0eXBlIjoicmVmcmVzaCIsImp0aSI6IjYxNmU1YTE4MWUyZmQ5M2RmNzkyODYzZDA2MzJlMzE3IiwiaWF0IjoxNzYyODI5OTI4LCJleHAiOjE3NjU0MjE5MjgsImlzcyI6InNhaWxvLWFwcCJ9.QE53Z8N220OZGstl2w-JjqyjfXQ7UKNu_TU77WrGdVs','2025-12-11 10:58:49','2025-11-11 10:58:48',1,'2025-11-11 11:02:14','Mozilla/5.0 (Windows NT 10.0; Win64; x64) AppleWebKit/537.36 (KHTML, like Gecko) Chrome/142.0.0.0 Safari/537.36','::1','e19fdc60e4a13eda3046e9956b450ebf4e0d21c3cf2d24bba9b4ca5850e1642d'),(572,10,254,'eyJhbGciOiJIUzI1NiIsInR5cCI6IkpXVCJ9.eyJ1c2VySWQiOjEwLCJzZXNzaW9uSWQiOjI1NCwidHlwZSI6InJlZnJlc2giLCJqdGkiOiIyMmJlOGViM2ZkYTJjNWVhNThmZGFkMDk1ZGUwNTI1OCIsImlhdCI6MTc2MjgzMDE0OSwiZXhwIjoxNzY1NDIyMTQ5LCJpc3MiOiJzYWlsby1hcHAifQ.I6IRfbTutiF0UFWazzFvtDho-IY5tBHnR2N_qfCIXPY','2025-12-11 11:02:30','2025-11-11 11:02:29',1,'2025-11-11 11:03:31','Mozilla/5.0 (Windows NT 10.0; Win64; x64) AppleWebKit/537.36 (KHTML, like Gecko) Chrome/142.0.0.0 Safari/537.36','::1','e19fdc60e4a13eda3046e9956b450ebf4e0d21c3cf2d24bba9b4ca5850e1642d'),(573,11,255,'eyJhbGciOiJIUzI1NiIsInR5cCI6IkpXVCJ9.eyJ1c2VySWQiOjExLCJzZXNzaW9uSWQiOjI1NSwidHlwZSI6InJlZnJlc2giLCJqdGkiOiI2YjUzNmY2MjQ4MzE5NDZiMTUwOTI2NTU1N2NhNjI3NSIsImlhdCI6MTc2MjgzMDIyNywiZXhwIjoxNzY1NDIyMjI3LCJpc3MiOiJzYWlsby1hcHAifQ.QCinP3n2H5NLVEdy5oO8gLqcCrcbIDiM4To8OOI26_w','2025-12-11 11:03:47','2025-11-11 11:03:47',1,'2025-11-11 11:04:49','Mozilla/5.0 (Windows NT 10.0; Win64; x64) AppleWebKit/537.36 (KHTML, like Gecko) Chrome/142.0.0.0 Safari/537.36','::1','e19fdc60e4a13eda3046e9956b450ebf4e0d21c3cf2d24bba9b4ca5850e1642d'),(575,12,256,'eyJhbGciOiJIUzI1NiIsInR5cCI6IkpXVCJ9.eyJ1c2VySWQiOjEyLCJzZXNzaW9uSWQiOjI1NiwidHlwZSI6InJlZnJlc2giLCJqdGkiOiIyNDIxZmRkNTQ3ZmQ4M2YxMWM1NTBlODNmYTYzNDM0YiIsImlhdCI6MTc2MjgzMDMwMywiZXhwIjoxNzY1NDIyMzAzLCJpc3MiOiJzYWlsby1hcHAifQ.qBnoWMjKfX8kOFGEDCRFwviHn34ZBedGdu4_ljJw47Q','2025-12-11 11:05:04','2025-11-11 11:05:03',1,'2025-11-11 11:05:41','Mozilla/5.0 (Windows NT 10.0; Win64; x64) AppleWebKit/537.36 (KHTML, like Gecko) Chrome/142.0.0.0 Safari/537.36','::1','e19fdc60e4a13eda3046e9956b450ebf4e0d21c3cf2d24bba9b4ca5850e1642d'),(576,13,257,'eyJhbGciOiJIUzI1NiIsInR5cCI6IkpXVCJ9.eyJ1c2VySWQiOjEzLCJzZXNzaW9uSWQiOjI1NywidHlwZSI6InJlZnJlc2giLCJqdGkiOiI1ZTBmMTExY2UwZmQxOGM5MDVjMzdkODE2YzFjMzhlMiIsImlhdCI6MTc2MjgzMDM1MSwiZXhwIjoxNzY1NDIyMzUxLCJpc3MiOiJzYWlsby1hcHAifQ.5235GdYFklxhWPdV_IgvpsdRC-5l3QvMycSrINkz7cg','2025-12-11 11:05:52','2025-11-11 11:05:51',1,'2025-11-11 11:06:45','Mozilla/5.0 (Windows NT 10.0; Win64; x64) AppleWebKit/537.36 (KHTML, like Gecko) Chrome/142.0.0.0 Safari/537.36','::1','e19fdc60e4a13eda3046e9956b450ebf4e0d21c3cf2d24bba9b4ca5850e1642d'),(577,14,258,'eyJhbGciOiJIUzI1NiIsInR5cCI6IkpXVCJ9.eyJ1c2VySWQiOjE0LCJzZXNzaW9uSWQiOjI1OCwidHlwZSI6InJlZnJlc2giLCJqdGkiOiIwNTMzOGQ3OGIyMjMwMjUyMjBkMTYwZmZiMmFlNWUwYiIsImlhdCI6MTc2MjgzMDQxNSwiZXhwIjoxNzY1NDIyNDE1LCJpc3MiOiJzYWlsby1hcHAifQ.6jjWxJD-5r4y8eovBHNm8kZwkX_sZ-bb3akceml-UJI','2025-12-11 11:06:55','2025-11-11 11:06:55',1,'2025-11-11 11:07:28','Mozilla/5.0 (Windows NT 10.0; Win64; x64) AppleWebKit/537.36 (KHTML, like Gecko) Chrome/142.0.0.0 Safari/537.36','::1','e19fdc60e4a13eda3046e9956b450ebf4e0d21c3cf2d24bba9b4ca5850e1642d'),(580,3,259,'eyJhbGciOiJIUzI1NiIsInR5cCI6IkpXVCJ9.eyJ1c2VySWQiOjMsInNlc3Npb25JZCI6MjU5LCJ0eXBlIjoicmVmcmVzaCIsImp0aSI6IjJiNDlmOGQ4NzVlNjhkYTJjZWMwYmM1ZmU1MzBiYTQyIiwiaWF0IjoxNzYyODU3NDcxLCJleHAiOjE3NjU0NDk0NzEsImlzcyI6InNhaWxvLWFwcCJ9.I07MR4xkPuIIanMsO0657Nu9fE561st-TPB11MWSwSo','2025-12-11 18:37:52','2025-11-11 18:37:51',1,'2025-11-11 18:40:13','Mozilla/5.0 (Windows NT 10.0; Win64; x64) AppleWebKit/537.36 (KHTML, like Gecko) Chrome/142.0.0.0 Safari/537.36','::1','e19fdc60e4a13eda3046e9956b450ebf4e0d21c3cf2d24bba9b4ca5850e1642d'),(581,3,260,'eyJhbGciOiJIUzI1NiIsInR5cCI6IkpXVCJ9.eyJ1c2VySWQiOjMsInNlc3Npb25JZCI6MjYwLCJ0eXBlIjoicmVmcmVzaCIsImp0aSI6IjliMTk2NWMwYjk1NDhmOTY5Y2NjZTAxZjE3YzUwNDFkIiwiaWF0IjoxNzYyODU3NjI0LCJleHAiOjE3NjU0NDk2MjQsImlzcyI6InNhaWxvLWFwcCJ9.Hva_nsV1OH-apD0kSQYq3-MhB86kLZtR_my5quEDS4U','2025-12-11 18:40:25','2025-11-11 18:40:24',1,'2025-11-11 18:45:52','Mozilla/5.0 (Windows NT 10.0; Win64; x64) AppleWebKit/537.36 (KHTML, like Gecko) Chrome/142.0.0.0 Safari/537.36','::1','e19fdc60e4a13eda3046e9956b450ebf4e0d21c3cf2d24bba9b4ca5850e1642d'),(583,5,262,'eyJhbGciOiJIUzI1NiIsInR5cCI6IkpXVCJ9.eyJ1c2VySWQiOjUsInNlc3Npb25JZCI6MjYyLCJ0eXBlIjoicmVmcmVzaCIsImp0aSI6IjliNjFhZDhiMDg5ZWEyOGM0YjhhMjMwZjJlMDFmMzlmIiwiaWF0IjoxNzYyODU4MTc2LCJleHAiOjE3NjU0NTAxNzYsImlzcyI6InNhaWxvLWFwcCJ9.Tr73j0POElCvw2OB9Jqdwn47vk7y92BJJGFAzwyS4ls','2025-12-11 18:49:36','2025-11-11 18:49:36',1,'2025-11-11 18:59:22','Mozilla/5.0 (Windows NT 10.0; Win64; x64) AppleWebKit/537.36 (KHTML, like Gecko) Chrome/142.0.0.0 Safari/537.36','::1','e19fdc60e4a13eda3046e9956b450ebf4e0d21c3cf2d24bba9b4ca5850e1642d'),(584,3,250,'eyJhbGciOiJIUzI1NiIsInR5cCI6IkpXVCJ9.eyJ1c2VySWQiOjMsInNlc3Npb25JZCI6MjUwLCJ0eXBlIjoicmVmcmVzaCIsImp0aSI6IjY0MWEwMDQ4YzEwNzEzYjAwZTk0YTg1YjRmMTQ5ZmViIiwiaWF0IjoxNzYyODU4NTA3LCJleHAiOjE3NjU0NTA1MDcsImlzcyI6InNhaWxvLWFwcCJ9.G-evki8B5ipnyUD05gV6HOegQnHmMRlk4w4TCpybDTI','2025-12-11 18:55:08','2025-11-11 18:55:07',1,'2025-11-11 18:55:15','Mozilla/5.0 (Windows NT 10.0; Win64; x64) AppleWebKit/537.36 (KHTML, like Gecko) Chrome/142.0.0.0 Safari/537.36 Edg/142.0.0.0','::1','e0d27f78969d1e6854a7d6106575d50978908b6761c87fcd1b630cb99b29fa39'),(586,5,264,'eyJhbGciOiJIUzI1NiIsInR5cCI6IkpXVCJ9.eyJ1c2VySWQiOjUsInNlc3Npb25JZCI6MjY0LCJ0eXBlIjoicmVmcmVzaCIsImp0aSI6IjU2Zjc5OGRhMjdhODk3YTllNDA2ZTFiZGIzMmYwMjBlIiwiaWF0IjoxNzYyODU4NzgxLCJleHAiOjE3NjU0NTA3ODEsImlzcyI6InNhaWxvLWFwcCJ9.F0KO8gkqV79XQ46xM2AR7YvDokFJ2Bxc-NmqVdHeQ8g','2025-12-11 18:59:42','2025-11-11 18:59:41',1,'2025-11-11 18:59:46','Mozilla/5.0 (Windows NT 10.0; Win64; x64) AppleWebKit/537.36 (KHTML, like Gecko) Chrome/142.0.0.0 Safari/537.36','::1','e19fdc60e4a13eda3046e9956b450ebf4e0d21c3cf2d24bba9b4ca5850e1642d'),(587,5,265,'eyJhbGciOiJIUzI1NiIsInR5cCI6IkpXVCJ9.eyJ1c2VySWQiOjUsInNlc3Npb25JZCI6MjY1LCJ0eXBlIjoicmVmcmVzaCIsImp0aSI6ImY5YTRmYTU4MThiZjA1ODM4OWNjMmQ5ZTRlYmJhMzVmIiwiaWF0IjoxNzYyODU4Nzk4LCJleHAiOjE3NjU0NTA3OTgsImlzcyI6InNhaWxvLWFwcCJ9.tOzo1FbVapuIaVPc4IFtaXGngRwyayetL_8eUibyC_w','2025-12-11 18:59:59','2025-11-11 18:59:58',1,'2025-11-11 19:04:07','Mozilla/5.0 (Windows NT 10.0; Win64; x64) AppleWebKit/537.36 (KHTML, like Gecko) Chrome/142.0.0.0 Safari/537.36','::1','e19fdc60e4a13eda3046e9956b450ebf4e0d21c3cf2d24bba9b4ca5850e1642d'),(588,3,266,'eyJhbGciOiJIUzI1NiIsInR5cCI6IkpXVCJ9.eyJ1c2VySWQiOjMsInNlc3Npb25JZCI6MjY2LCJ0eXBlIjoicmVmcmVzaCIsImp0aSI6IjZlN2QxNjAxM2YyMzFkZDFhZjRlMTgwYzFiMmQyYjIyIiwiaWF0IjoxNzYyODU5MDUzLCJleHAiOjE3NjU0NTEwNTMsImlzcyI6InNhaWxvLWFwcCJ9.q2m-0dhvmSiyiUJdIe1B3j5Vk8sZQ_HuruprzywNZ0g','2025-12-11 19:04:13','2025-11-11 19:04:13',1,'2025-11-11 19:08:10','Mozilla/5.0 (Windows NT 10.0; Win64; x64) AppleWebKit/537.36 (KHTML, like Gecko) Chrome/142.0.0.0 Safari/537.36','::1','e19fdc60e4a13eda3046e9956b450ebf4e0d21c3cf2d24bba9b4ca5850e1642d'),(589,3,267,'eyJhbGciOiJIUzI1NiIsInR5cCI6IkpXVCJ9.eyJ1c2VySWQiOjMsInNlc3Npb25JZCI6MjY3LCJ0eXBlIjoicmVmcmVzaCIsImp0aSI6ImM0NjczMWFmYzg4ZmIwY2ViMWM3YTk4NTI3NmRkOGIwIiwiaWF0IjoxNzYyODU5Mjk2LCJleHAiOjE3NjU0NTEyOTYsImlzcyI6InNhaWxvLWFwcCJ9.wsTIGTlc5fWcRjqBskwUznhqiiPThPkl3lz-jHXp_pw','2025-12-11 19:08:17','2025-11-11 19:08:16',1,'2025-11-11 19:52:14','Mozilla/5.0 (Windows NT 10.0; Win64; x64) AppleWebKit/537.36 (KHTML, like Gecko) Chrome/142.0.0.0 Safari/537.36','::1','e19fdc60e4a13eda3046e9956b450ebf4e0d21c3cf2d24bba9b4ca5850e1642d'),(591,3,263,'eyJhbGciOiJIUzI1NiIsInR5cCI6IkpXVCJ9.eyJ1c2VySWQiOjMsInNlc3Npb25JZCI6MjYzLCJ0eXBlIjoicmVmcmVzaCIsImp0aSI6IjY5MWM1NThiYjI2ZDJmMGY0MzliNDUyOWJlYTY1YzdmIiwiaWF0IjoxNzYyODYyMjQ2LCJleHAiOjE3NjU0NTQyNDYsImlzcyI6InNhaWxvLWFwcCJ9.y0LLLltUKASH3b5oOULy_Yp6UvNpZsiv8LH5jvQkNY4','2025-12-11 19:57:27','2025-11-11 19:57:26',0,NULL,'Mozilla/5.0 (Windows NT 10.0; Win64; x64) AppleWebKit/537.36 (KHTML, like Gecko) Chrome/142.0.0.0 Safari/537.36 Edg/142.0.0.0','::1','e0d27f78969d1e6854a7d6106575d50978908b6761c87fcd1b630cb99b29fa39'),(594,3,268,'eyJhbGciOiJIUzI1NiIsInR5cCI6IkpXVCJ9.eyJ1c2VySWQiOjMsInNlc3Npb25JZCI6MjY4LCJ0eXBlIjoicmVmcmVzaCIsImp0aSI6IjAzNWI3ZWUxMjBjOGRkOTYwMjVlZjVlNjRjMjRjYjE4IiwiaWF0IjoxNzYyODY0NzkxLCJleHAiOjE3NjU0NTY3OTEsImlzcyI6InNhaWxvLWFwcCJ9.dJC_jtSaz8VKw8v3M_Uh_gxaEKwMaGStm4Mf_RTyLew','2025-12-11 20:39:52','2025-11-11 20:39:51',0,NULL,'Mozilla/5.0 (Windows NT 10.0; Win64; x64) AppleWebKit/537.36 (KHTML, like Gecko) Chrome/142.0.0.0 Safari/537.36','::1','e19fdc60e4a13eda3046e9956b450ebf4e0d21c3cf2d24bba9b4ca5850e1642d');
/*!40000 ALTER TABLE `refresh_tokens` ENABLE KEYS */;
UNLOCK TABLES;

--
-- Table structure for table `sessions`
--

DROP TABLE IF EXISTS `sessions`;
/*!40101 SET @saved_cs_client     = @@character_set_client */;
/*!50503 SET character_set_client = utf8mb4 */;
CREATE TABLE `sessions` (
  `id` int NOT NULL AUTO_INCREMENT COMMENT 'Session ID',
  `user_id` int NOT NULL COMMENT '使用者 ID',
  `session_token` varchar(500) COLLATE utf8mb4_unicode_ci NOT NULL COMMENT 'Session Token (唯一識別碼)',
  `access_token_hash` varchar(255) COLLATE utf8mb4_unicode_ci DEFAULT NULL COMMENT 'Access Token Hash (用於驗證)',
  `expires_at` datetime NOT NULL COMMENT 'Session 過期時間',
  `created_at` datetime DEFAULT CURRENT_TIMESTAMP COMMENT '建立時間',
  `last_activity` datetime DEFAULT CURRENT_TIMESTAMP ON UPDATE CURRENT_TIMESTAMP COMMENT '最後活動時間',
  `is_active` tinyint(1) DEFAULT '1' COMMENT '是否啟用',
  `user_agent` varchar(255) COLLATE utf8mb4_unicode_ci DEFAULT NULL COMMENT '使用者代理 (瀏覽器資訊)',
  `ip_address` varchar(45) COLLATE utf8mb4_unicode_ci DEFAULT NULL COMMENT 'IP 位址 (支援 IPv6)',
  `device_info` json DEFAULT NULL COMMENT '裝置資訊 (作業系統、瀏覽器版本等)',
  PRIMARY KEY (`id`),
  UNIQUE KEY `session_token` (`session_token`),
  KEY `idx_user_id` (`user_id`),
  KEY `idx_session_token` (`session_token`),
  KEY `idx_expires_at` (`expires_at`),
  KEY `idx_is_active` (`is_active`),
  KEY `idx_last_activity` (`last_activity`),
  KEY `idx_user_session_status` (`user_id`,`is_active`,`expires_at`),
  CONSTRAINT `sessions_ibfk_1` FOREIGN KEY (`user_id`) REFERENCES `users` (`id`) ON DELETE CASCADE
) ENGINE=InnoDB AUTO_INCREMENT=269 DEFAULT CHARSET=utf8mb4 COLLATE=utf8mb4_unicode_ci COMMENT='Sessions 表 - 追蹤使用者會話狀態';
/*!40101 SET character_set_client = @saved_cs_client */;

--
-- Dumping data for table `sessions`
--

LOCK TABLES `sessions` WRITE;
/*!40000 ALTER TABLE `sessions` DISABLE KEYS */;
INSERT INTO `sessions` VALUES (15,8,'4d106fa83469d79a0dee0a8d01c2ffe404b7147e92b2636dc7a7160a9a2e5d1af5971355dc3bbb4a9168c442b04dadea4bc11b9f192c11fed3d52fbf87d16998','98d31211d0665d7b6418bcf1e97f6a22f283866803a914ee63ba8a8dfce4f966','2025-10-26 17:56:54','2025-10-25 17:56:54','2025-10-25 17:57:05',0,'Mozilla/5.0 (Windows NT 10.0; Win64; x64) AppleWebKit/537.36 (KHTML, like Gecko) Chrome/141.0.0.0 Safari/537.36','::1','{\"os\": \"Windows\", \"device\": \"Desktop\", \"browser\": \"Chrome\"}'),(17,3,'4b10a8499d91993e58b9e9384a21148e5f214f9dbdc7c0df02b4e8dc1fa3f74ea65c195a0035c24cf2e4919c5b5e4a2873fbaef5b412e8c348e7b31b4f007599','8d4b6d4e414412467c15198afb10ee763243d50346bbc78f2818c739db92650d','2025-10-26 18:06:26','2025-10-25 18:06:26','2025-10-25 18:06:44',0,'Mozilla/5.0 (Windows NT 10.0; Win64; x64) AppleWebKit/537.36 (KHTML, like Gecko) Chrome/141.0.0.0 Safari/537.36','::1','{\"os\": \"Windows\", \"device\": \"Desktop\", \"browser\": \"Chrome\"}'),(19,4,'3c6884998e8800defd07659ac492af495117c79ead9889b8885f76c5a71111f116145e7c3aa642778e438acab9b62843fc6ad75972bc2c8f647d59907fa98d54','8d3a4310782ed11654708481a971289b2b41320c78fe2ca10c0be5d9c3af9b5b','2025-10-26 19:02:01','2025-10-25 19:02:01','2025-10-27 15:07:52',0,NULL,NULL,'{\"os\": \"Unknown\", \"device\": \"Unknown\", \"browser\": \"Unknown\"}'),(20,4,'04711820fd711a41f80df34d66415f2d73c27f2d2c4ee1ae0970c22f96b0c903bdf25aaa842c63c20c2709d02cd727849eba04c8a4995fc72ffb35a0a947e14d','8d3a4310782ed11654708481a971289b2b41320c78fe2ca10c0be5d9c3af9b5b','2025-10-26 19:02:39','2025-10-25 19:02:38','2025-10-27 15:07:52',0,NULL,NULL,'{\"os\": \"Unknown\", \"device\": \"Unknown\", \"browser\": \"Unknown\"}'),(21,4,'9c2ea648c36835eaa5b3f767455339e2bd0ef3ecea8cfe9bea9ff6c3b54e0e70162f07a19e6d6adbfd50ff25b663748d3691449160f009697f909e5eb14ac1d1','8d3a4310782ed11654708481a971289b2b41320c78fe2ca10c0be5d9c3af9b5b','2025-10-26 19:06:13','2025-10-25 19:06:13','2025-10-25 19:08:13',0,NULL,NULL,'{\"os\": \"Unknown\", \"device\": \"Unknown\", \"browser\": \"Unknown\"}'),(22,4,'65f01dbb56ec8db76047f29ae0f5191116aa7c051e62197dd905fd2956b3d4edab6ff6b8a1b61ca50e5a9c3d3b37c61b3ce4ed474c9c0588281d062a943ae8c7','8d3a4310782ed11654708481a971289b2b41320c78fe2ca10c0be5d9c3af9b5b','2025-10-26 19:08:17','2025-10-25 19:08:17','2025-10-27 15:07:52',0,NULL,NULL,'{\"os\": \"Unknown\", \"device\": \"Unknown\", \"browser\": \"Unknown\"}'),(23,4,'9dc70f1acddadcb361797e87f5db4918080c6ffa0422bdd6d5417294ba4bd44bc7d82f7684d2feaa619d02c32a439b47624b87abed4742dba5569f34e1896424','8d3a4310782ed11654708481a971289b2b41320c78fe2ca10c0be5d9c3af9b5b','2025-10-26 19:10:15','2025-10-25 19:10:15','2025-10-27 15:07:52',0,NULL,NULL,'{\"os\": \"Unknown\", \"device\": \"Unknown\", \"browser\": \"Unknown\"}'),(24,4,'534cb833eb538ae78173b201c261b219a10e2833093d8eb0cf2b6a85ef2af31fa44277d8f7c6e4c2cfb4525a20dfbf753158226e99ea3898e14d45c488323c66','8d3a4310782ed11654708481a971289b2b41320c78fe2ca10c0be5d9c3af9b5b','2025-10-26 19:11:54','2025-10-25 19:11:53','2025-10-27 15:07:52',0,NULL,NULL,'{\"os\": \"Unknown\", \"device\": \"Unknown\", \"browser\": \"Unknown\"}'),(25,4,'d8b6f742101c8455250109fbbe8a5d61f5809920a6f5cc5396eaf3c6e19c5486c69f4a4eebadec708568da6d62422c733e0b60975e2d772b8bfa19f456bef493','8d3a4310782ed11654708481a971289b2b41320c78fe2ca10c0be5d9c3af9b5b','2025-10-26 19:14:08','2025-10-25 19:14:08','2025-10-27 15:07:52',0,NULL,NULL,'{\"os\": \"Unknown\", \"device\": \"Unknown\", \"browser\": \"Unknown\"}'),(26,4,'e5ee505053fca76ffc07693cf976922c0a83794d970a785e4ceaf91e568c18650dd17c9d81bbd0729e318cc3ef433dba0d1157aae8e2e6257bb485cf6054609d','e2504d4931047fdd150e5dd55ca05460149d1a262d94c1d9ddd3ed353f0db7ca','2025-10-26 19:17:19','2025-10-25 19:17:19','2025-10-25 19:17:44',0,'Mozilla/5.0 (Windows NT 10.0; Win64; x64) AppleWebKit/537.36 (KHTML, like Gecko) Chrome/141.0.0.0 Safari/537.36','::1','{\"os\": \"Windows\", \"device\": \"Desktop\", \"browser\": \"Chrome\"}'),(31,3,'20b923c681224b92bc9b8d20539857031212144e11cf72f60331c672b959a03cf8f2cf3ebd85f26d8a748a327897d89a4ddc3b0e9e397c12d8546226db9c3e39','9963e8cc3b63d780c4ffa38defb2d77c7d9d4fcedd726b092e8f841f8d60a826','2025-10-28 15:11:38','2025-10-27 15:11:37','2025-10-27 15:11:56',0,'Mozilla/5.0 (Windows NT 10.0; Win64; x64) AppleWebKit/537.36 (KHTML, like Gecko) Chrome/141.0.0.0 Safari/537.36','::1','{\"os\": \"Windows\", \"device\": \"Desktop\", \"browser\": \"Chrome\"}'),(32,3,'6fb7f396797d205940c800411196314efe887b3edd99c2983530df947fc96adfbed56e0dd538f2df1254199075e185254a334c88a10b75f402d7c97be7b5239d','d6a2d23a4b30363a23f266c89324cec3204cfac15843b17bae0c37dbec59af27','2025-10-28 15:23:18','2025-10-27 15:23:17','2025-10-27 15:23:30',0,'Mozilla/5.0 (Windows NT 10.0; Win64; x64) AppleWebKit/537.36 (KHTML, like Gecko) Chrome/141.0.0.0 Safari/537.36','::1','{\"os\": \"Windows\", \"device\": \"Desktop\", \"browser\": \"Chrome\"}'),(33,3,'449a608731ca7fb6abe45ddf3fd6d05c2b5e72fe02175f0067d496e4650dc44d3f304bcba6d9ae97a325e4271d446b5ab5e337cf0e95871f66c57821ab4345e8','a79c7d65786ab7368cc99f88043b3632038f9bcd4e1fb51e1b9e61c82ac1ef08','2025-10-28 15:45:57','2025-10-27 15:45:56','2025-10-27 15:58:16',0,'Mozilla/5.0 (Windows NT 10.0; Win64; x64) AppleWebKit/537.36 (KHTML, like Gecko) Chrome/141.0.0.0 Safari/537.36','::1','{\"os\": \"Windows\", \"device\": \"Desktop\", \"browser\": \"Chrome\"}'),(34,3,'4d0be076bbf3577d77e8e01cf9aa6ddd0541dfea004d93de51cb15cbbb827ee37da6063cc0f90354d4a284a7a382df9a8be4057e9fa6a2a172a7ddc2badfab2b','a153b19bccaf18cf4df936e7346722ae2da0354657f9948c53fa045f383e08bd','2025-10-28 15:58:29','2025-10-27 15:58:29','2025-10-30 21:46:09',0,'Mozilla/5.0 (Windows NT 10.0; Win64; x64) AppleWebKit/537.36 (KHTML, like Gecko) Chrome/141.0.0.0 Safari/537.36','::1','{\"os\": \"Windows\", \"device\": \"Desktop\", \"browser\": \"Chrome\"}'),(35,3,'b0edc9d04f6f3322843e082288e0ced2bf233370d346f355c096e01609e74bf4160ccfd7ffc4158d603f1adf6a29b9a3f6be7d362553f6fb50e7d9ae0fbbc933','8393ad45ed3187032bd4b4c7dcaa3d326ae14c520f2f8de29fc21a7df283ed0a','2025-10-28 15:58:40','2025-10-27 15:58:39','2025-10-27 16:24:50',0,'Mozilla/5.0 (Windows NT 10.0; Win64; x64) AppleWebKit/537.36 (KHTML, like Gecko) Chrome/141.0.0.0 Safari/537.36','::1','{\"os\": \"Windows\", \"device\": \"Desktop\", \"browser\": \"Chrome\"}'),(36,3,'b22e582d73589db6e8fc96120775c0efe7eb5222f9f914e1017d9790482e066f326c1ca95f3633e230d7f5a74777d4587ddec4445abf994a79644454a6c9f39b','f7c7a2cd8b8ddebd750b0f04833b36ae85eb7ed729d8ec94642fef4f8da2b64f','2025-10-28 16:24:56','2025-10-27 16:24:55','2025-10-27 18:53:07',0,'Mozilla/5.0 (Windows NT 10.0; Win64; x64) AppleWebKit/537.36 (KHTML, like Gecko) Chrome/141.0.0.0 Safari/537.36','::1','{\"os\": \"Windows\", \"device\": \"Desktop\", \"browser\": \"Chrome\"}'),(37,3,'f93b6587141b940cb437533b11e2b272e123ccdc883f9028b7d1d9a2fef7cb836b3749170eb225f08dfc4e24ad1f569bbdaa59a5d9ef593a39938c40646dbf59','b97f4b174a340c4796ef4a25a21d184494f958dde74c2974784a0dcab4fe998f','2025-10-28 18:53:26','2025-10-27 18:53:26','2025-10-27 19:01:19',0,'Mozilla/5.0 (Windows NT 10.0; Win64; x64) AppleWebKit/537.36 (KHTML, like Gecko) Chrome/141.0.0.0 Safari/537.36','::1','{\"os\": \"Windows\", \"device\": \"Desktop\", \"browser\": \"Chrome\"}'),(38,3,'fe67bf320650b361d30d355624561455a6c26e1808db48efb8e8d6d59e8d13af1b03eb021bf7034faa31369d186457c267d6f047460f4da49c9d8daae187ddb3','4145d6b289bd244a4a36f93f39ab713e7c0d51aa06f06a4394cba73b3ecb6162','2025-10-28 19:01:31','2025-10-27 19:01:31','2025-10-27 19:10:55',0,'Mozilla/5.0 (Windows NT 10.0; Win64; x64) AppleWebKit/537.36 (KHTML, like Gecko) Chrome/141.0.0.0 Safari/537.36','::1','{\"os\": \"Windows\", \"device\": \"Desktop\", \"browser\": \"Chrome\"}'),(39,3,'463cd6bc9dee0a5ea691338f153d365936f6ab1e53574e6adecdcac68cfd4194e8d4e2536aae22527797c38b50d39237f3a6c794a7b6f75557850232e2abd21e','0f50d55cc5f9e3673e3ce7257638a6c16141336eff0e7fdb38f29a9986584a77','2025-10-28 19:11:20','2025-10-27 19:11:19','2025-10-27 19:11:54',0,'Mozilla/5.0 (Windows NT 10.0; Win64; x64) AppleWebKit/537.36 (KHTML, like Gecko) Chrome/141.0.0.0 Safari/537.36','::1','{\"os\": \"Windows\", \"device\": \"Desktop\", \"browser\": \"Chrome\"}'),(40,3,'2e3a498684b0024699bdd037c4b4860218eacbd35f02e390d6eb027700191e49b462908214d8929bd6855f83e8a62c46278ff1aa263cf2418905399d78a59e4e','cff3663ec1dd456089eaecfe6317d79b2a615f2083d8da9550ef4f4c8c614c44','2025-10-28 19:12:01','2025-10-27 19:12:00','2025-10-27 20:19:13',0,'Mozilla/5.0 (Windows NT 10.0; Win64; x64) AppleWebKit/537.36 (KHTML, like Gecko) Chrome/141.0.0.0 Safari/537.36','::1','{\"os\": \"Windows\", \"device\": \"Desktop\", \"browser\": \"Chrome\"}'),(41,4,'9003f7f1222b74f38620e711623d09e5d52eff8f5374f515a93cbf6e5f60cb0a6ee5c3793722abf662a21d74617dcbe3fb7ee387d5080b0dbd54858bde4c35c3','008ab55788c083422873904c7aac5de615f9e8fac1a65ceb781f748398dd95fa','2025-10-28 20:19:19','2025-10-27 20:19:19','2025-10-27 20:19:24',0,'Mozilla/5.0 (Windows NT 10.0; Win64; x64) AppleWebKit/537.36 (KHTML, like Gecko) Chrome/141.0.0.0 Safari/537.36','::1','{\"os\": \"Windows\", \"device\": \"Desktop\", \"browser\": \"Chrome\"}'),(42,4,'03f10f87b9d67b64d98092c6a0a5b746e554f68000f16b7f197efd55d9064cbb8150a640e07004348c8703cc93abc4f3e17e7f82d7cb43e89655901b92069c65','5f9b500febf18782f90bf526aed13676e9ff2517df5cb8d66dfd738ab8fc3599','2025-10-28 20:24:51','2025-10-27 20:24:50','2025-10-27 20:28:08',0,'Mozilla/5.0 (Windows NT 10.0; Win64; x64) AppleWebKit/537.36 (KHTML, like Gecko) Chrome/141.0.0.0 Safari/537.36','::1','{\"os\": \"Windows\", \"device\": \"Desktop\", \"browser\": \"Chrome\"}'),(43,4,'daa1aca2c5cc5d5a40fe317e14e79e9dacfe5b080b8a4ad0bd2604bbc1a0109411b6c456d49007d94c549a790ec66e04098641ba5329e1305e6318a469e6cd94','e66f17ac777d64b77d962d76abc648a5edfa90ded57eb1ca87ea4dd258c89bf0','2025-10-28 20:28:15','2025-10-27 20:28:15','2025-10-27 20:30:08',0,'Mozilla/5.0 (Windows NT 10.0; Win64; x64) AppleWebKit/537.36 (KHTML, like Gecko) Chrome/141.0.0.0 Safari/537.36','::1','{\"os\": \"Windows\", \"device\": \"Desktop\", \"browser\": \"Chrome\"}'),(44,4,'4f2492d4fef6862577e1c69babc420d4f799082df740956e0a43314a0cdbe32d57c0522de175782f82f4fa52fb9b6a99d6838c2c1fb4ba4bcb91c9c06b6916ae','de3f0818ae259b91cb6b4fefef1a3c18bf490dc8b31fa50a3b3154704d643539','2025-10-28 20:30:14','2025-10-27 20:30:14','2025-10-27 20:30:19',0,'Mozilla/5.0 (Windows NT 10.0; Win64; x64) AppleWebKit/537.36 (KHTML, like Gecko) Chrome/141.0.0.0 Safari/537.36','::1','{\"os\": \"Windows\", \"device\": \"Desktop\", \"browser\": \"Chrome\"}'),(45,4,'d4fc54dcdaa1b3eecb585527aaf651577555da01384c9d80fbb092fb0bec4543e8ee1a85d6fd7b4f3bc9c0ad050e8dc7e2bb42853b7f6b985aa03b6faaa1659f','8027f503a5a1b599fa4654486d17f4f1c431ccd99b4e5b7b1cd1d946e553726d','2025-10-28 20:30:25','2025-10-27 20:30:25','2025-10-27 20:30:29',0,'Mozilla/5.0 (Windows NT 10.0; Win64; x64) AppleWebKit/537.36 (KHTML, like Gecko) Chrome/141.0.0.0 Safari/537.36','::1','{\"os\": \"Windows\", \"device\": \"Desktop\", \"browser\": \"Chrome\"}'),(46,3,'112e5f7eac748c83b1587b28d2c84174bac0eeff2361b4282d2a9061c6d6483b704f8ff8376c7c3161d067bfa411db17af2289259994f3392160a3c94cf71b76','d0c0ff7c9f6fbd677d4fcd3f36e40fd48ddb885d17e65054782efae92be9e9f2','2025-10-28 20:30:35','2025-10-27 20:30:35','2025-10-27 20:30:47',0,'Mozilla/5.0 (Windows NT 10.0; Win64; x64) AppleWebKit/537.36 (KHTML, like Gecko) Chrome/141.0.0.0 Safari/537.36','::1','{\"os\": \"Windows\", \"device\": \"Desktop\", \"browser\": \"Chrome\"}'),(47,4,'f8380d3fb2490d0c39bc21db8988852ae6c2e347537bd2f48aa6b0e269ba30319536c6c5be9faa8b768a089a0b3453adca6d0cf1235f39bededaeab59ec03751','a7200ff8b1560bd2ee531e4db28b8c62bbcad7444f10320390ba598a402cbf7d','2025-10-28 20:30:53','2025-10-27 20:30:53','2025-10-27 20:33:25',0,'Mozilla/5.0 (Windows NT 10.0; Win64; x64) AppleWebKit/537.36 (KHTML, like Gecko) Chrome/141.0.0.0 Safari/537.36','::1','{\"os\": \"Windows\", \"device\": \"Desktop\", \"browser\": \"Chrome\"}'),(48,4,'85b3e70caac8a846cae02c281d81e130feeeebbeb9d08715ce800d716297cb1540bf3ee9297b4ab78d352da7cab38ec5d83e57cb919342116443ea2ade2b7c71','65152b2fec1c7f21d0663c90a1c2d82194184b77f4abb71667b50007e0cfbcfc','2025-10-28 20:33:31','2025-10-27 20:33:31','2025-10-27 20:37:12',0,'Mozilla/5.0 (Windows NT 10.0; Win64; x64) AppleWebKit/537.36 (KHTML, like Gecko) Chrome/141.0.0.0 Safari/537.36','::1','{\"os\": \"Windows\", \"device\": \"Desktop\", \"browser\": \"Chrome\"}'),(49,4,'076299265658def43d2b4869625f99aa6754ef5e6e0e81904eedf6dc4ca8f26fa175c9d11f2d9c78ccfe6ab4df9fb1adc173e0b326662ff6ba6db29e6a44391f','ce27c15835f42e38e01d488de9860be13968f7d07b3599b04be9e2ba44c540f1','2025-10-28 20:37:19','2025-10-27 20:37:19','2025-10-27 20:37:22',0,'Mozilla/5.0 (Windows NT 10.0; Win64; x64) AppleWebKit/537.36 (KHTML, like Gecko) Chrome/141.0.0.0 Safari/537.36','::1','{\"os\": \"Windows\", \"device\": \"Desktop\", \"browser\": \"Chrome\"}'),(50,4,'213bee336a703bc8196ed27d500bfe772c8e2f3bd11a9cf30c8ad0c810d65f3951ce12f665f57553497adcdd715eb30737c697d5491f22bbbb00c2b98fa8299e','149db0dc77a95360ee0df4e849161fb58f31cf44da72fecdfffa8deb9bd7a0aa','2025-10-28 20:42:10','2025-10-27 20:42:09','2025-10-27 20:43:25',0,'Mozilla/5.0 (Windows NT 10.0; Win64; x64) AppleWebKit/537.36 (KHTML, like Gecko) Chrome/141.0.0.0 Safari/537.36','::1','{\"os\": \"Windows\", \"device\": \"Desktop\", \"browser\": \"Chrome\"}'),(51,4,'a3ec7cbe5809977b191b0f0892a30e3b76730ebf8f4a5d5e424afbdaf67b27a43491f949dc318011b0b94109655338bf722feedc85ba19eee7a416fa3b87a861','42f1951550166959a17bacd0ed0ffaff9abcf7414c2c3f8a46d596bf8cffec48','2025-10-28 20:43:32','2025-10-27 20:43:31','2025-10-27 20:44:59',0,'Mozilla/5.0 (Windows NT 10.0; Win64; x64) AppleWebKit/537.36 (KHTML, like Gecko) Chrome/141.0.0.0 Safari/537.36','::1','{\"os\": \"Windows\", \"device\": \"Desktop\", \"browser\": \"Chrome\"}'),(52,4,'a2d8434f5a439d0725395feaddc74b1fdf8f81941933949d6a9bafed20b57e7baf034c15d412dbbcbf00794262382e23226a75c8edaaef6edefc97eb1239d707','97be8707ddc28695d37b8702c42fadb79003e416a6d5836ffd7e94cd38fc658f','2025-10-28 20:45:05','2025-10-27 20:45:05','2025-10-27 20:45:32',0,'Mozilla/5.0 (Windows NT 10.0; Win64; x64) AppleWebKit/537.36 (KHTML, like Gecko) Chrome/141.0.0.0 Safari/537.36','::1','{\"os\": \"Windows\", \"device\": \"Desktop\", \"browser\": \"Chrome\"}'),(53,3,'1017789151527a7dea90fbf6f6b8fd1283921a7e2b3dd891ec580168aaf20fe6d00fcda56b9d44825dd59f8c4aebcae05dd9932c55e2738226d2c27bc9acf51d','5e3e9596fcd2d4f05ecf701e6fa62875e4ff8117fcc86b19e96e8ca859df20de','2025-10-28 20:45:38','2025-10-27 20:45:38','2025-10-27 20:45:41',0,'Mozilla/5.0 (Windows NT 10.0; Win64; x64) AppleWebKit/537.36 (KHTML, like Gecko) Chrome/141.0.0.0 Safari/537.36','::1','{\"os\": \"Windows\", \"device\": \"Desktop\", \"browser\": \"Chrome\"}'),(54,3,'16fb60f9cf30d41888b585a77f14fd09be09eefa4526ff01768853e57c9747ea3f306b05ac395c37df3bebc9f4b86f6c300f9b90187f0cb801493c14373dd604','18f7718c24f2b4194121627095e259a5f67c45ee63bb893b51de07b5b7273197','2025-10-28 20:49:00','2025-10-27 20:48:59','2025-10-30 21:46:09',0,'Mozilla/5.0 (Windows NT 10.0; Win64; x64) AppleWebKit/537.36 (KHTML, like Gecko) Chrome/141.0.0.0 Safari/537.36','::1','{\"os\": \"Windows\", \"device\": \"Desktop\", \"browser\": \"Chrome\"}'),(55,3,'a85cc8308899fafecdd75e685197a63c874259bc2aec9dde4b2f7445bd9e743389129b802bec1468885961720d084129c020b227b8ac1b5fac22380201a9c75e','22759e307e401ecbf7c2f4d8fec2ab5f034c04796550dacfe04392bcb799a926','2025-10-28 21:11:51','2025-10-27 21:11:51','2025-10-27 21:47:51',0,'Mozilla/5.0 (Windows NT 10.0; Win64; x64) AppleWebKit/537.36 (KHTML, like Gecko) Chrome/141.0.0.0 Safari/537.36','::1','{\"os\": \"Windows\", \"device\": \"Desktop\", \"browser\": \"Chrome\"}'),(56,4,'0e4ba9a4dfd6a4927d223ba3ecaf50328a650b0750870c8d9e95c351abff123b296acadc6225e0fe803f27258c3b124c3ef91e64747a5cb97d5df49de2244167','5be75699071c3f124a851dd9cfbd60551c5f5af74fe35bf9e3a2812141539370','2025-10-28 21:48:01','2025-10-27 21:48:00','2025-10-27 21:48:08',0,'Mozilla/5.0 (Windows NT 10.0; Win64; x64) AppleWebKit/537.36 (KHTML, like Gecko) Chrome/141.0.0.0 Safari/537.36','::1','{\"os\": \"Windows\", \"device\": \"Desktop\", \"browser\": \"Chrome\"}'),(57,3,'3c26ec14842d694151556d69b4c4b6e3f82686c627417569d9a779e9c78f43470ba2abb0161164eb97a450fa69f6cc011af5c70b8028a05f1681f4e0472797b9','eea96d75ae88b53b629aa233863b1a44a1affb60f601add0eb41449818cf9a42','2025-10-28 21:50:11','2025-10-27 21:50:10','2025-10-27 23:35:35',0,'Mozilla/5.0 (Windows NT 10.0; Win64; x64) AppleWebKit/537.36 (KHTML, like Gecko) Chrome/141.0.0.0 Safari/537.36','::1','{\"os\": \"Windows\", \"device\": \"Desktop\", \"browser\": \"Chrome\"}'),(58,4,'e5b5c5b336d0863fc4106763dfa02c0524c92ad71a46145c6326126899af57c16de857cab715e3f91e13fa1f7585c76def90ceb8b445dd29903bffd775d23258','2e6744b1a144b75d82fd5969f0a718067ed78e73dbf45f8bdd404f5a72f42365','2025-10-28 23:36:16','2025-10-27 23:36:16','2025-10-27 23:36:21',0,'Mozilla/5.0 (Windows NT 10.0; Win64; x64) AppleWebKit/537.36 (KHTML, like Gecko) Chrome/141.0.0.0 Safari/537.36','::1','{\"os\": \"Windows\", \"device\": \"Desktop\", \"browser\": \"Chrome\"}'),(59,3,'a93bdcea1b9ad22cd48a5b5dd7e06a03d06a9b58973ee60674864dfb96e49bc370ab067f381e1d9bb72d475dd4b18e55354b17c9dc041170bcfba72225f5866c','922a9f9e26456831702c99be43efc269aea99488a8aabcb623a8f78bcf4357e9','2025-10-28 23:36:28','2025-10-27 23:36:28','2025-10-27 23:36:37',0,'Mozilla/5.0 (Windows NT 10.0; Win64; x64) AppleWebKit/537.36 (KHTML, like Gecko) Chrome/141.0.0.0 Safari/537.36','::1','{\"os\": \"Windows\", \"device\": \"Desktop\", \"browser\": \"Chrome\"}'),(62,3,'4c2b563cfc2a5bbffe3316064853eac1ccdedec4dc47b4f960dd9d97e9bc8d3da6fdaedbd50ad81e36641f3228a825fec45ee572f7ff6e6c0a41767ea2851693','40aa6faad2c38abf5fa8191f9e0b094c33627d44b11a0b03b4e7086bae849001','2025-10-28 23:46:18','2025-10-27 23:46:18','2025-10-27 23:46:26',0,'Mozilla/5.0 (Windows NT 10.0; Win64; x64) AppleWebKit/537.36 (KHTML, like Gecko) Chrome/141.0.0.0 Safari/537.36','::1','{\"os\": \"Windows\", \"device\": \"Desktop\", \"browser\": \"Chrome\"}'),(63,3,'e806badae3bce3cca4c96ec6531996ee0e62c786c8736abd3466afb9a906526e9d887e0b3bf6ae49d8e49e3520176db591565a898d509582c6957939fd1e8365','a1b70d5aa5cfe54a68256dc83e7a7e3c2f5dc53b9351aca828c8926329966814','2025-10-28 23:46:40','2025-10-27 23:46:39','2025-10-27 23:48:58',0,'Mozilla/5.0 (Windows NT 10.0; Win64; x64) AppleWebKit/537.36 (KHTML, like Gecko) Chrome/141.0.0.0 Safari/537.36','::1','{\"os\": \"Windows\", \"device\": \"Desktop\", \"browser\": \"Chrome\"}'),(64,3,'edbd670bf9e202a16c8ea5469483dfdbff5a77a69ea608afb733a1df95f0432fa4a9f373e67c3897672def69f94a894bc1a1e577e47a9a489a2f2d264a30655f','d4549d16bea852f868dfe52d1704d40e05f9b3faef4486b53720e5afb26156c8','2025-10-28 23:53:09','2025-10-27 23:53:09','2025-10-27 23:53:46',0,'Mozilla/5.0 (Windows NT 10.0; Win64; x64) AppleWebKit/537.36 (KHTML, like Gecko) Chrome/141.0.0.0 Safari/537.36','::1','{\"os\": \"Windows\", \"device\": \"Desktop\", \"browser\": \"Chrome\"}'),(65,3,'35c7ecf9a0d9c2226f994e2466303d773a818f467725f34c964fbb08c60b853df35715e2743cc7f8840356e2ae8976de69985e0ba9cc3a871fba444cc156a44c','b4582d8eac29210d81fbe81ff4bd7f73759d8a5786e04219d92a8dca92183f1b','2025-10-28 23:59:16','2025-10-27 23:59:15','2025-10-27 23:59:53',0,'Mozilla/5.0 (Windows NT 10.0; Win64; x64) AppleWebKit/537.36 (KHTML, like Gecko) Chrome/141.0.0.0 Safari/537.36','::1','{\"os\": \"Windows\", \"device\": \"Desktop\", \"browser\": \"Chrome\"}'),(66,4,'5c7d6e0dae48069e86059123131f53a7b7b5a579966d875e76be39ef649e0425dda23e3f5e3e77380bff2ab6a6aa7498b888efd6e790686a5e5de9fa04b71ebb','2b76bc79e911541be8062ae9453ee74544fe6d1188c114fb4bfcaa080d3771ac','2025-10-29 09:21:58','2025-10-28 09:21:58','2025-10-28 09:22:30',0,'Mozilla/5.0 (Windows NT 10.0; Win64; x64) AppleWebKit/537.36 (KHTML, like Gecko) Chrome/141.0.0.0 Safari/537.36','::1','{\"os\": \"Windows\", \"device\": \"Desktop\", \"browser\": \"Chrome\"}'),(67,3,'17825de60a9344e0ef5dc7250daa1034c82444e74196a05af25e575b9a4d516696cd5ffbf937d8669f6ced681aeb0235b45a86b027e3479c32abf7578b9b46b8','1b33ccccc01a6f04ab955d9fc6e5ebe7d56837925d6c36fa17c0ae73c7dcd5f3','2025-10-29 09:22:35','2025-10-28 09:22:35','2025-10-28 09:23:02',0,'Mozilla/5.0 (Windows NT 10.0; Win64; x64) AppleWebKit/537.36 (KHTML, like Gecko) Chrome/141.0.0.0 Safari/537.36','::1','{\"os\": \"Windows\", \"device\": \"Desktop\", \"browser\": \"Chrome\"}'),(69,3,'020f21bd9ade5ed15cd56d5ef30a56882521a70965efc7c2ef45e6aada484bc2a263c09cd63ab11a6b835744dd92326d1ae7161a381e4ee608c471404db7d198','540c38b31e8c5808c61ab09bdf771211d48366a08d46512d8f3e893790763db6','2025-10-29 09:23:38','2025-10-28 09:23:37','2025-10-28 09:33:43',0,'Mozilla/5.0 (Windows NT 10.0; Win64; x64) AppleWebKit/537.36 (KHTML, like Gecko) Chrome/141.0.0.0 Safari/537.36','::1','{\"os\": \"Windows\", \"device\": \"Desktop\", \"browser\": \"Chrome\"}'),(70,9,'ccf67dd050e5fca3533faf8dd7bfb9456c18e657686307b51f1d931b916e8352aa2fdeaa3b3431e475a55c9a122c24e83d760db16fa3efe9d643e72ff3628184','efd7cb5d14124d93ddce39d01602cbee5d40bd2f872f7a7e8e9155a0980dbc36','2025-10-29 09:34:32','2025-10-28 09:34:32','2025-10-28 09:35:34',0,'Mozilla/5.0 (Windows NT 10.0; Win64; x64) AppleWebKit/537.36 (KHTML, like Gecko) Chrome/141.0.0.0 Safari/537.36','::1','{\"os\": \"Windows\", \"device\": \"Desktop\", \"browser\": \"Chrome\"}'),(71,9,'9d9000f1883198ab9c1f489c5afc705728735d29aed60481662bb696c9bb9b87392978b255b29f8d5172df590fe96a4aa29f76b32309afafe8089e06303224e2','ecb7f3e823648709db32a8823063dc14b76094e588ed9312d24e4beb0b9b84a8','2025-10-29 09:35:41','2025-10-28 09:35:41','2025-10-28 09:35:47',0,'Mozilla/5.0 (Windows NT 10.0; Win64; x64) AppleWebKit/537.36 (KHTML, like Gecko) Chrome/141.0.0.0 Safari/537.36','::1','{\"os\": \"Windows\", \"device\": \"Desktop\", \"browser\": \"Chrome\"}'),(74,3,'a78ef2ba36f6f18e09fe5ae283bb0d7559731a9dd9c14fbce127c7b5c99cb9fcfa1b0b2f985fff975b8db2273c35128d0a40a99afe0e65fe31d7cabe89f4441d','0d7d1894e7b5f7f662aea85f359da96ed682e7703a8e6a422b4618da160b415c','2025-10-29 09:40:07','2025-10-28 09:40:07','2025-10-28 11:20:21',0,'Mozilla/5.0 (Windows NT 10.0; Win64; x64) AppleWebKit/537.36 (KHTML, like Gecko) Chrome/141.0.0.0 Safari/537.36','::1','{\"os\": \"Windows\", \"device\": \"Desktop\", \"browser\": \"Chrome\"}'),(75,3,'894e401d540e4641f392a2d15881c1407701069874c19f59eb51783612f07977de7f853dd3cf6ac122421317a32a93550766177bc2efc5005295a374b05f532e','c96dbf72aaddded6f1597b8c693e348e33aeff737e96c1c18c3b410c37fd878c','2025-10-29 11:20:27','2025-10-28 11:20:27','2025-10-28 14:25:54',0,'Mozilla/5.0 (Windows NT 10.0; Win64; x64) AppleWebKit/537.36 (KHTML, like Gecko) Chrome/141.0.0.0 Safari/537.36','::1','{\"os\": \"Windows\", \"device\": \"Desktop\", \"browser\": \"Chrome\"}'),(76,3,'b2bcd28bab4eb2fa7617e88c8ecce8ce6f314d44c5a4ecd488ebab955d72c9315e53c461de0a2006a262baf091106fa8e3778243398bb2aa682f5a2329dedff5','e414d7717479af154f50803ce3c022d0243838e568fbb7e61f92af57a46d85ac','2025-10-29 14:26:02','2025-10-28 14:26:01','2025-10-28 14:59:11',0,'Mozilla/5.0 (Windows NT 10.0; Win64; x64) AppleWebKit/537.36 (KHTML, like Gecko) Chrome/141.0.0.0 Safari/537.36','::1','{\"os\": \"Windows\", \"device\": \"Desktop\", \"browser\": \"Chrome\"}'),(77,3,'715398eb51646ccfa9f197690f094117f8131a23f805e84af621a264d1e8ee2e9c39a27f09d2d8b055b8af10129cfa053c201a129297b76fd578df034aa7ee7a','c7c7a9b9c8785db0d75b19e88f86be0e4307d0e92b99c5a93d5d1616683abd23','2025-10-29 15:00:04','2025-10-28 15:00:01','2025-10-28 15:25:15',0,'Mozilla/5.0 (Windows NT 10.0; Win64; x64) AppleWebKit/537.36 (KHTML, like Gecko) Chrome/141.0.0.0 Safari/537.36','::1','{\"os\": \"Windows\", \"device\": \"Desktop\", \"browser\": \"Chrome\"}'),(78,3,'541bf75ae3928d58f8ed493d53df12fa81fa80c1e0d8df78fe36dae2cef0eb310212d9d8d20ebf2557986ae555d76b0ef3f1712711be3c887f2f5cc85e927b1b','540c220e4f50b3b9847043d8b70568a794dfe56a55deb687f9ee31f2eccc3a94','2025-10-29 15:25:22','2025-10-28 15:25:21','2025-10-28 15:25:27',0,'Mozilla/5.0 (Windows NT 10.0; Win64; x64) AppleWebKit/537.36 (KHTML, like Gecko) Chrome/141.0.0.0 Safari/537.36','::1','{\"os\": \"Windows\", \"device\": \"Desktop\", \"browser\": \"Chrome\"}'),(79,4,'adf5dfb11401ccd8fe1945111120f7186a752cfc8534d8c1bebcbae90fe188e9aa032e142854552ce00620dc4c76bc16ba6fb497d44228081bdc20cfa507e544','36e0c5504704fc13bcd77c295635ce79e581a5c0594ec06b6f70c70fb134b418','2025-10-29 15:25:37','2025-10-28 15:25:36','2025-10-28 15:25:42',0,'Mozilla/5.0 (Windows NT 10.0; Win64; x64) AppleWebKit/537.36 (KHTML, like Gecko) Chrome/141.0.0.0 Safari/537.36','::1','{\"os\": \"Windows\", \"device\": \"Desktop\", \"browser\": \"Chrome\"}'),(80,3,'2d06e05445212dd3389bf989ffde2ea6505ad41a5ec8b53bc2facb6f8693cf9277ffff8643b30e494fa4414a2333d50e8088b5293d0d1018bf477957726f47f7','15ff35791a9ecc4e3623029e85c49322bfcca249a7c274cfadcbfa8f060d036b','2025-10-29 15:25:52','2025-10-28 15:25:51','2025-10-28 15:38:06',0,'Mozilla/5.0 (Windows NT 10.0; Win64; x64) AppleWebKit/537.36 (KHTML, like Gecko) Chrome/141.0.0.0 Safari/537.36','::1','{\"os\": \"Windows\", \"device\": \"Desktop\", \"browser\": \"Chrome\"}'),(81,3,'4a64930962768d5be4a1e4d3fc9933aeb10725cb62f6681f0a85ffc4460c0229f3fdedb32bd31d401cefb5b9122d4839846be1d0f278a7ab75ee0c3f2b210257','d1dcc0679c6cb8c21d1238ccd1f4e891a4acc2940a9198c11ffcf64f4ce4a1c8','2025-10-29 15:38:13','2025-10-28 15:38:13','2025-10-28 16:35:45',0,'Mozilla/5.0 (Windows NT 10.0; Win64; x64) AppleWebKit/537.36 (KHTML, like Gecko) Chrome/141.0.0.0 Safari/537.36','::1','{\"os\": \"Windows\", \"device\": \"Desktop\", \"browser\": \"Chrome\"}'),(83,4,'0f8d1cc4b1d39c03ca8f561e2a14642263f7f39688d9ac80890a3f8c36ef1f1bff54de7d8ad0b6690d84df7c4272c9617b91713ca0e03fe35cf8aebccf17621b','0806ede7853c097693852bfaa8d991bbf07a1ab1ded049a1260e1c03172b2fcd','2025-10-31 10:12:14','2025-10-30 10:12:13','2025-10-30 10:12:38',0,'Mozilla/5.0 (Windows NT 10.0; Win64; x64) AppleWebKit/537.36 (KHTML, like Gecko) Chrome/141.0.0.0 Safari/537.36','::1','{\"os\": \"Windows\", \"device\": \"Desktop\", \"browser\": \"Chrome\"}'),(87,3,'de16b1df85f7b3cc13f7b925c3ceff5d2d7e9e4d4051f14be262bc668d4cf5452f565e9c55158a6d5fddab64ad2ec78185ed4958f1fa025826bc79615825a8b5','f6be31924ffa57a96ec06ed79b38d95ec9df97d4521afc188e491bc246f8994f','2025-10-31 10:18:11','2025-10-30 10:18:10','2025-10-31 11:28:17',0,'Mozilla/5.0 (Windows NT 10.0; Win64; x64) AppleWebKit/537.36 (KHTML, like Gecko) Chrome/141.0.0.0 Safari/537.36','::1','{\"os\": \"Windows\", \"device\": \"Desktop\", \"browser\": \"Chrome\"}'),(88,3,'6893ee3f4d4bfb6ebf83f1a7012524178f266193cad982a7d1a33401d71873d0c4aa5db3170bf2d4830a1c2dbd6325aa74f68dbb13cd7ebc562dc48d85f21190','6cb80e53acdcc78b5efdeec7e6841a4fea0c7ffb446a77a97005c6832979b7a9','2025-10-31 10:18:22','2025-10-30 10:18:22','2025-10-30 10:28:32',0,'Mozilla/5.0 (Windows NT 10.0; Win64; x64) AppleWebKit/537.36 (KHTML, like Gecko) Chrome/141.0.0.0 Safari/537.36','::1','{\"os\": \"Windows\", \"device\": \"Desktop\", \"browser\": \"Chrome\"}'),(89,3,'a04e6cdaea4776578248a03200044869051d6c955368d75fdac9483cd1cccc6d5b53a5f433c9def0751b7ec119e2a55490f63d9f17509bc7e81a106820e60968','20db519a6274a4cecbf46c9fc84634719efbbb2523d3f5acc4a2b8c71d1f4c19','2025-10-31 10:28:42','2025-10-30 10:28:42','2025-10-30 13:56:01',0,'Mozilla/5.0 (Windows NT 10.0; Win64; x64) AppleWebKit/537.36 (KHTML, like Gecko) Chrome/141.0.0.0 Safari/537.36','::1','{\"os\": \"Windows\", \"device\": \"Desktop\", \"browser\": \"Chrome\"}'),(90,3,'227fc678d30be42ceefecffc5c380e0f8a83f9a948b592e222fc06242fa23d8a0371dac1ce24704f1488649ec4a57df9b4cf95fd2d56afa1dfc4ae91b26054f3','69d36f19e17968a4792f0f8662bbc1ed82d6dcad98c5f3ee6cf24e7cae894f26','2025-10-31 13:56:10','2025-10-30 13:56:10','2025-10-30 13:58:55',0,'Mozilla/5.0 (Windows NT 10.0; Win64; x64) AppleWebKit/537.36 (KHTML, like Gecko) Chrome/141.0.0.0 Safari/537.36','::1','{\"os\": \"Windows\", \"device\": \"Desktop\", \"browser\": \"Chrome\"}'),(91,3,'f79e3a3d898c31abe04d6bdd408e8aa6f408117c32083dc5e3c4ed3288c6531dfc5203f11170a31c7471a0d332418cc0017f3a3bdd7482acc333aee7a7ebc814','1423e969bfad37d92e4c8ad093e600e538601885ff7c401b18b3d20cc1939204','2025-10-31 13:57:08','2025-10-30 13:57:07','2025-10-30 14:46:17',0,'Mozilla/5.0 (Windows NT 10.0; Win64; x64) AppleWebKit/537.36 (KHTML, like Gecko) Chrome/141.0.0.0 Safari/537.36 Edg/141.0.0.0','::1','{\"os\": \"Windows\", \"device\": \"Desktop\", \"browser\": \"Chrome\"}'),(92,3,'1ae4eff07981019db0e03d824870568ca3805ef45a47a1941e25c0cf9f87043777d130b21554d874e77bb07260f1b6c6f6e20bd27a8fb04f5d3b336203b0c964','bccf44ef954473a6cc7e9fe0f9b030c5df62f6e419f4c0362c44882be0064283','2025-10-31 13:59:01','2025-10-30 13:59:00','2025-10-30 13:59:06',0,'Mozilla/5.0 (Windows NT 10.0; Win64; x64) AppleWebKit/537.36 (KHTML, like Gecko) Chrome/141.0.0.0 Safari/537.36','::1','{\"os\": \"Windows\", \"device\": \"Desktop\", \"browser\": \"Chrome\"}'),(96,3,'5ea754cfbd8feeca162a929fa2e271c7603334cf01c42c2a4bf2014d06026f346c6c3651d59291da635f8fae3e391cde04bddb27a802b1321c84836619387af2','fe10f95c31640585f8a0c24fe92f0409178594c92953b40695d3b6483d2d160a','2025-10-31 14:46:20','2025-10-30 14:46:19','2025-10-30 21:42:10',0,'Mozilla/5.0 (Windows NT 10.0; Win64; x64) AppleWebKit/537.36 (KHTML, like Gecko) Chrome/141.0.0.0 Safari/537.36 Edg/141.0.0.0','::1','{\"os\": \"Windows\", \"device\": \"Desktop\", \"browser\": \"Chrome\"}'),(99,3,'2afafa0da2266287ad94f25ed5e37ccd4d69a13d891aa02e2fc0ec23e250bf4df06ad4ab01d7eb8e2a516dc9d0ca1d06aa096c2b38a2bc815537624e210126d7','e609dd89e0dad1daf90ef826275784091b9502aa2a15a06324ab083f396c76a8','2025-10-31 21:42:14','2025-10-30 21:42:13','2025-11-03 14:30:55',0,'Mozilla/5.0 (Windows NT 10.0; Win64; x64) AppleWebKit/537.36 (KHTML, like Gecko) Chrome/141.0.0.0 Safari/537.36 Edg/141.0.0.0','::1','{\"os\": \"Windows\", \"device\": \"Desktop\", \"browser\": \"Chrome\"}'),(102,3,'7ee3e1ed29c1f0865077dcb36e3c078f60f42399e0df9e9fd5bdbed6e0096c0106d7ee12df18e2632eced60b8b7ef2de3369acbf02485764aa81b22f22e61460','93c4de5b105907e3a7963c693302a016960495111c4db6e11e5a5936d32cb3e0','2025-10-31 22:19:19','2025-10-30 22:19:18','2025-10-31 13:09:15',0,'Mozilla/5.0 (Windows NT 10.0; Win64; x64) AppleWebKit/537.36 (KHTML, like Gecko) Chrome/141.0.0.0 Safari/537.36 Edg/141.0.0.0','::1','{\"os\": \"Windows\", \"device\": \"Desktop\", \"browser\": \"Chrome\"}'),(106,3,'cb2085c635631806811b9ba7676741a3d73b53a8b0e96991af858cd1e983a593ab32909ecdacc1952c4ebb041461ce23f46ecfd873c967bd2056a5f33b07f574','73d16c62075a6c826aac1d7a0fcb0149435a24d89c6269f7b52ea322de8ac698','2025-11-01 13:09:26','2025-10-31 13:09:26','2025-10-31 13:11:57',0,'Mozilla/5.0 (Windows NT 10.0; Win64; x64) AppleWebKit/537.36 (KHTML, like Gecko) Chrome/141.0.0.0 Safari/537.36 Edg/141.0.0.0','::1','{\"os\": \"Windows\", \"device\": \"Desktop\", \"browser\": \"Chrome\"}'),(107,3,'8f5821f25c69cb6b55b968fd66c8ba5481b0d1907894fc3215ffb41f28a294233e930a9b19a3daa28fd83009c7c73ddd8b394141ad172bb38b31713034c32e33','526e91775fcab6fa1395a3a3eba86445de57c2ccd0021326995fc9dcc0bf5e7c','2025-11-01 13:12:00','2025-10-31 13:11:59','2025-10-31 13:17:14',0,'Mozilla/5.0 (Windows NT 10.0; Win64; x64) AppleWebKit/537.36 (KHTML, like Gecko) Chrome/141.0.0.0 Safari/537.36 Edg/141.0.0.0','::1','{\"os\": \"Windows\", \"device\": \"Desktop\", \"browser\": \"Chrome\"}'),(108,3,'c295ae2b62bd740d23e508916db9458d8a8a499f2ff097c74ef8e716e242ef43f2681617d811f96ec91c6f840320abfde790e8528098b9026444b5973fe0e6a8','7e36ae311deca5a43a93987dad970095edc954d6a8e721d2201909dbb16f8618','2025-11-01 13:17:17','2025-10-31 13:17:17','2025-10-31 13:30:19',0,'Mozilla/5.0 (Windows NT 10.0; Win64; x64) AppleWebKit/537.36 (KHTML, like Gecko) Chrome/141.0.0.0 Safari/537.36 Edg/141.0.0.0','::1','{\"os\": \"Windows\", \"device\": \"Desktop\", \"browser\": \"Chrome\"}'),(111,3,'ddd030576d2ab6b7e9385c483c40fd3e9757079c6531fd2e57aefec1d5a5bd08df7260c2a99b5b51dece06dcfbcafc4aa74dbc568ef55041b257aa8aa7511e7f','84e8020cf0e71354df3460304406cc8154a88c2d849fa307ce64a643db719eda','2025-11-01 13:30:21','2025-10-31 13:30:21','2025-10-31 13:34:09',0,'Mozilla/5.0 (Windows NT 10.0; Win64; x64) AppleWebKit/537.36 (KHTML, like Gecko) Chrome/141.0.0.0 Safari/537.36 Edg/141.0.0.0','::1','{\"os\": \"Windows\", \"device\": \"Desktop\", \"browser\": \"Chrome\"}'),(113,3,'e022d09d06304704eb96c011a0eb8d3a8e6243d4c2a97fc49baf61bd13627f907aa1c593229b1260131d097c4539abc8d4bd0064a2e1254e33e934c5883cf277','5e305adb3ed46afc816134b6b85740edc8570cbd6a546795325df4031544b0c5','2025-11-01 13:34:11','2025-10-31 13:34:10','2025-10-31 13:49:13',0,'Mozilla/5.0 (Windows NT 10.0; Win64; x64) AppleWebKit/537.36 (KHTML, like Gecko) Chrome/141.0.0.0 Safari/537.36 Edg/141.0.0.0','::1','{\"os\": \"Windows\", \"device\": \"Desktop\", \"browser\": \"Chrome\"}'),(114,3,'cfad9f376315a7b0bd465ed9d7b1af3840faf6d9f7c2bb91101dbda7e730e10a4eed8128c5a198bd56d07ae989325c0154f80a902a6a187f18ea23e06f56f861','799bc73e5572faa200af67f0262f72fefee3c8d3c39a79a02b60d4582e94a14c','2025-11-01 13:49:16','2025-10-31 13:49:15','2025-10-31 13:55:02',0,'Mozilla/5.0 (Windows NT 10.0; Win64; x64) AppleWebKit/537.36 (KHTML, like Gecko) Chrome/141.0.0.0 Safari/537.36 Edg/141.0.0.0','::1','{\"os\": \"Windows\", \"device\": \"Desktop\", \"browser\": \"Chrome\"}'),(116,3,'1c2bac45de5e54a7717fde934f9e5c07ee563f7091253af82d579ee62f2bb4e37bfad0a2b0fa11ad5b8c0dd192b6b18b6ef4bbb11459ec7b08e05451fc52dfbe','ce46f1012c00ecaabfe4391841db3db02e1e958eefa68f5813ad8b10aee20dd9','2025-11-01 13:55:04','2025-10-31 13:55:04','2025-10-31 14:10:00',0,'Mozilla/5.0 (Windows NT 10.0; Win64; x64) AppleWebKit/537.36 (KHTML, like Gecko) Chrome/141.0.0.0 Safari/537.36 Edg/141.0.0.0','::1','{\"os\": \"Windows\", \"device\": \"Desktop\", \"browser\": \"Chrome\"}'),(117,3,'a106511768c06ec9277ea86fd4bbcc6286c981c1edd37e5ca0c9642ef196eee12df14b67d9bd8e2aaddd24c9b63fe11f49613c6973166c7d73b1a795065bc3cf','595ea36140832919e10c14ed549ba83e3d0638d130a2833aef315bfe4ebe281c','2025-11-01 14:10:03','2025-10-31 14:10:02','2025-10-31 14:28:56',0,'Mozilla/5.0 (Windows NT 10.0; Win64; x64) AppleWebKit/537.36 (KHTML, like Gecko) Chrome/141.0.0.0 Safari/537.36 Edg/141.0.0.0','::1','{\"os\": \"Windows\", \"device\": \"Desktop\", \"browser\": \"Chrome\"}'),(119,3,'6ae14ab35ed41037182efde8591c1264825a6159433840aab1bd20c209e30e47364e97e2af779a5385b438bf21fbf4fa4128eb8e4a2a06d89c3bf4f789f09405','058c4799b8e9e1c90a1dfa96a840dd122343727c5754ac479f58fefc2e7e4c4b','2025-11-01 14:28:58','2025-10-31 14:28:58','2025-11-03 14:30:55',0,'Mozilla/5.0 (Windows NT 10.0; Win64; x64) AppleWebKit/537.36 (KHTML, like Gecko) Chrome/141.0.0.0 Safari/537.36 Edg/141.0.0.0','::1','{\"os\": \"Windows\", \"device\": \"Desktop\", \"browser\": \"Chrome\"}'),(122,3,'3c85426eb4ef9ea0a09c1efc25fb876916d3eebce998396cbb97050cdba435e60b4da01866c0bab8d41f382a2ed822ddd4dba200924c3fc63627c5d0315527c3','911c8a9542882552c58ba6e1b29c0ae6f9c75955405fd210572ce30e0a5f57c1','2025-11-03 21:11:58','2025-11-02 21:11:57','2025-11-02 21:49:25',0,'Mozilla/5.0 (Windows NT 10.0; Win64; x64) AppleWebKit/537.36 (KHTML, like Gecko) Chrome/141.0.0.0 Safari/537.36 Edg/141.0.0.0','::1','{\"os\": \"Windows\", \"device\": \"Desktop\", \"browser\": \"Chrome\"}'),(123,3,'ced5843d18151cccdfafba06b081e3d01f3edc8ce1386e2a39747526cfa86d84e522b6f9cd20c2493feb9438a66a33f562f98b298eb350259c5647c1a03f97ce','20922881c6e3f9df530b7b1cab0a842a40f2c015ee14eb923cbb88be9c431e24','2025-11-03 21:49:27','2025-11-02 21:49:27','2025-11-02 22:11:57',0,'Mozilla/5.0 (Windows NT 10.0; Win64; x64) AppleWebKit/537.36 (KHTML, like Gecko) Chrome/141.0.0.0 Safari/537.36 Edg/141.0.0.0','::1','{\"os\": \"Windows\", \"device\": \"Desktop\", \"browser\": \"Chrome\"}'),(126,3,'f5b88560798dd8c680dff8d7e0ba26ab08c6b8a5799c3f226372b9d6b57c717ca20d8e0e11da19ed9d55d07df436824f45c9bc576be79470aac9c034f285bdc5','cccb694023470af58e97d91b39de600c5574d4e310c49860cd72548e2bf41adc','2025-11-03 22:11:59','2025-11-02 22:11:59','2025-11-02 22:35:47',0,'Mozilla/5.0 (Windows NT 10.0; Win64; x64) AppleWebKit/537.36 (KHTML, like Gecko) Chrome/141.0.0.0 Safari/537.36 Edg/141.0.0.0','::1','{\"os\": \"Windows\", \"device\": \"Desktop\", \"browser\": \"Chrome\"}'),(128,3,'5e33ea999970046f4898b157831c1be165d8a181c1ae21f821811ac9cb9d54301605a33f196153cd082ee8f424db6aea186da5a8b3b4ada47fbf7bdacfe084f7','97a44f4f2685e637719756828d761ff4178c812783778ee12e182faca4ed0ebe','2025-11-03 22:35:49','2025-11-02 22:35:49','2025-11-02 23:12:20',0,'Mozilla/5.0 (Windows NT 10.0; Win64; x64) AppleWebKit/537.36 (KHTML, like Gecko) Chrome/141.0.0.0 Safari/537.36 Edg/141.0.0.0','::1','{\"os\": \"Windows\", \"device\": \"Desktop\", \"browser\": \"Chrome\"}'),(130,3,'580652e6cb15caab8feb781183d9213c64b65528fe5edfdc922fdc069a861d026b76be91b302e459a39d61714dda0fcaca3d798b4d748d1a72e0a6f441bba1c8','d4b4ab73d267c4df2493a78621acba2ab64db75de76e1b79f157524367ec1638','2025-11-03 23:12:23','2025-11-02 23:12:22','2025-11-02 23:17:40',0,'Mozilla/5.0 (Windows NT 10.0; Win64; x64) AppleWebKit/537.36 (KHTML, like Gecko) Chrome/141.0.0.0 Safari/537.36 Edg/141.0.0.0','::1','{\"os\": \"Windows\", \"device\": \"Desktop\", \"browser\": \"Chrome\"}'),(131,3,'d343b54e0bbe1b74e037795a1c505f2e0348adb52dd771da05a337f3aed3fb232ea069dfe5316419f4645a97886eca0137304dfafee17adbb03567a3244337fe','42022c68f92195ba1c38768837b53872c261e26e7ba96c323bbc9a1922cd2be8','2025-11-03 23:17:43','2025-11-02 23:17:42','2025-11-02 23:23:57',0,'Mozilla/5.0 (Windows NT 10.0; Win64; x64) AppleWebKit/537.36 (KHTML, like Gecko) Chrome/141.0.0.0 Safari/537.36 Edg/141.0.0.0','::1','{\"os\": \"Windows\", \"device\": \"Desktop\", \"browser\": \"Chrome\"}'),(134,3,'5b4fc09823a346563e54dd12221f2afb1b8cb257d52e45a2b94bb339e0b8eeae61eabb89f05e68dccff3a093df46d395e1c9fe3b64473ad3c8f7d786422ce4d7','f85b21795bab15ae8eeee1e005b8ebfd72382439dafa666092760f30ef70908b','2025-11-03 23:23:59','2025-11-02 23:23:59','2025-11-02 23:29:24',0,'Mozilla/5.0 (Windows NT 10.0; Win64; x64) AppleWebKit/537.36 (KHTML, like Gecko) Chrome/141.0.0.0 Safari/537.36 Edg/141.0.0.0','::1','{\"os\": \"Windows\", \"device\": \"Desktop\", \"browser\": \"Chrome\"}'),(136,3,'0fbbaa9beb07d040adbc7252e530f9adaec850b820ee5ec057d87c12ba02fc9131f268cc625ee2d4488b76e664e222a44aeb8c4c05bba80016dca4da3e50c62d','62b4f746a29e3ffa1bd008776a0eac3a9f9bbaaa9e57cad93b6766373932b00b','2025-11-03 23:29:34','2025-11-02 23:29:33','2025-11-02 23:38:26',0,'Mozilla/5.0 (Windows NT 10.0; Win64; x64) AppleWebKit/537.36 (KHTML, like Gecko) Chrome/141.0.0.0 Safari/537.36 Edg/141.0.0.0','::1','{\"os\": \"Windows\", \"device\": \"Desktop\", \"browser\": \"Chrome\"}'),(138,3,'ef9d2ea189e111d73b7f90235be3a159d41a0915c50c8d09dc7869ab3693217b06d1e5ad0e688b11fbc2f7c02dbeef7a6c0aaa6a4651feb3e48c4bc116343115','5c2f258d46a05b935447141ff2cb3ec8f8916700642b20447717640e36885218','2025-11-03 23:38:28','2025-11-02 23:38:28','2025-11-02 23:47:21',0,'Mozilla/5.0 (Windows NT 10.0; Win64; x64) AppleWebKit/537.36 (KHTML, like Gecko) Chrome/141.0.0.0 Safari/537.36 Edg/141.0.0.0','::1','{\"os\": \"Windows\", \"device\": \"Desktop\", \"browser\": \"Chrome\"}'),(139,3,'f578cc21d5b0bc3cd9f4378971f663ac185a01183b39df4a21fc98863b4b346d65252232b8a4866ec3797e405c5057ffc41e9b84090cdee4f929c03702317435','6beeaee69b3d9b74914d69441ed0ecb1cb4f3efc254a3645467fb2e932bd6d23','2025-11-03 23:47:23','2025-11-02 23:47:23','2025-11-03 11:25:32',0,'Mozilla/5.0 (Windows NT 10.0; Win64; x64) AppleWebKit/537.36 (KHTML, like Gecko) Chrome/141.0.0.0 Safari/537.36 Edg/141.0.0.0','::1','{\"os\": \"Windows\", \"device\": \"Desktop\", \"browser\": \"Chrome\"}'),(140,3,'d90c386c9e864d2e2e912f99eadc29a2b3a7d83adaac178b7f3b571cd4c4463543471e8010d61887bb6f892ebb0d3489e62741e19de06edba3f920d7d42f747a','e8a507d851457a6c55b074f670b96907c8b089b9df84a93fa517437aa01e3865','2025-11-04 00:07:54','2025-11-03 00:07:54','2025-11-03 00:07:59',0,'Mozilla/5.0 (Windows NT 10.0; Win64; x64) AppleWebKit/537.36 (KHTML, like Gecko) Chrome/141.0.0.0 Safari/537.36','::1','{\"os\": \"Windows\", \"device\": \"Desktop\", \"browser\": \"Chrome\"}'),(141,4,'056a7d14a1561feeff6a0255269e436fd4ac404f1773ca25949effd5052b68ba9d2a3e05eba1def211a55114de202402b5a65c1122b0528b0a4169aa29e449e0','cebf309b2fc3474fe9db6e8e7ccabf54c6f046f2c6f575bd561111b12fe35cc5','2025-11-04 09:10:23','2025-11-03 09:10:22','2025-11-03 09:10:30',0,'Mozilla/5.0 (Windows NT 10.0; Win64; x64) AppleWebKit/537.36 (KHTML, like Gecko) Chrome/141.0.0.0 Safari/537.36','::1','{\"os\": \"Windows\", \"device\": \"Desktop\", \"browser\": \"Chrome\"}'),(143,3,'60416047142571ec73158837a6784ca1694b03a66d2801b97ccfa9edc5e471b840bc7a3c71bf0e1625386bb0bbbaa5905c68805c60ba1589d82fba859cf93b6f','4fff81bd542c6465dd4b38dc17419341c9f6e469f06b29feeef4f28d9c48e338','2025-11-04 11:25:34','2025-11-03 11:25:34','2025-11-03 11:26:38',0,'Mozilla/5.0 (Windows NT 10.0; Win64; x64) AppleWebKit/537.36 (KHTML, like Gecko) Chrome/141.0.0.0 Safari/537.36 Edg/141.0.0.0','::1','{\"os\": \"Windows\", \"device\": \"Desktop\", \"browser\": \"Chrome\"}'),(144,3,'982eb25458ef077bbf41a2cc2fb7f08f7b55689a060fb7ab9b67db19f535b03202a99bb7234719ea8a225a76c05bf494be6776f5db837aba589629208c3e3228','41f4877402280e51bec56251d75b179b47881638486884acb85ef076650ab638','2025-11-04 11:29:40','2025-11-03 11:29:39','2025-11-03 11:32:24',0,'Mozilla/5.0 (Windows NT 10.0; Win64; x64) AppleWebKit/537.36 (KHTML, like Gecko) Chrome/141.0.0.0 Safari/537.36','::1','{\"os\": \"Windows\", \"device\": \"Desktop\", \"browser\": \"Chrome\"}'),(145,3,'60dc8717d00b4fe6b4e22244c2a11f3c69b5a511eaea59dcb488c348e0d035efd23c1eed7bc965ff6389862207e9ba6150d92114c08f3025b70621c8d3e260e7','30295ee7b9d384f5ed536805c9468df15cb0c6cc75109951ed013da6b7da0116','2025-11-04 11:41:17','2025-11-03 11:41:16','2025-11-03 11:55:37',0,'Mozilla/5.0 (Windows NT 10.0; Win64; x64) AppleWebKit/537.36 (KHTML, like Gecko) Chrome/141.0.0.0 Safari/537.36','::1','{\"os\": \"Windows\", \"device\": \"Desktop\", \"browser\": \"Chrome\"}'),(146,3,'8f61e1e864f303e58808cf2775063aebaa754c29e8dcfb28b531082e0d2afc63025184ebee08fb91962798b5e42c881f9c667932dcbed97ef7c1bba887efaf9c','4f2f9d3409d73d803bad07e12aff363094ef116fb21d7defaf1cfacea64d200f','2025-11-04 11:55:45','2025-11-03 11:55:45','2025-11-03 13:56:23',0,'Mozilla/5.0 (Windows NT 10.0; Win64; x64) AppleWebKit/537.36 (KHTML, like Gecko) Chrome/141.0.0.0 Safari/537.36','::1','{\"os\": \"Windows\", \"device\": \"Desktop\", \"browser\": \"Chrome\"}'),(148,3,'98bf9095904ce5632776e577d42f75d415ceda9098f27cc723311cd64e937f245e7d71d7d06c82b280979e755785420ab2c4c5e95e9787f10e579855074d08dc','929c0d692a96df6428e0400e8f7bb19d42216bb03b77ae335bd061e52a1d59c8','2025-11-04 13:56:52','2025-11-03 13:56:51','2025-11-03 14:18:26',0,'Mozilla/5.0 (Windows NT 10.0; Win64; x64) AppleWebKit/537.36 (KHTML, like Gecko) Chrome/141.0.0.0 Safari/537.36','::1','{\"os\": \"Windows\", \"device\": \"Desktop\", \"browser\": \"Chrome\"}'),(154,3,'595cdf6ff46d5a8bf18f10d62512fcd44a670c02094bd915fce84535835cab90e6be913a934b3fe9db1a140875776eacab7caf6b18f28a1fa899047fbdad016e','398bdb946f19870a28466649089ef589417ec2c7d89a1197f316378be2c38da1','2025-11-04 14:21:29','2025-11-03 14:21:29','2025-11-03 14:32:07',0,'Mozilla/5.0 (Windows NT 10.0; Win64; x64) AppleWebKit/537.36 (KHTML, like Gecko) Chrome/141.0.0.0 Safari/537.36 Edg/141.0.0.0','::1','{\"os\": \"Windows\", \"device\": \"Desktop\", \"browser\": \"Chrome\"}'),(155,3,'17baecc349edb5fb4e482d41d182a01c810379f629063c94c1b2ca52a0518ef4954ba56d07386cb4339f1cd8c481a839d9a1da71712422beaa38c46c4455bb91','40b7d273ab1042486e553a2f2228e425e5b4e02949954adbfd9e51bcacbb40e2','2025-11-04 14:32:09','2025-11-03 14:32:09','2025-11-04 09:24:02',0,'Mozilla/5.0 (Windows NT 10.0; Win64; x64) AppleWebKit/537.36 (KHTML, like Gecko) Chrome/141.0.0.0 Safari/537.36 Edg/141.0.0.0','::1','{\"os\": \"Windows\", \"device\": \"Desktop\", \"browser\": \"Chrome\"}'),(158,3,'b4c71f57740924ef5b3623e0c156e5a214596f7f82e92d9a8b56dc2e102a78f906b528f7170d7babfe07c5c44f2f72b909a1852553e6a4308dacc5b9063ff0b7','836fca842d7f4b7d296e29d025418eafc61973ca1ff8a9e24c97ce04cba61404','2025-11-05 09:57:25','2025-11-04 09:57:24','2025-11-04 10:09:02',0,'Mozilla/5.0 (Windows NT 10.0; Win64; x64) AppleWebKit/537.36 (KHTML, like Gecko) Chrome/141.0.0.0 Safari/537.36 Edg/141.0.0.0','::1','{\"os\": \"Windows\", \"device\": \"Desktop\", \"browser\": \"Chrome\"}'),(162,3,'c42fa1ffee0231568f734ede93e384b14ad21d02cc180e1eeb69717e7e8c8d1524422e9e383c1b07cca970de347f7d414762bd1bf62f218d39f9062a0fb5e446','53f9637dd47216fe74733cafa7a76d0c0ccbb23894a5845778f51a9de4fd7960','2025-11-05 10:09:04','2025-11-04 10:09:03','2025-11-04 10:27:35',0,'Mozilla/5.0 (Windows NT 10.0; Win64; x64) AppleWebKit/537.36 (KHTML, like Gecko) Chrome/141.0.0.0 Safari/537.36 Edg/141.0.0.0','::1','{\"os\": \"Windows\", \"device\": \"Desktop\", \"browser\": \"Chrome\"}'),(163,3,'2a885fd13180d4924f6f516de8af0cefeaac1635f57b4ad7731c4021ad203057b089f36eb63bc5f7b7ddbb0b9d34e13b2f8234754784ea2e3ce279b7da03bcf3','cb0533273dc28d5d84a7e01a0a1fcca6b41a954c5de22aaf86520a9bcfd0618e','2025-11-05 10:27:37','2025-11-04 10:27:37','2025-11-04 10:58:35',0,'Mozilla/5.0 (Windows NT 10.0; Win64; x64) AppleWebKit/537.36 (KHTML, like Gecko) Chrome/141.0.0.0 Safari/537.36 Edg/141.0.0.0','::1','{\"os\": \"Windows\", \"device\": \"Desktop\", \"browser\": \"Chrome\"}'),(165,3,'3356c9013cefe71d6848b415ca2f68556f691ea87cfb74f44f1365573ba9b05d0d7abb83b5bbf142ae75f11db7bbe5da9a6f669ff2d3924e92b44ad64f8f947b','13da86c3660c490d50694a1fb2ecd3115a24486c4a6cde74a010881d09a01e44','2025-11-05 10:58:37','2025-11-04 10:58:36','2025-11-04 19:01:39',0,'Mozilla/5.0 (Windows NT 10.0; Win64; x64) AppleWebKit/537.36 (KHTML, like Gecko) Chrome/141.0.0.0 Safari/537.36 Edg/141.0.0.0','::1','{\"os\": \"Windows\", \"device\": \"Desktop\", \"browser\": \"Chrome\"}'),(167,3,'2fc56259b80074aa6c64ebcf1e224cd1652bc9c728089f8896ff2f1a8c8cf8299e298233cc6a71e499584dec15e0b023ed8d7463edc0d0906eadf4edd2a788d5','85cc63a88b7fdab29d2e15990b68a17057480fa57f90d947871e07b8ff75d533','2025-11-05 19:01:59','2025-11-04 19:01:58','2025-11-04 20:36:16',0,'Mozilla/5.0 (Windows NT 10.0; Win64; x64) AppleWebKit/537.36 (KHTML, like Gecko) Chrome/141.0.0.0 Safari/537.36 Edg/141.0.0.0','::1','{\"os\": \"Windows\", \"device\": \"Desktop\", \"browser\": \"Chrome\"}'),(168,3,'c52d26f85292bac0b2af16a19fd370d129713c5cffbb0fa5880041f41aa7eba514d7aebd70c125edad9a6267203b1fb1b09fb1d40dcd9d820daa891808559dc0','243d03d7cf47213c2dc6064e1c30f2b1cf77388493520da03155aeca23c4bc45','2025-11-05 20:36:18','2025-11-04 20:36:18','2025-11-04 21:00:30',0,'Mozilla/5.0 (Windows NT 10.0; Win64; x64) AppleWebKit/537.36 (KHTML, like Gecko) Chrome/141.0.0.0 Safari/537.36 Edg/141.0.0.0','::1','{\"os\": \"Windows\", \"device\": \"Desktop\", \"browser\": \"Chrome\"}'),(170,3,'6ca112d87b3421e46f02f76cd9661f75a2efbe8aee7fcf3a2e8b69b00578520f44e617ddda3d2f131de2893c9d59cc02d83f87689d0cbb61250c2536d0a4201d','defcf97ceb38c43a3c0970ec1aa21b7e86b5b94c42edfe903fd7b5b7f9e42990','2025-11-05 21:00:33','2025-11-04 21:00:32','2025-11-05 10:34:47',0,'Mozilla/5.0 (Windows NT 10.0; Win64; x64) AppleWebKit/537.36 (KHTML, like Gecko) Chrome/141.0.0.0 Safari/537.36 Edg/141.0.0.0','::1','{\"os\": \"Windows\", \"device\": \"Desktop\", \"browser\": \"Chrome\"}'),(172,3,'2932b649c074ca8c5b6cfe21241c327694ef0d397dea60d52e5f29dc54e86cda39de25f990983204ba89768d7d99a21d53a52eeace3cc318c95842de2477d760','0cc2bb1d02e17295e2050fe7ef71ae0edc7cbe6dda833e94a8b4a7729f768124','2025-11-06 10:34:54','2025-11-05 10:34:54','2025-11-05 11:26:06',0,'Mozilla/5.0 (Windows NT 10.0; Win64; x64) AppleWebKit/537.36 (KHTML, like Gecko) Chrome/141.0.0.0 Safari/537.36 Edg/141.0.0.0','::1','{\"os\": \"Windows\", \"device\": \"Desktop\", \"browser\": \"Chrome\"}'),(173,3,'54d132ca1cc03cc2ac361594765ff00df177fb4c486fb4bff4b0a8c4eb821fb9c3a93d65d62366695995c985f9bd18e0343045482eda78275ea96968dfdc8b91','1dbe014ce1149489a4154b643add3ce86a2782e70dcafd24a1e85ad3f903a07d','2025-11-06 11:26:08','2025-11-05 11:26:08','2025-11-05 11:28:21',0,'Mozilla/5.0 (Windows NT 10.0; Win64; x64) AppleWebKit/537.36 (KHTML, like Gecko) Chrome/141.0.0.0 Safari/537.36 Edg/141.0.0.0','::1','{\"os\": \"Windows\", \"device\": \"Desktop\", \"browser\": \"Chrome\"}'),(174,3,'e3030292dee041bb24426e0c2ab936e2a8fb4ce5e9fc9da4ebbb298c998a4f060d338349b20ef79fc2668de2041287995fd581555437d44221f682816ccb0c88','3550ad85d87abc181ba9b57a8461678c1164893ca9f2fc30c2c26e96e3cc8814','2025-11-06 11:28:23','2025-11-05 11:28:22','2025-11-05 11:28:32',0,'Mozilla/5.0 (Windows NT 10.0; Win64; x64) AppleWebKit/537.36 (KHTML, like Gecko) Chrome/141.0.0.0 Safari/537.36 Edg/141.0.0.0','::1','{\"os\": \"Windows\", \"device\": \"Desktop\", \"browser\": \"Chrome\"}'),(175,3,'326a38c3a0b3e411944bfe48b902813817c6315ae9dad9b5e615040466cb42d3e251b329e667f3e475f56ca2af98051020e3495bdd8becfab7a86d8cbfd42af6','c36cfe64a52813907be22e5f76e8d9ba7347c1e576196be58c9c691bbcc36559','2025-11-06 11:28:35','2025-11-05 11:28:34','2025-11-05 13:17:27',0,'Mozilla/5.0 (Windows NT 10.0; Win64; x64) AppleWebKit/537.36 (KHTML, like Gecko) Chrome/141.0.0.0 Safari/537.36 Edg/141.0.0.0','::1','{\"os\": \"Windows\", \"device\": \"Desktop\", \"browser\": \"Chrome\"}'),(176,3,'3cdc0ba6455df2bce13020d51ed496a4ffdbb601872a1a06127206de27fbe9ddc0f1bfd3727036d8860da62876ba8289d7ab4465cb7000a4ec8f1093c3a62c5d','2f10e13b0ddb26a4c387b31b5032a0dadc5df9913f365337a7038c337f48d230','2025-11-06 13:17:29','2025-11-05 13:17:28','2025-11-05 13:28:18',0,'Mozilla/5.0 (Windows NT 10.0; Win64; x64) AppleWebKit/537.36 (KHTML, like Gecko) Chrome/141.0.0.0 Safari/537.36 Edg/141.0.0.0','::1','{\"os\": \"Windows\", \"device\": \"Desktop\", \"browser\": \"Chrome\"}'),(178,3,'79a9694295d9a85d9e1bae1aa123221b0629a52b7719ea1f43bcd451eba367289aaafe2fd92b46354c75d33ce830db8283f821289740bc7da39534e2889be364','73f9c236fa669478f749e92283b3adba879a574c5a97fcc597dff9efb3fce844','2025-11-06 13:28:20','2025-11-05 13:28:20','2025-11-06 09:24:30',0,'Mozilla/5.0 (Windows NT 10.0; Win64; x64) AppleWebKit/537.36 (KHTML, like Gecko) Chrome/141.0.0.0 Safari/537.36 Edg/141.0.0.0','::1','{\"os\": \"Windows\", \"device\": \"Desktop\", \"browser\": \"Chrome\"}'),(184,4,'1ef4c246305234eac36fee42c3259a92e9222e2e13be7f23136dfa366f4d85ca7faa10552d7221922956af3fe6c229af709dd5fe0018ed0ce7ae3d8355a95c65','b113c2ee7e68b0b2c840469c16ef5cb717296f20ca1d028617825727f57af79d','2025-11-07 09:24:09','2025-11-06 09:24:08','2025-11-06 09:24:20',0,'Mozilla/5.0 (Windows NT 10.0; Win64; x64) AppleWebKit/537.36 (KHTML, like Gecko) Chrome/141.0.0.0 Safari/537.36','::1','{\"os\": \"Windows\", \"device\": \"Desktop\", \"browser\": \"Chrome\"}'),(185,3,'fe8fde98088f2382dcf709d3ca468980741dc17d6d452df552363db598e4329fe05615a588b6e7fc4d658efc455e115c508abffc76fa72df53d391ab9c588ca8','7de2297b75075473fea0304557ad16d5ad79d78909f32cfcde74bd8cf8cc2133','2025-11-07 09:24:33','2025-11-06 09:24:32','2025-11-07 14:37:06',0,'Mozilla/5.0 (Windows NT 10.0; Win64; x64) AppleWebKit/537.36 (KHTML, like Gecko) Chrome/141.0.0.0 Safari/537.36 Edg/141.0.0.0','::1','{\"os\": \"Windows\", \"device\": \"Desktop\", \"browser\": \"Chrome\"}'),(188,4,'9fdcd6cfda3f3d066845855fae7582a57daed0dd51f2c436632a21cf1db6c28eb72ced19cc62588843ba52efc8ef27f7e5ceb1d1f5af8232280a492237b1f261','42139635da66da789fa825c9f6b3c179d3b13c78a2102020565e433b41504384','2025-11-07 10:19:43','2025-11-06 10:19:43','2025-11-06 10:20:07',0,'Mozilla/5.0 (Windows NT 10.0; Win64; x64) AppleWebKit/537.36 (KHTML, like Gecko) Chrome/141.0.0.0 Safari/537.36','::1','{\"os\": \"Windows\", \"device\": \"Desktop\", \"browser\": \"Chrome\"}'),(192,3,'377bf37bff69050603d73fb6d9025036d5c82bd68156a1cbb00f95766720a9b6939b914bf27080a6db484311f503c716455b3485447587a4222e8f2038270177','91ace441954ea2c6d6c9434130a5b2190b9e1ca38be0cd35c7f3499f6f264bbc','2025-11-07 10:28:41','2025-11-06 10:28:40','2025-11-06 10:37:36',0,'Mozilla/5.0 (Windows NT 10.0; Win64; x64) AppleWebKit/537.36 (KHTML, like Gecko) Chrome/141.0.0.0 Safari/537.36','::1','{\"os\": \"Windows\", \"device\": \"Desktop\", \"browser\": \"Chrome\"}'),(195,3,'09b115e3a42e2526038b787e811c602d0e03924fd0aca2a085425d988cd17537a25050961ae9c48bd530d270a723c7d0f2c6ed9260c5fbc48549fc7ab76afbbb','c7c80f05b3cb547f1b863e039962ef942661e7d8a798af46b88bb19fa5028d0a','2025-11-08 15:11:40','2025-11-07 15:11:40','2025-11-08 07:09:49',0,'Mozilla/5.0 (Windows NT 10.0; Win64; x64) AppleWebKit/537.36 (KHTML, like Gecko) Chrome/141.0.0.0 Safari/537.36','::1','{\"os\": \"Windows\", \"device\": \"Desktop\", \"browser\": \"Chrome\"}'),(200,3,'f187ed9fa8c7e0ef607cadba71593cbda82a2a42afc10b7c5aa4a4970d799e8112e891995460cf4a37bd7ce993bec0d14d0686027d362347c85cc163b1816110','615168bc6d2420c22936d3951a3b349f502c28143f2658e02ba6501c7b981a4d','2025-11-09 07:19:28','2025-11-08 07:19:28','2025-11-09 21:54:53',0,'Mozilla/5.0 (Windows NT 10.0; Win64; x64) AppleWebKit/537.36 (KHTML, like Gecko) Chrome/141.0.0.0 Safari/537.36 Edg/141.0.0.0','::1','{\"os\": \"Windows\", \"device\": \"Desktop\", \"browser\": \"Chrome\"}'),(203,4,'9bd9c6e670e78c77e1637ca956ec5adb3857e5874d97f5f80fa725c66474c698b537dfe028a0d02b8eea60ed09ee51a52d39681b879fc61871acf7a3da6e3f53','30b4a2d2c564972f4ff0d53e83568387609f1cda633c290bf8dcd864b5d79541','2025-11-09 08:02:04','2025-11-08 08:02:03','2025-11-08 08:02:21',0,'Mozilla/5.0 (Windows NT 10.0; Win64; x64) AppleWebKit/537.36 (KHTML, like Gecko) Chrome/141.0.0.0 Safari/537.36','::1','{\"os\": \"Windows\", \"device\": \"Desktop\", \"browser\": \"Chrome\"}'),(206,3,'36d48562d1d7fc1887b1c5690f17e99f8dd568987d0a945950fcdf8ab151640cb9916641a5ebeea91d3789228d2e0036b58fe66a5dfa481174abcb12fe01db92','ba6197a8a456fbce3b718813ef7176ecdd45e4d90a2e5d086d25c35c89b61e18','2025-11-11 09:05:40','2025-11-10 09:05:39','2025-11-10 09:10:58',0,'Mozilla/5.0 (Windows NT 10.0; Win64; x64) AppleWebKit/537.36 (KHTML, like Gecko) Chrome/141.0.0.0 Safari/537.36','::1','{\"os\": \"Windows\", \"device\": \"Desktop\", \"browser\": \"Chrome\"}'),(210,3,'30fff9611842c25b3e8dc16ab3df9faf8bcdfdb4a7218d3cca77dc7da3201cb07a65800ea5999fdda4f5ec100b2a8804e2f89c632e550d861d8d5867ac4f9e65','3c0523bc0ca8ab853ac7ee157cf67c314172b9bbf68df159483cff5c932a701a','2025-11-11 09:14:28','2025-11-10 09:14:27','2025-11-10 09:46:46',0,'Mozilla/5.0 (Windows NT 10.0; Win64; x64) AppleWebKit/537.36 (KHTML, like Gecko) Chrome/141.0.0.0 Safari/537.36 Edg/141.0.0.0','::1','{\"os\": \"Windows\", \"device\": \"Desktop\", \"browser\": \"Chrome\"}'),(211,3,'7b4fc12fbb9f0e3e5119caf2a60be23c9a8188ca4a3b6fd3787df0e9912d67cf5b58d62cf5d6b425fa898c7ba92effd0650da97a3e7eb5dc1e5eec5454be9565','06f28da7179f845b7feaad02b0f080151ac2e7bba79dcf889f5658bd14bb59c1','2025-11-11 09:17:07','2025-11-10 09:17:06','2025-11-10 09:17:15',0,'Mozilla/5.0 (Windows NT 10.0; Win64; x64) AppleWebKit/537.36 (KHTML, like Gecko) Chrome/141.0.0.0 Safari/537.36','::1','{\"os\": \"Windows\", \"device\": \"Desktop\", \"browser\": \"Chrome\"}'),(212,3,'8af3684012ff7c7e27d8f9e5633febca6e9fb99f52a3bb752dbd7c434579dfabfccac67c1098d310d06a5e7185ae94fd8670b2e6f10d1a44d8f7b604e3214385','3060b9392e3af75efaad778f7942851f21e8c655caabdd34381189908be3fd59','2025-11-11 09:17:55','2025-11-10 09:17:55','2025-11-10 09:18:30',0,'Mozilla/5.0 (Windows NT 10.0; Win64; x64) AppleWebKit/537.36 (KHTML, like Gecko) Chrome/141.0.0.0 Safari/537.36','::1','{\"os\": \"Windows\", \"device\": \"Desktop\", \"browser\": \"Chrome\"}'),(213,3,'b20bd927fb06ec3906df22ea1192e0a4e4f61a174779df18420dadf95bb93797b950b494468c09e6cd303f712456a8dffee9ee1c2988b1249dcd2de09783f970','13643ad68c475436dd50bf00f2bc3d92eb22230fe3125f819df4be5d62cc034e','2025-11-11 09:28:11','2025-11-10 09:28:10','2025-11-10 09:46:36',0,'Mozilla/5.0 (Windows NT 10.0; Win64; x64) AppleWebKit/537.36 (KHTML, like Gecko) Chrome/141.0.0.0 Safari/537.36','::1','{\"os\": \"Windows\", \"device\": \"Desktop\", \"browser\": \"Chrome\"}'),(215,4,'5d89b5ad3f170d2d9df82e04b5ee828555c460e9dd7b4dfa47be1f70d01a60f2e9080aa8e9a1de6fbedc615ce7667992d4e11cf6b4f91b3162b9cdf6d6a37eb3','b5c00a32d086ff162c0530c93eb100ce92536f5cb17174c1afda05c4a8844b22','2025-11-11 09:59:52','2025-11-10 09:59:51','2025-11-10 10:00:08',0,'Mozilla/5.0 (Windows NT 10.0; Win64; x64) AppleWebKit/537.36 (KHTML, like Gecko) Chrome/141.0.0.0 Safari/537.36','::1','{\"os\": \"Windows\", \"device\": \"Desktop\", \"browser\": \"Chrome\"}'),(218,3,'9f24f55640d050ef6e3128cd3539d1441a328964c2e441fa8f4b6a89448f84a45b2481fcbf560cac4789f1cbff62228ff34c4f2a9e558e0663139f651fa26ff1','009c56293d8df1fe125dd2561c148dc5b9d9250cadad597757719d696e69a978','2025-11-11 10:06:05','2025-11-10 10:06:05','2025-11-10 10:58:16',0,'Mozilla/5.0 (Windows NT 10.0; Win64; x64) AppleWebKit/537.36 (KHTML, like Gecko) Chrome/141.0.0.0 Safari/537.36 Edg/141.0.0.0','::1','{\"os\": \"Windows\", \"device\": \"Desktop\", \"browser\": \"Chrome\"}'),(219,3,'e3fc69e0e745c407dbc4852b3a97f31eab8ecb5e8da06225211558e455105ca32703dba6f9041842691d307293af06cb5b4c41e849a39a846d2a6d1cde305927','ca66a8975edb230695f1d34dd32b6e4bfe9aac0c33f5534bee0041ddc084e11d','2025-11-11 10:08:23','2025-11-10 10:08:22','2025-11-10 10:26:57',0,'Mozilla/5.0 (Windows NT 10.0; Win64; x64) AppleWebKit/537.36 (KHTML, like Gecko) Chrome/141.0.0.0 Safari/537.36','::1','{\"os\": \"Windows\", \"device\": \"Desktop\", \"browser\": \"Chrome\"}'),(220,3,'dc92e7b7beddd644614c8734daa2a8a908d2f0dd4c21563eb6a539d86a9ecb25523bf5c60cb6f26297c776679c28cbcb32f3cc015934a750d007a34b06fd8908','0d5b344f9afdcaec6da28944204e9bff5f7a50bdac74711140c5acbc37d7e637','2025-11-11 10:27:16','2025-11-10 10:27:16','2025-11-10 10:42:28',0,'Mozilla/5.0 (Windows NT 10.0; Win64; x64) AppleWebKit/537.36 (KHTML, like Gecko) Chrome/141.0.0.0 Safari/537.36','::1','{\"os\": \"Windows\", \"device\": \"Desktop\", \"browser\": \"Chrome\"}'),(222,3,'8a8a594a0f6b2db3cf0afeed82ce76dfaa6277a5495c037b889361e1af915f06fa8ccaa2e6750b73d510617d9df10ad331891a3a517de11fa4e53133f7b3f8b2','b812aad0796e8ce9a264d42d726d73b658f3d4e9f1650129f1915ddf237a17ff','2025-11-11 10:58:18','2025-11-10 10:58:18','2025-11-11 01:36:55',0,'Mozilla/5.0 (Windows NT 10.0; Win64; x64) AppleWebKit/537.36 (KHTML, like Gecko) Chrome/142.0.0.0 Safari/537.36 Edg/142.0.0.0','::1','{\"os\": \"Windows\", \"device\": \"Desktop\", \"browser\": \"Chrome\"}'),(224,3,'aae8a1bf0c20593ab4e196d776c45d18e3199113353139c0093ae0d56059068f9ab6c3ad5a178a8e19e10334938502b233d2c8ebd734d3b3b84210295cb354ed','19161d40a31d4b90322bb645a9516441ddb58a08e1b15dda9218fa65e8d7fc1f','2025-11-11 11:42:43','2025-11-10 11:42:42','2025-11-10 11:46:58',0,'Mozilla/5.0 (Windows NT 10.0; Win64; x64) AppleWebKit/537.36 (KHTML, like Gecko) Chrome/142.0.0.0 Safari/537.36','::1','{\"os\": \"Windows\", \"device\": \"Desktop\", \"browser\": \"Chrome\"}'),(229,3,'3b183026df7586c881025e852d026549363c2bb58d1a02aa6de6f6cecd801f703b796cc524efb45171f4662dfec4396d997bf7c764c67bc2358d9d1f00168daa','0344ada97025e817ec816a3c85967fa95608d0bf444d2a756e29b4cee8ca71a3','2025-11-11 19:47:57','2025-11-10 19:47:56','2025-11-10 20:11:44',0,'Mozilla/5.0 (Windows NT 10.0; Win64; x64) AppleWebKit/537.36 (KHTML, like Gecko) Chrome/142.0.0.0 Safari/537.36','::1','{\"os\": \"Windows\", \"device\": \"Desktop\", \"browser\": \"Chrome\"}'),(230,10,'45f250c4fe10f07ea1b055062341780cd3c93a1161aee2f430f41840c221a880fb93f5bc970b3daee34b83836099aed4d79ca7df59ae98188b7a5f32d0d1b8b5','52769cdfb984a8128f0c76e7e79a3de675095ae304cad4cde2fcd9e2f702742d','2025-11-11 20:29:39','2025-11-10 20:29:38','2025-11-10 20:30:30',0,'Mozilla/5.0 (Windows NT 10.0; Win64; x64) AppleWebKit/537.36 (KHTML, like Gecko) Chrome/142.0.0.0 Safari/537.36','::1','{\"os\": \"Windows\", \"device\": \"Desktop\", \"browser\": \"Chrome\"}'),(231,11,'fcc6c653aa1648fbfff150e6c0358e053b808f1fa6f2c0264b110087b0e4b4d1415adba10a841564e99ed1033cb2b3dd8490459131d93e7e9adfb540ed74db22','df8e4ac8f7e200eacc4d8a848b1b6580bfa0d89e9f81256b543ff427b2da696d','2025-11-11 20:31:00','2025-11-10 20:30:59','2025-11-10 20:31:01',0,'Mozilla/5.0 (Windows NT 10.0; Win64; x64) AppleWebKit/537.36 (KHTML, like Gecko) Chrome/142.0.0.0 Safari/537.36','::1','{\"os\": \"Windows\", \"device\": \"Desktop\", \"browser\": \"Chrome\"}'),(232,14,'19da0a7f76047b4f8ffa550ba7698b7bda60e5aedd6e072d4db44d3b6f57c0e1326e0668f2191e879b498983026bdfabc8d92b3539b0408e8b7b7d0ae859b99d','a6382f0f5e868044f56ee7f974c92aab0056c84db0aa4f456be99ce714a6fbd1','2025-11-11 20:32:32','2025-11-10 20:32:31','2025-11-10 20:33:45',0,'Mozilla/5.0 (Windows NT 10.0; Win64; x64) AppleWebKit/537.36 (KHTML, like Gecko) Chrome/142.0.0.0 Safari/537.36','::1','{\"os\": \"Windows\", \"device\": \"Desktop\", \"browser\": \"Chrome\"}'),(233,10,'ffaba295bc69ee518b8aa41a75bf202a6ab1c448513e6b18e68d4e688195f0c904180d9a40993eb55b89bf1526a3b89f0fa4c8590e03e88866bfd1e4f7193c28','786754d33b187bfb3a2b54494a81ae31051a9d09d91da5027c8426562eb7cd2a','2025-11-11 20:33:52','2025-11-10 20:33:52','2025-11-10 21:16:39',0,'Mozilla/5.0 (Windows NT 10.0; Win64; x64) AppleWebKit/537.36 (KHTML, like Gecko) Chrome/142.0.0.0 Safari/537.36','::1','{\"os\": \"Windows\", \"device\": \"Desktop\", \"browser\": \"Chrome\"}'),(234,11,'2786ee7432442e3fa82c8e9c541eafa4b066ebd9f2bd0140db689f2ea6c33f61ddea1a94d5f733c5cc55f77684a2d4d6a0184f7809a8a847b42c28d48ac11459','6a567e5e338ac17fdc102c9afbb1fe80e68e16fbc19144bf3ed33382776454a1','2025-11-11 21:16:58','2025-11-10 21:16:57','2025-11-10 21:28:13',0,'Mozilla/5.0 (Windows NT 10.0; Win64; x64) AppleWebKit/537.36 (KHTML, like Gecko) Chrome/142.0.0.0 Safari/537.36','::1','{\"os\": \"Windows\", \"device\": \"Desktop\", \"browser\": \"Chrome\"}'),(235,10,'9d7abdfcc2e9c92eb55414cc318b621c92de750040018fc469d12ff247cc85c97c5ef7362742c6dec5023929c84c48bb9e61f6d4efd47203ea12dbefd469cf08','7d0ca9ce7861dd5b3cf948733a2527859d5b3d490adff03df7c55f34b9e43ad7','2025-11-11 21:28:24','2025-11-10 21:28:24','2025-11-10 21:28:48',0,'Mozilla/5.0 (Windows NT 10.0; Win64; x64) AppleWebKit/537.36 (KHTML, like Gecko) Chrome/142.0.0.0 Safari/537.36','::1','{\"os\": \"Windows\", \"device\": \"Desktop\", \"browser\": \"Chrome\"}'),(236,12,'b0f4535c3e190854d9ea2a92dadf5b27fd59f0d90a0cf90508f078c7f81e419f14ffdeda5f30c77b55f842be073ea9e512da5c97d4b80220162c826628e195d4','2a3f918d7e175f7b69a7e813ef10291c6689867067e0b95ab72dc6c3c5b76b40','2025-11-11 21:29:08','2025-11-10 21:29:07','2025-11-10 21:52:50',0,'Mozilla/5.0 (Windows NT 10.0; Win64; x64) AppleWebKit/537.36 (KHTML, like Gecko) Chrome/142.0.0.0 Safari/537.36','::1','{\"os\": \"Windows\", \"device\": \"Desktop\", \"browser\": \"Chrome\"}'),(237,13,'f77829f962d6e004e63c725f10465c3a9c64385322a9549299faee5baedc8e07f0290ef22b7ebd1757e689354522f2f97c2dde3b6e10c556bc64db1d7c85e601','568846b0fb064dbcb2d628d02ba4a85397d6c28ba7cc03bb63c52a3ce4c489b0','2025-11-11 21:53:06','2025-11-10 21:53:05','2025-11-10 22:12:31',0,'Mozilla/5.0 (Windows NT 10.0; Win64; x64) AppleWebKit/537.36 (KHTML, like Gecko) Chrome/142.0.0.0 Safari/537.36','::1','{\"os\": \"Windows\", \"device\": \"Desktop\", \"browser\": \"Chrome\"}'),(238,12,'7deb205047ec467c22f2978591c706db27ed187ac3abc91b389287568b38474d3bd7c52e5783e6947c989190699c2db98a50545f6e6b3db83385ec2b4ed82e33','d10e7f71a353b26b79a5bc3565ef39d6a62625e7696d731ed51bb9f24ea0bbf7','2025-11-11 22:12:46','2025-11-10 22:12:46','2025-11-10 22:13:04',0,'Mozilla/5.0 (Windows NT 10.0; Win64; x64) AppleWebKit/537.36 (KHTML, like Gecko) Chrome/142.0.0.0 Safari/537.36','::1','{\"os\": \"Windows\", \"device\": \"Desktop\", \"browser\": \"Chrome\"}'),(239,14,'39207820f9fc2e9c6405c75be66ca7596528bfdeef50e518efd4f73697771539b523a7da653ac7ca50fc74d5e44c543c10ccd8da81f586578f30e351767a19a2','eea82708fa1c14279ccc3a50d186b350e8ba8f878605385271ff9cc0d0f1617b','2025-11-11 22:13:17','2025-11-10 22:13:17','2025-11-10 22:20:40',0,'Mozilla/5.0 (Windows NT 10.0; Win64; x64) AppleWebKit/537.36 (KHTML, like Gecko) Chrome/142.0.0.0 Safari/537.36','::1','{\"os\": \"Windows\", \"device\": \"Desktop\", \"browser\": \"Chrome\"}'),(240,10,'7e621215965bb744cada6062fd0a2011e6aff95f02e05b04dba4a2230de69569f42b37a6adf285e79276446b9a18b9e81911e39d1b966728733fb64b46013eaf','31090444c7bd6cc1c2925f230d5a4689fcb0f22b97b0ed2d2f740073bc3541b5','2025-11-11 22:20:54','2025-11-10 22:20:53','2025-11-10 22:24:42',0,'Mozilla/5.0 (Windows NT 10.0; Win64; x64) AppleWebKit/537.36 (KHTML, like Gecko) Chrome/142.0.0.0 Safari/537.36','::1','{\"os\": \"Windows\", \"device\": \"Desktop\", \"browser\": \"Chrome\"}'),(241,3,'64fadb8d6bc468fd916afb3caf7c9117ca23e127b6acb79363774549bccbd4f91c24c1d1de4f178682272fc853bec89209f849f459be061a7d3f855d236eaeb5','37dcd7ac5f3091936cd7440a376f2829b4396bc5447474ea5643522b5912ef2d','2025-11-11 22:52:17','2025-11-10 22:52:17','2025-11-11 00:05:01',0,'Mozilla/5.0 (Windows NT 10.0; Win64; x64) AppleWebKit/537.36 (KHTML, like Gecko) Chrome/142.0.0.0 Safari/537.36','::1','{\"os\": \"Windows\", \"device\": \"Desktop\", \"browser\": \"Chrome\"}'),(242,3,'ab5ca17a9ad6fce82a4f19d66c28622d92f22ca19ad3081dcfdcd49cb6472b9e9f0992237e2cce783e93655c38f8d5f7d81972f348bc0251e1328559e810010f','1b169f1d77a48d3cb14754775afa8f324f4eebe4447ed8ffb9c49c8c410fc602','2025-11-12 00:05:17','2025-11-11 00:05:17','2025-11-11 00:08:46',0,'Mozilla/5.0 (Windows NT 10.0; Win64; x64) AppleWebKit/537.36 (KHTML, like Gecko) Chrome/142.0.0.0 Safari/537.36','::1','{\"os\": \"Windows\", \"device\": \"Desktop\", \"browser\": \"Chrome\"}'),(245,3,'a6225cb17d09490d65c8c027fe10507b8c012bd056b693300620f4315ec3f13eeb3b83452d62bac77952c2585714bd4fba92d01ced78e27901adf084eefb3755','ff2fa8348a0ef88a587a9f12cddd3aed26066a0f625da48f413b07725dcad5a9','2025-11-12 00:28:43','2025-11-11 00:28:43','2025-11-11 01:20:21',0,'Mozilla/5.0 (Windows NT 10.0; Win64; x64) AppleWebKit/537.36 (KHTML, like Gecko) Chrome/142.0.0.0 Safari/537.36','::1','{\"os\": \"Windows\", \"device\": \"Desktop\", \"browser\": \"Chrome\"}'),(246,3,'f22687dc4ec17ac314ce447db5f3518ed9ad5713c7f27963ecb0cc28ddec32d7040f6ef85c5b7277af644d6b4f5d17ae1c93c26feefdb9f99db8c6e6bd07cdf4','be7b15758b241202bbfa06badd31cd9d209f03d901e3b00f58974a2d93881b63','2025-11-12 01:20:30','2025-11-11 01:20:29','2025-11-11 01:32:11',0,'Mozilla/5.0 (Windows NT 10.0; Win64; x64) AppleWebKit/537.36 (KHTML, like Gecko) Chrome/142.0.0.0 Safari/537.36','::1','{\"os\": \"Windows\", \"device\": \"Desktop\", \"browser\": \"Chrome\"}'),(248,4,'49de168aa61fe41024d6e0c3e0eb0dc126d9cdf207cf93d7913b9d9605070c83892d726d133f93b59c72b318979404893bea8f98b2cec5a44362e61a891d483d','5b6823c24139e1ab37ae94e3d2d766886ca812b47ae893a1874954dd91a8452e','2025-11-12 01:34:17','2025-11-11 01:34:17','2025-11-11 01:34:22',0,'Mozilla/5.0 (Windows NT 10.0; Win64; x64) AppleWebKit/537.36 (KHTML, like Gecko) Chrome/142.0.0.0 Safari/537.36','::1','{\"os\": \"Windows\", \"device\": \"Desktop\", \"browser\": \"Chrome\"}'),(250,3,'15542d4c82d3bd83cde82c3e8e7c72a81a1f5a4ee6784c7645be4d8fb7468315690c849d777409bcba8a9a6349ac6e62a81b96ceb839871a84d64314da1ee9ea','61c37143e2d3fb16905d23e0495275b03ddc0e92e487046ff8b812ad84a4420a','2025-11-12 01:36:58','2025-11-11 01:36:57','2025-11-11 18:55:15',0,'Mozilla/5.0 (Windows NT 10.0; Win64; x64) AppleWebKit/537.36 (KHTML, like Gecko) Chrome/142.0.0.0 Safari/537.36 Edg/142.0.0.0','::1','{\"os\": \"Windows\", \"device\": \"Desktop\", \"browser\": \"Chrome\"}'),(251,3,'da700b7e82849864a645e2bb392aa00c65b9efa3117dfe1195217ef344177b8dec7494804ba048635cbcde99361ced37835f0438bd43611db1fdd8d1860c40b7','07278b6c480bc433453fe5002050e6324d184af33d7805f2d83f0e53939fc93e','2025-11-12 09:40:45','2025-11-11 09:40:45','2025-11-11 10:57:54',0,'Mozilla/5.0 (Windows NT 10.0; Win64; x64) AppleWebKit/537.36 (KHTML, like Gecko) Chrome/142.0.0.0 Safari/537.36','::1','{\"os\": \"Windows\", \"device\": \"Desktop\", \"browser\": \"Chrome\"}'),(252,10,'ed0289b1594a81e2c2301f2b270da0b112499d1b8fcd903a6bff035b5bdfa8a68a3a62009417a8c418868372ee2862503e168e1df8528c3c7270e6a938d7ef45','bfffa56cb70bf2eda1b2c41c99a2bcd3bc388c871ce9302ff60af0ce7033a451','2025-11-12 10:58:20','2025-11-11 10:58:19','2025-11-11 10:58:36',0,'Mozilla/5.0 (Windows NT 10.0; Win64; x64) AppleWebKit/537.36 (KHTML, like Gecko) Chrome/142.0.0.0 Safari/537.36','::1','{\"os\": \"Windows\", \"device\": \"Desktop\", \"browser\": \"Chrome\"}'),(253,3,'e521828772f42337b30faf9c8df1a1c8ce785dd8d6f7a42c750d513a8678cda97121702698cf82a3dbf9f0b1d44974fc12d205df058f5eb4b44892656ed70b33','c4c667943ba3a7cc791c0db8ba2d45f5e37fe41a3bddc0f3fc488d1975dda877','2025-11-12 10:58:49','2025-11-11 10:58:48','2025-11-11 11:02:14',0,'Mozilla/5.0 (Windows NT 10.0; Win64; x64) AppleWebKit/537.36 (KHTML, like Gecko) Chrome/142.0.0.0 Safari/537.36','::1','{\"os\": \"Windows\", \"device\": \"Desktop\", \"browser\": \"Chrome\"}'),(254,10,'660375bbae33690564e51d3117e5832da0679b498a5136a2e66ad660bf68aa32eb609bae604cd269ad65bedf7913d950687949ddc82da3804d370f3c80f453da','81bca2549a8b18f41cc19598297b7cfa40dc701b4b40f789c93077ce93f1edf2','2025-11-12 11:02:30','2025-11-11 11:02:29','2025-11-11 11:03:31',0,'Mozilla/5.0 (Windows NT 10.0; Win64; x64) AppleWebKit/537.36 (KHTML, like Gecko) Chrome/142.0.0.0 Safari/537.36','::1','{\"os\": \"Windows\", \"device\": \"Desktop\", \"browser\": \"Chrome\"}'),(255,11,'0ccb0cad9db72025a4589c2141788d2a78287b629b05cbc7681cc16e66c4e7a3705338fa69c1dd2c27b2b51ee7459da1c7b75e9f54084ba00c9947ae88771b77','ff19d2e0af37f1310f6b91afbc189d437613cb5da99e2b37f4f32b41b38ddeee','2025-11-12 11:03:47','2025-11-11 11:03:47','2025-11-11 11:04:49',0,'Mozilla/5.0 (Windows NT 10.0; Win64; x64) AppleWebKit/537.36 (KHTML, like Gecko) Chrome/142.0.0.0 Safari/537.36','::1','{\"os\": \"Windows\", \"device\": \"Desktop\", \"browser\": \"Chrome\"}'),(256,12,'4713670f24d05df0418ac10d581dbaa7ed43febe99b1c926c551301dd0d993975a16e0a9d7e81d0dd48fcba0bece5e98e21a268f1fb66503eb1ec7350922ecaa','bb321ca73303f731680cb4d0954a7999ccb528ca6411b21fa806ad3a528db732','2025-11-12 11:05:04','2025-11-11 11:05:03','2025-11-11 11:05:41',0,'Mozilla/5.0 (Windows NT 10.0; Win64; x64) AppleWebKit/537.36 (KHTML, like Gecko) Chrome/142.0.0.0 Safari/537.36','::1','{\"os\": \"Windows\", \"device\": \"Desktop\", \"browser\": \"Chrome\"}'),(257,13,'69f6923f37e4b412f99589c8006928ae5745021a0e3b81182fe7c51c978800559b6ea74daff97a53c52e4129e5da2c1a02678ad201dfa652c07780c9fb31c007','5ebe8f2f3d8401a1b4d50b26beaa6281e90af0921facf62648108a505cca3d10','2025-11-12 11:05:52','2025-11-11 11:05:51','2025-11-11 11:06:45',0,'Mozilla/5.0 (Windows NT 10.0; Win64; x64) AppleWebKit/537.36 (KHTML, like Gecko) Chrome/142.0.0.0 Safari/537.36','::1','{\"os\": \"Windows\", \"device\": \"Desktop\", \"browser\": \"Chrome\"}'),(258,14,'6dcbedfd6601c8e34ce662fd290ec180f3e1c2a64fa4b6316ca69d2fbbfc947c14ed8f2d534cfe8190c80a92136f22edea2fbd92a1e1f458dfd445b5688914cf','c97f10ca401ce83da1696b99bf7c207bc5f1b6af31eadd9e96aa08ea0755ed85','2025-11-12 11:06:55','2025-11-11 11:06:55','2025-11-11 11:07:28',0,'Mozilla/5.0 (Windows NT 10.0; Win64; x64) AppleWebKit/537.36 (KHTML, like Gecko) Chrome/142.0.0.0 Safari/537.36','::1','{\"os\": \"Windows\", \"device\": \"Desktop\", \"browser\": \"Chrome\"}'),(259,3,'dc12f7355b27c0ca34b8402607a34fd2e3fed934fe5920db425fc7fa462137e033f7763f90ebd887b94af285416071e15c45194063c28084260c0b2323b8b86f','21e23fa3d9ef880265a1a3c2f8389dcb33c153005717beaed31dc8c5debc2354','2025-11-12 11:07:34','2025-11-11 11:07:34','2025-11-11 18:40:13',0,'Mozilla/5.0 (Windows NT 10.0; Win64; x64) AppleWebKit/537.36 (KHTML, like Gecko) Chrome/142.0.0.0 Safari/537.36','::1','{\"os\": \"Windows\", \"device\": \"Desktop\", \"browser\": \"Chrome\"}'),(260,3,'10a9ed214fcb3c94067eff3d4efb751177dc6f75853722d35e1194bee9b021c6a6498bdb677636c91ba20c631c2002d71c50d4c983110522effa9780fd73443f','0f88b1256d85b04f7b5ad42bb5c04b9b079e9a665f666561f088c10dcb63281f','2025-11-12 18:40:25','2025-11-11 18:40:24','2025-11-11 18:45:52',0,'Mozilla/5.0 (Windows NT 10.0; Win64; x64) AppleWebKit/537.36 (KHTML, like Gecko) Chrome/142.0.0.0 Safari/537.36','::1','{\"os\": \"Windows\", \"device\": \"Desktop\", \"browser\": \"Chrome\"}'),(262,5,'fd4b22040755b7a9397e5dd22b336818be18feb31b2a6f3d43e80f644b9ae021829333ed4b79a2f51972fd182dda1568275f002c1e3fd8307978157f18d69e4b','e4e5e27f29599257f4efe0d641f7bc1068195d8c7302442730fe12e92472b86b','2025-11-12 18:49:36','2025-11-11 18:49:36','2025-11-11 18:59:22',0,'Mozilla/5.0 (Windows NT 10.0; Win64; x64) AppleWebKit/537.36 (KHTML, like Gecko) Chrome/142.0.0.0 Safari/537.36','::1','{\"os\": \"Windows\", \"device\": \"Desktop\", \"browser\": \"Chrome\"}'),(263,3,'1bd8fe9e2c079af782f8d95d5daecf26c020c1c4f837df018bd6db5e898b0fd9feca54df5632287cfa3e6d4b739404c616372fd40e56a2720888121066171786','28629ac23dffe060a1db6a0b1431a41cfad280f02e0ca27285460dd1ec57bab6','2025-11-12 18:55:19','2025-11-11 18:55:19','2025-11-11 19:57:26',1,'Mozilla/5.0 (Windows NT 10.0; Win64; x64) AppleWebKit/537.36 (KHTML, like Gecko) Chrome/142.0.0.0 Safari/537.36 Edg/142.0.0.0','::1','{\"os\": \"Windows\", \"device\": \"Desktop\", \"browser\": \"Chrome\"}'),(264,5,'5e10562f0973b4073fb9a9c095a88f57f686aa3ed94c1cec2e24e05652f2b40f920b2f9c066d00276bc619840b24f11e34e49783e29e06f27b658b6fee334b7d','8d16d9fd1d121af552841e280234feb179b322759be7d1277167661c7a77c742','2025-11-12 18:59:42','2025-11-11 18:59:41','2025-11-11 18:59:46',0,'Mozilla/5.0 (Windows NT 10.0; Win64; x64) AppleWebKit/537.36 (KHTML, like Gecko) Chrome/142.0.0.0 Safari/537.36','::1','{\"os\": \"Windows\", \"device\": \"Desktop\", \"browser\": \"Chrome\"}'),(265,5,'613bc7a710ab731dcf77d7ffe6022674647a7ed8b678261fa57f2da6ed6864434823ec4a4510e952c19131b9070063c2ce7cbc15a152bcaf7da1d82397114642','eb3a92957aa2b63b063704ef1450e09eb6ff84806afea513657e0ce8b17404a6','2025-11-12 18:59:59','2025-11-11 18:59:58','2025-11-11 19:04:07',0,'Mozilla/5.0 (Windows NT 10.0; Win64; x64) AppleWebKit/537.36 (KHTML, like Gecko) Chrome/142.0.0.0 Safari/537.36','::1','{\"os\": \"Windows\", \"device\": \"Desktop\", \"browser\": \"Chrome\"}'),(266,3,'f69cb3f9c5e4a3d74531a78162f64626aea75f942d9d2df0c2c7776024d651f9a8e5038e213cd232719c27e7ad1cbd9a6b85ec60f20c63d548551f854b3b40b1','53df52e0ff3c89abe0040f8241ac906aaff8211a60231f2a926f34061d8a2bae','2025-11-12 19:04:13','2025-11-11 19:04:13','2025-11-11 19:08:10',0,'Mozilla/5.0 (Windows NT 10.0; Win64; x64) AppleWebKit/537.36 (KHTML, like Gecko) Chrome/142.0.0.0 Safari/537.36','::1','{\"os\": \"Windows\", \"device\": \"Desktop\", \"browser\": \"Chrome\"}'),(267,3,'1e5b6e0f6d1814671678878382a775c95b5046696e8b029e93e2dc94ebe07671c1a5a05df39af376718718147dbe044bc31b96a15431146fe17908138a182dca','f035e7abac51202a8c6c9342defefef4b7d7a4b2a119cb484603e62c023e27ff','2025-11-12 19:08:17','2025-11-11 19:08:16','2025-11-11 19:52:14',0,'Mozilla/5.0 (Windows NT 10.0; Win64; x64) AppleWebKit/537.36 (KHTML, like Gecko) Chrome/142.0.0.0 Safari/537.36','::1','{\"os\": \"Windows\", \"device\": \"Desktop\", \"browser\": \"Chrome\"}'),(268,3,'24c5e66b283c276627d597ccfe35350206f28eba7e5b65ede42b4fc397f1740296396ff561483ffe6e5051ccfd7c72f3d3d43e1a6645301db23c88a2851b0f71','0a61f930d52f8796d649fef7b581e7decf9ba04572f4a82a4106257b4397b5d4','2025-11-12 19:52:20','2025-11-11 19:52:20','2025-11-11 20:39:51',1,'Mozilla/5.0 (Windows NT 10.0; Win64; x64) AppleWebKit/537.36 (KHTML, like Gecko) Chrome/142.0.0.0 Safari/537.36','::1','{\"os\": \"Windows\", \"device\": \"Desktop\", \"browser\": \"Chrome\"}');
/*!40000 ALTER TABLE `sessions` ENABLE KEYS */;
UNLOCK TABLES;

--
-- Table structure for table `sns_tags`
--

DROP TABLE IF EXISTS `sns_tags`;
/*!40101 SET @saved_cs_client     = @@character_set_client */;
/*!50503 SET character_set_client = utf8mb4 */;
CREATE TABLE `sns_tags` (
  `tag_id` int NOT NULL AUTO_INCREMENT,
  `tagname` varchar(50) COLLATE utf8mb4_unicode_ci NOT NULL,
  `created_at` datetime DEFAULT CURRENT_TIMESTAMP,
  PRIMARY KEY (`tag_id`),
  UNIQUE KEY `tagname` (`tagname`),
  KEY `idx_tagname` (`tagname`)
) ENGINE=InnoDB AUTO_INCREMENT=23 DEFAULT CHARSET=utf8mb4 COLLATE=utf8mb4_unicode_ci;
/*!40101 SET character_set_client = @saved_cs_client */;

--
-- Dumping data for table `sns_tags`
--

LOCK TABLES `sns_tags` WRITE;
/*!40000 ALTER TABLE `sns_tags` DISABLE KEYS */;
INSERT INTO `sns_tags` VALUES (10,'莫內','2025-11-10 20:48:17'),(11,'台北101','2025-11-10 21:09:41'),(12,'心情札記','2025-11-10 21:11:35'),(13,'赤崁樓','2025-11-10 21:20:26'),(14,'歌劇院','2025-11-10 21:22:18'),(15,'吉卜力','2025-11-10 21:27:30'),(16,'手作','2025-11-10 21:27:49'),(17,'聖誕節','2025-11-10 21:28:42'),(18,'駁二','2025-11-10 21:33:46'),(19,'茶園','2025-11-10 22:15:39'),(20,'刮刮樂','2025-11-10 22:22:51'),(21,'博物館','2025-11-11 11:01:57'),(22,'台北','2025-11-11 11:01:57');
/*!40000 ALTER TABLE `sns_tags` ENABLE KEYS */;
UNLOCK TABLES;

--
-- Table structure for table `system_settings`
--

DROP TABLE IF EXISTS `system_settings`;
/*!40101 SET @saved_cs_client     = @@character_set_client */;
/*!50503 SET character_set_client = utf8mb4 */;
CREATE TABLE `system_settings` (
  `id` int NOT NULL AUTO_INCREMENT,
  `setting_key` varchar(100) COLLATE utf8mb4_unicode_ci NOT NULL,
  `setting_value` text COLLATE utf8mb4_unicode_ci,
  `description` text COLLATE utf8mb4_unicode_ci,
  `updated_at` timestamp NULL DEFAULT CURRENT_TIMESTAMP ON UPDATE CURRENT_TIMESTAMP,
  PRIMARY KEY (`id`),
  UNIQUE KEY `setting_key` (`setting_key`),
  KEY `idx_setting_key` (`setting_key`)
) ENGINE=InnoDB AUTO_INCREMENT=10 DEFAULT CHARSET=utf8mb4 COLLATE=utf8mb4_unicode_ci COMMENT='系統設定表 - 儲存全域系統參數';
/*!40101 SET character_set_client = @saved_cs_client */;

--
-- Dumping data for table `system_settings`
--

LOCK TABLES `system_settings` WRITE;
/*!40000 ALTER TABLE `system_settings` DISABLE KEYS */;
INSERT INTO `system_settings` VALUES (1,'puzzle_max_attempts','100','圖形驗證最大嘗試次數','2025-10-02 15:34:29'),(2,'puzzle_expire_minutes','60','圖形驗證過期時間(分鐘)','2025-10-02 15:34:29'),(3,'puzzle_default_type','4pieces','預設拼圖類型 (4pieces/9pieces/16pieces)','2025-10-02 15:34:29'),(4,'account_lock_minutes','1','帳戶鎖定時間(分鐘)','2025-10-02 15:34:29'),(5,'max_failed_attempts','100','最大登入失敗次數','2025-10-02 15:34:29'),(6,'max_file_size_mb','10','最大檔案上傳大小(MB)','2025-10-02 15:34:29'),(7,'allowed_image_types','jpg,jpeg,png,gif,webp','允許的圖片格式','2025-10-02 15:34:29'),(8,'transfer_keywords','轉人工,客服,真人,人工服務','AI轉人工的觸發關鍵字','2025-10-02 15:34:29'),(9,'auto_transfer_enabled','true','是否啟用自動轉人工功能','2025-10-02 15:34:29');
/*!40000 ALTER TABLE `system_settings` ENABLE KEYS */;
UNLOCK TABLES;

--
-- Table structure for table `transfer_logs`
--

DROP TABLE IF EXISTS `transfer_logs`;
/*!40101 SET @saved_cs_client     = @@character_set_client */;
/*!50503 SET character_set_client = utf8mb4 */;
CREATE TABLE `transfer_logs` (
  `id` int NOT NULL AUTO_INCREMENT,
  `user_id` int NOT NULL,
  `ai_room_id` int NOT NULL,
  `customer_service_room_id` int NOT NULL,
  `transfer_reason` text COLLATE utf8mb4_unicode_ci,
  `ai_conversation_summary` text COLLATE utf8mb4_unicode_ci,
  `transfer_keywords` varchar(500) COLLATE utf8mb4_unicode_ci DEFAULT NULL,
  `processed_by_agent_id` int DEFAULT NULL,
  `processing_time` int DEFAULT NULL,
  `created_at` timestamp NULL DEFAULT CURRENT_TIMESTAMP,
  PRIMARY KEY (`id`),
  KEY `processed_by_agent_id` (`processed_by_agent_id`),
  KEY `idx_user_id` (`user_id`),
  KEY `idx_ai_room_id` (`ai_room_id`),
  KEY `idx_customer_service_room_id` (`customer_service_room_id`),
  KEY `idx_created_at` (`created_at`),
  CONSTRAINT `transfer_logs_ibfk_1` FOREIGN KEY (`user_id`) REFERENCES `users` (`id`) ON DELETE CASCADE,
  CONSTRAINT `transfer_logs_ibfk_2` FOREIGN KEY (`ai_room_id`) REFERENCES `ai_chat_rooms` (`id`) ON DELETE CASCADE,
  CONSTRAINT `transfer_logs_ibfk_3` FOREIGN KEY (`customer_service_room_id`) REFERENCES `customer_service_rooms` (`id`) ON DELETE CASCADE,
  CONSTRAINT `transfer_logs_ibfk_4` FOREIGN KEY (`processed_by_agent_id`) REFERENCES `users` (`id`) ON DELETE SET NULL
) ENGINE=InnoDB DEFAULT CHARSET=utf8mb4 COLLATE=utf8mb4_unicode_ci COMMENT='客服轉接記錄表 - 追蹤AI到人工客服的轉接過程';
/*!40101 SET character_set_client = @saved_cs_client */;

--
-- Dumping data for table `transfer_logs`
--

LOCK TABLES `transfer_logs` WRITE;
/*!40000 ALTER TABLE `transfer_logs` DISABLE KEYS */;
/*!40000 ALTER TABLE `transfer_logs` ENABLE KEYS */;
UNLOCK TABLES;

--
-- Table structure for table `trip_days`
--

DROP TABLE IF EXISTS `trip_days`;
/*!40101 SET @saved_cs_client     = @@character_set_client */;
/*!50503 SET character_set_client = utf8mb4 */;
CREATE TABLE `trip_days` (
  `trip_day_id` int NOT NULL AUTO_INCREMENT COMMENT '行程天數編號',
  `trip_id` int DEFAULT NULL COMMENT '所屬行程編號',
  `date` date DEFAULT NULL COMMENT '日期',
  `day_number` int DEFAULT NULL COMMENT '第幾天',
  PRIMARY KEY (`trip_day_id`),
  KEY `idx_trip_id` (`trip_id`),
  KEY `idx_date` (`date`),
  CONSTRAINT `fk_trip_days_trips` FOREIGN KEY (`trip_id`) REFERENCES `trips` (`trip_id`) ON DELETE CASCADE
) ENGINE=InnoDB AUTO_INCREMENT=345 DEFAULT CHARSET=utf8mb4 COLLATE=utf8mb4_unicode_ci;
/*!40101 SET character_set_client = @saved_cs_client */;

--
-- Dumping data for table `trip_days`
--

LOCK TABLES `trip_days` WRITE;
/*!40000 ALTER TABLE `trip_days` DISABLE KEYS */;
INSERT INTO `trip_days` VALUES (136,12,'2025-10-02',1),(137,12,'2025-10-03',2),(138,12,'2025-10-04',3),(139,12,'2025-10-05',4),(140,12,'2025-10-06',5),(141,12,'2025-10-07',6),(142,12,'2025-10-08',7),(143,12,'2025-10-09',8),(144,12,'2025-10-10',9),(145,12,'2025-10-11',10),(146,12,'2025-10-12',11),(147,12,'2025-10-13',12),(148,12,'2025-10-14',13),(149,12,'2025-10-15',14),(150,12,'2025-10-16',15),(151,12,'2025-10-17',16),(152,12,'2025-10-18',17),(153,12,'2025-10-19',18),(154,12,'2025-10-20',19),(155,12,'2025-10-21',20),(156,12,'2025-10-22',21),(157,12,'2025-10-23',22),(158,12,'2025-10-24',23),(159,12,'2025-10-25',24),(160,12,'2025-10-26',25),(161,12,'2025-10-27',26),(162,12,'2025-10-28',27),(163,12,'2025-10-29',28),(164,12,'2025-10-30',29),(165,12,'2025-10-31',30),(166,12,'2025-11-01',31),(167,13,'2025-10-10',1),(168,13,'2025-10-11',2),(169,14,'2025-09-10',1),(170,14,'2025-09-11',2),(171,15,'2025-09-04',1),(172,15,'2025-09-05',2),(173,15,'2025-09-06',3),(174,15,'2025-09-07',4),(175,16,'2025-10-22',1),(176,17,'2025-08-13',1),(177,17,'2025-08-14',2),(178,17,'2025-08-15',3),(179,17,'2025-08-16',4),(180,18,'2025-09-04',1),(181,19,'2025-09-04',1),(182,19,'2025-09-05',2),(183,19,'2025-09-06',3),(184,19,'2025-09-07',4),(185,19,'2025-09-08',5),(186,19,'2025-09-09',6),(187,19,'2025-09-10',7),(188,19,'2025-09-11',8),(189,19,'2025-09-12',9),(190,19,'2025-09-13',10),(191,19,'2025-09-14',11),(192,19,'2025-09-15',12),(193,19,'2025-09-16',13),(194,19,'2025-09-17',14),(195,19,'2025-09-18',15),(196,19,'2025-09-19',16),(197,19,'2025-09-20',17),(198,19,'2025-09-21',18),(199,19,'2025-09-22',19),(200,19,'2025-09-23',20),(201,19,'2025-09-24',21),(202,19,'2025-09-25',22),(203,19,'2025-09-26',23),(204,19,'2025-09-27',24),(205,19,'2025-09-28',25),(206,19,'2025-09-29',26),(207,19,'2025-09-30',27),(208,19,'2025-10-01',28),(209,19,'2025-10-02',29),(210,19,'2025-10-03',30),(211,19,'2025-10-04',31),(212,19,'2025-10-05',32),(213,19,'2025-10-06',33),(214,19,'2025-10-07',34),(215,19,'2025-10-08',35),(216,19,'2025-10-09',36),(217,19,'2025-10-10',37),(218,19,'2025-10-11',38),(219,19,'2025-10-12',39),(220,19,'2025-10-13',40),(221,19,'2025-10-14',41),(222,19,'2025-10-15',42),(223,19,'2025-10-16',43),(224,19,'2025-10-17',44),(225,19,'2025-10-18',45),(226,19,'2025-10-19',46),(227,19,'2025-10-20',47),(228,19,'2025-10-21',48),(229,19,'2025-10-22',49),(230,19,'2025-10-23',50),(231,19,'2025-10-24',51),(232,19,'2025-10-25',52),(233,19,'2025-10-26',53),(234,19,'2025-10-27',54),(235,19,'2025-10-28',55),(236,19,'2025-10-29',56),(237,19,'2025-10-30',57),(238,19,'2025-10-31',58),(239,19,'2025-11-01',59),(240,19,'2025-11-02',60),(241,19,'2025-11-03',61),(242,19,'2025-11-04',62),(243,19,'2025-11-05',63),(244,19,'2025-11-06',64),(344,22,'2025-10-02',1);
/*!40000 ALTER TABLE `trip_days` ENABLE KEYS */;
UNLOCK TABLES;

--
-- Table structure for table `trip_favorites`
--

DROP TABLE IF EXISTS `trip_favorites`;
/*!40101 SET @saved_cs_client     = @@character_set_client */;
/*!50503 SET character_set_client = utf8mb4 */;
CREATE TABLE `trip_favorites` (
  `favorite_id` int NOT NULL AUTO_INCREMENT COMMENT '收藏編號',
  `user_id` int DEFAULT NULL COMMENT '使用者編號',
  `trip_id` int DEFAULT NULL COMMENT '行程編號',
  `created_at` datetime DEFAULT CURRENT_TIMESTAMP COMMENT '建立時間',
  PRIMARY KEY (`favorite_id`),
  UNIQUE KEY `unique_user_trip` (`user_id`,`trip_id`),
  KEY `idx_user_id` (`user_id`),
  KEY `idx_trip_id` (`trip_id`),
  CONSTRAINT `fk_trip_favorites_trips` FOREIGN KEY (`trip_id`) REFERENCES `trips` (`trip_id`) ON DELETE CASCADE,
  CONSTRAINT `fk_trip_favorites_users` FOREIGN KEY (`user_id`) REFERENCES `users` (`id`) ON DELETE CASCADE
) ENGINE=InnoDB AUTO_INCREMENT=16 DEFAULT CHARSET=utf8mb4 COLLATE=utf8mb4_unicode_ci;
/*!40101 SET character_set_client = @saved_cs_client */;

--
-- Dumping data for table `trip_favorites`
--

LOCK TABLES `trip_favorites` WRITE;
/*!40000 ALTER TABLE `trip_favorites` DISABLE KEYS */;
INSERT INTO `trip_favorites` VALUES (7,5,12,'2025-11-08 08:06:44'),(8,10,13,'2025-11-10 20:40:55'),(9,10,14,'2025-11-10 20:42:00'),(10,11,15,'2025-11-10 21:18:51'),(11,12,16,'2025-11-10 21:30:22'),(15,3,22,'2025-11-11 11:00:35');
/*!40000 ALTER TABLE `trip_favorites` ENABLE KEYS */;
UNLOCK TABLES;

--
-- Table structure for table `trip_items`
--

DROP TABLE IF EXISTS `trip_items`;
/*!40101 SET @saved_cs_client     = @@character_set_client */;
/*!50503 SET character_set_client = utf8mb4 */;
CREATE TABLE `trip_items` (
  `trip_item_id` int NOT NULL AUTO_INCREMENT COMMENT '行程項目編號',
  `trip_day_id` int DEFAULT NULL COMMENT '所屬行程天編號',
  `place_id` int DEFAULT NULL COMMENT '景點編號',
  `type` enum('景點','餐廳','住宿','交通') COLLATE utf8mb4_unicode_ci DEFAULT NULL COMMENT '項目類型',
  `note` text COLLATE utf8mb4_unicode_ci COMMENT '備註',
  `start_time` time DEFAULT NULL COMMENT '開始時間',
  `end_time` time DEFAULT NULL COMMENT '結束時間',
  `sort_order` int DEFAULT NULL COMMENT '排序序號',
  PRIMARY KEY (`trip_item_id`),
  KEY `idx_trip_day_id` (`trip_day_id`),
  KEY `idx_place_id` (`place_id`),
  KEY `idx_sort_order` (`sort_order`),
  CONSTRAINT `fk_trip_items_places` FOREIGN KEY (`place_id`) REFERENCES `places` (`place_id`) ON DELETE CASCADE,
  CONSTRAINT `fk_trip_items_trip_days` FOREIGN KEY (`trip_day_id`) REFERENCES `trip_days` (`trip_day_id`) ON DELETE CASCADE
) ENGINE=InnoDB AUTO_INCREMENT=37 DEFAULT CHARSET=utf8mb4 COLLATE=utf8mb4_unicode_ci;
/*!40101 SET character_set_client = @saved_cs_client */;

--
-- Dumping data for table `trip_items`
--

LOCK TABLES `trip_items` WRITE;
/*!40000 ALTER TABLE `trip_items` DISABLE KEYS */;
INSERT INTO `trip_items` VALUES (30,344,4,'景點','',NULL,NULL,1),(34,184,3,'景點','早上出發',NULL,NULL,1),(36,344,3,'景點','',NULL,NULL,2);
/*!40000 ALTER TABLE `trip_items` ENABLE KEYS */;
UNLOCK TABLES;

--
-- Table structure for table `trips`
--

DROP TABLE IF EXISTS `trips`;
/*!40101 SET @saved_cs_client     = @@character_set_client */;
/*!50503 SET character_set_client = utf8mb4 */;
CREATE TABLE `trips` (
  `trip_id` int NOT NULL AUTO_INCREMENT COMMENT '行程編號',
  `trip_name` varchar(100) COLLATE utf8mb4_unicode_ci NOT NULL COMMENT '行程名稱',
  `user_id` int DEFAULT NULL COMMENT '建立者編號',
  `description` text COLLATE utf8mb4_unicode_ci COMMENT '行程描述',
  `start_date` date DEFAULT NULL COMMENT '開始日期',
  `end_date` date DEFAULT NULL COMMENT '結束日期',
  `cover_image_url` varchar(255) COLLATE utf8mb4_unicode_ci DEFAULT NULL COMMENT '封面圖片 URL',
  `is_public` tinyint(1) DEFAULT '0' COMMENT '是否公開行程',
  `location_id` int DEFAULT NULL COMMENT '主要旅遊地區',
  `summary_text` varchar(200) COLLATE utf8mb4_unicode_ci DEFAULT NULL COMMENT '行程摘要',
  `created_at` datetime DEFAULT CURRENT_TIMESTAMP COMMENT '建立時間',
  PRIMARY KEY (`trip_id`),
  KEY `idx_user_id` (`user_id`),
  KEY `idx_location_id` (`location_id`),
  KEY `idx_is_public` (`is_public`),
  KEY `idx_start_date` (`start_date`),
  CONSTRAINT `fk_trips_locations` FOREIGN KEY (`location_id`) REFERENCES `locations` (`location_id`) ON DELETE SET NULL,
  CONSTRAINT `fk_trips_users` FOREIGN KEY (`user_id`) REFERENCES `users` (`id`) ON DELETE CASCADE
) ENGINE=InnoDB AUTO_INCREMENT=23 DEFAULT CHARSET=utf8mb4 COLLATE=utf8mb4_unicode_ci;
/*!40101 SET character_set_client = @saved_cs_client */;

--
-- Dumping data for table `trips`
--

LOCK TABLES `trips` WRITE;
/*!40000 ALTER TABLE `trips` DISABLE KEYS */;
INSERT INTO `trips` VALUES (12,'台北一個月遊',5,'台北一個月遊','2025-10-02','2025-11-01','https://images.unsplash.com/photo-1488646953014-85cb44e25828?w=800&q=80',0,NULL,'台北一個月遊','2025-11-08 08:05:42'),(13,'奇美博物館美術展隨拍～莫內畫作欣賞',10,'奇美博物館美術展隨拍～莫內畫作欣賞','2025-10-10','2025-10-11','https://images.unsplash.com/photo-1488646953014-85cb44e25828?w=800&q=80',1,NULL,'奇美博物館美術展隨拍～莫內畫作欣賞','2025-11-10 20:40:50'),(14,'台北兩天一夜小旅行～101＋故宮＋士林夜市',10,'台北兩天一夜小旅行','2025-09-10','2025-09-11','https://images.unsplash.com/photo-1488646953014-85cb44e25828?w=800&q=80',1,NULL,'台北兩天一夜小旅行','2025-11-10 20:41:56'),(15,'台南安平古堡 + 赤崁樓',11,'台南安平古堡 + 赤崁樓','2025-09-04','2025-09-07','https://images.unsplash.com/photo-1488646953014-85cb44e25828?w=800&q=80',1,NULL,'台南安平古堡 + 赤崁樓','2025-11-10 21:18:47'),(16,'駁二微型展的午後小確幸',12,'駁二微型展的午後小確幸','2025-10-22','2025-10-22','https://images.unsplash.com/photo-1488646953014-85cb44e25828?w=800&q=80',1,NULL,'駁二微型展的午後小確幸','2025-11-10 21:30:12'),(17,'北投溫泉小旅行',13,'北投溫泉小旅行','2025-08-12','2025-08-15','https://images.unsplash.com/photo-1488646953014-85cb44e25828?w=800&q=80',1,NULL,'北投溫泉小旅行','2025-11-10 21:54:36'),(18,'台中＋台南一日遊行程分享',13,'台中＋台南一日遊行程分享','2025-09-04','2025-09-04','https://images.unsplash.com/photo-1488646953014-85cb44e25828?w=800&q=80',1,NULL,'台中＋台南一日遊行程分享','2025-11-10 21:58:13'),(19,'台北一日遊',3,'','2025-09-04','2025-11-06','https://images.unsplash.com/photo-1488646953014-85cb44e25828?w=800&q=80',0,NULL,'','2025-11-10 23:21:43'),(22,'故宮一日遊',3,'故宮一日遊','2025-10-02','2025-10-02','https://images.unsplash.com/photo-1488646953014-85cb44e25828?w=800&q=80',1,NULL,'故宮一日遊','2025-11-11 11:00:28');
/*!40000 ALTER TABLE `trips` ENABLE KEYS */;
UNLOCK TABLES;

--
-- Table structure for table `users`
--

DROP TABLE IF EXISTS `users`;
/*!40101 SET @saved_cs_client     = @@character_set_client */;
/*!50503 SET character_set_client = utf8mb4 */;
CREATE TABLE `users` (
  `id` int NOT NULL AUTO_INCREMENT,
  `email` varchar(255) COLLATE utf8mb4_unicode_ci NOT NULL,
  `password` varchar(255) COLLATE utf8mb4_unicode_ci DEFAULT NULL,
  `name` varchar(100) COLLATE utf8mb4_unicode_ci NOT NULL,
  `nickname` varchar(50) COLLATE utf8mb4_unicode_ci DEFAULT NULL,
  `phone` varchar(20) COLLATE utf8mb4_unicode_ci DEFAULT NULL,
  `address` text COLLATE utf8mb4_unicode_ci,
  `avatar` varchar(500) COLLATE utf8mb4_unicode_ci DEFAULT NULL,
  `avatar_file_id` varchar(255) COLLATE utf8mb4_unicode_ci DEFAULT NULL COMMENT 'ImageKit 檔案 ID，用於刪除頭像',
  `access` enum('user','admin','vip') COLLATE utf8mb4_unicode_ci DEFAULT 'user',
  `birthday` date DEFAULT NULL,
  `gender` enum('male','female','other') COLLATE utf8mb4_unicode_ci DEFAULT NULL,
  `google_id` varchar(255) COLLATE utf8mb4_unicode_ci DEFAULT NULL,
  `google_authenticator_secret` varchar(255) COLLATE utf8mb4_unicode_ci DEFAULT NULL,
  `google_authenticator_enabled` tinyint(1) DEFAULT '0',
  `backup_codes` json DEFAULT NULL,
  `email_verified` tinyint(1) DEFAULT '0',
  `is_active` tinyint(1) DEFAULT '1',
  `failed_login_attempts` int DEFAULT '0',
  `locked_until` timestamp NULL DEFAULT NULL,
  `created_at` timestamp NULL DEFAULT CURRENT_TIMESTAMP,
  `updated_at` timestamp NULL DEFAULT CURRENT_TIMESTAMP ON UPDATE CURRENT_TIMESTAMP,
  PRIMARY KEY (`id`),
  UNIQUE KEY `email` (`email`),
  UNIQUE KEY `google_id` (`google_id`),
  KEY `idx_email` (`email`),
  KEY `idx_google_id` (`google_id`),
  KEY `idx_phone` (`phone`),
  KEY `idx_avatar_file_id` (`avatar_file_id`)
) ENGINE=InnoDB AUTO_INCREMENT=15 DEFAULT CHARSET=utf8mb4 COLLATE=utf8mb4_unicode_ci COMMENT='用戶主表 - 儲存所有使用者基本資料與Google 2FA資訊';
/*!40101 SET character_set_client = @saved_cs_client */;

--
-- Dumping data for table `users`
--

LOCK TABLES `users` WRITE;
/*!40000 ALTER TABLE `users` DISABLE KEYS */;
INSERT INTO `users` VALUES (1,'admin@sailotravel.com','$2a$10$N9qo8uLOickgx2ZMRZoMye6zKWuQ.Hs0K0YFl.8G3Q5kUvnvJZLCm','系統管理員','Admin',NULL,NULL,NULL,NULL,'admin',NULL,NULL,NULL,NULL,0,NULL,1,1,5,NULL,'2025-10-02 15:34:29','2025-10-02 16:32:21'),(2,'user@sailotravel.com','$2a$10$CwTycUXWue0Thq9StjUM0uJ8fWnHNsZwNvSBYCdH5aIMqLbhFEW.i','測試使用者','小測',NULL,NULL,NULL,NULL,'user',NULL,NULL,NULL,NULL,0,NULL,1,1,6,'2025-10-02 16:11:20','2025-10-02 15:34:29','2025-10-02 16:12:07'),(3,'sailo@sailo.com','$2b$10$AvC7ELxmIeR.UfNUP0A94u6VCeNg.wUMxiCW7JQNI71euwMHuJ4g2','測試使用者','sailo',NULL,NULL,'https://ik.imagekit.io/crjen7iza/avatars/avatar_3_1762556942093_W8cgIeCDV','690e7c115c7cd75eb87a094d','admin',NULL,NULL,NULL,'JVGXIVDDH4ZXOTJMGI4DCV3IJEYCKY2MN47FOP3EIVEFMJDTFJHQ',0,'[\"8DB0A5D0\", \"96BA6805\", \"9BCC2563\", \"ECB90081\", \"B181238A\", \"AB1A79FD\", \"438A3044\", \"5F21090E\", \"04CE936A\", \"69FE9B84\"]',1,1,0,NULL,'2025-10-02 15:45:49','2025-11-07 23:09:05'),(4,'lsin38533@gmail.com',NULL,'sin lee','LEE','0912345678',NULL,'https://lh3.googleusercontent.com/a/ACg8ocLUlYAiR-pH1mCyRhnISsDrp_hrUPSvARCqHAe3SHQ-2Irs7rU=s96-c','68f9d2ac5c7cd75eb8e97666','user','1998-01-01','male','106960716538466056444',NULL,0,NULL,1,1,0,NULL,'2025-10-15 02:28:08','2025-11-10 17:34:17'),(5,'sailotest00@gmail.com','$2b$10$vyNx6F2DT44tp.TO4VdS8e.2wLyxfD2157XHjT16Ao1EwhWFld.l.','sailo','sailoo','0912345678',NULL,'https://ik.imagekit.io/crjen7iza/avatars/avatar_5_1761790612640_9xTMIXXwR','6902ca955c7cd75eb85c7b8d','user','1998-01-05',NULL,NULL,NULL,0,NULL,0,1,0,NULL,'2025-10-15 05:34:31','2025-11-11 11:00:11'),(6,'travel01@travel.com','$2b$10$5nKNNM3aNnIZR0AbRKxvF.SY2DFtavVkFsti8itD6gKUIAgBWAb8y','travel01','travel01','0912345678',NULL,NULL,NULL,'user',NULL,NULL,NULL,NULL,0,NULL,0,1,0,NULL,'2025-10-15 07:49:26','2025-10-15 07:49:26'),(7,'sailoadmin@sailo.com','$2b$10$bYuI/CiUPr4iEPElbFSXuu.0TN4G1OYJ9dSULda7a/ob/KUySx2j6','sailoadmin','sailoadmin','0912345678',NULL,'https://ik.imagekit.io/crjen7iza/avatars/avatarxxx01.png?updatedAt=1761200375843',NULL,'admin',NULL,NULL,NULL,NULL,0,NULL,0,1,0,NULL,'2025-10-23 07:43:53','2025-10-23 07:49:04'),(8,'sailooo@sailo.com','$2b$10$ntLY0QIEoULUM.P2kjgtyuAlpO9nn3UTouOA0B1OFuPSYlZ.RJ8bG','sailooo','sailooo','0912345678',NULL,'https://ik.imagekit.io/crjen7iza/avatars/avatarxxx01.png?updatedAt=1761200375843',NULL,'user',NULL,NULL,NULL,NULL,0,NULL,0,1,0,NULL,'2025-10-25 09:56:27','2025-10-25 09:56:27'),(9,'sailoo@sailo.com','$2b$10$Cm6BljOhHS5606C.7DZT7.fUAVsdW560pjmSwrZRZfJWckqDbFIFu','sailoo','sailoo','0912345678',NULL,'https://ik.imagekit.io/crjen7iza/avatars/avatarxxx01.png?updatedAt=1761200375843',NULL,'user',NULL,NULL,NULL,NULL,0,NULL,0,1,0,NULL,'2025-10-28 01:34:21','2025-10-28 01:35:29'),(10,'WiseClam@gmail.com','$2b$10$UvqaP1N.pLgXsfoxCtDH..Z4QUEkT1VgWbWbKq7X8awvdESstA2lm','睿智的蛤蜊','睿智的蛤蜊','0912345678',NULL,'https://ik.imagekit.io/crjen7iza/avatars/avatar_10_1762778049573_LnRxZYqQr','6911dbbf5c7cd75eb8a60df5','user',NULL,NULL,NULL,NULL,0,NULL,0,1,0,NULL,'2025-11-10 12:29:27','2025-11-10 12:34:11'),(11,'kumohare0416@gmail.com','$2b$10$ArnxmXVlHkFmhqNKUMg0euyVkm94Tw6B/lik8EwLPHjs9s55Ewyp.','kumohare_0416','kumohare_0416','0912345678',NULL,'https://ik.imagekit.io/crjen7iza/avatars/avatar_11_1762780657370_K7tIIWp68','6911e5f05c7cd75eb8eca2ff','user',NULL,NULL,NULL,NULL,0,NULL,0,1,0,NULL,'2025-11-10 12:30:52','2025-11-10 13:17:40'),(12,'Pork@gmail.com','$2b$10$TkJ1EyppPHqxG6dCPIlLJuLTBvyiGL8qHAJV2hnuLaPFB91U8RDd2','叉燒','叉燒','0912345678',NULL,'https://ik.imagekit.io/crjen7iza/avatars/avatar_12_1762781361997_CIV13J3me','6911e8b05c7cd75eb8fd733f','user',NULL,NULL,NULL,NULL,0,NULL,0,1,0,NULL,'2025-11-10 12:31:29','2025-11-10 13:31:07'),(13,'Loiza@gmail.com','$2b$10$h3hsR/lHohwGSE9F5a46nuEsC2hVcq8ahxiTIN430qEPfAdAA5Ery','Loiza','Loiza','0912345678',NULL,'https://ik.imagekit.io/crjen7iza/avatars/avatar_13_1762782820339_FYLRLYNpG','6911ee625c7cd75eb81ef69a','user',NULL,NULL,NULL,NULL,0,NULL,0,1,0,NULL,'2025-11-10 12:32:09','2025-11-10 13:53:42'),(14,'Kairy@gmail.com','$2b$10$T11LqzUu4xkVOJaZgFyHv.ZXk129wzR2n6qqUbIUcvte4CiVdA45K','Kairy','Kairy','0912345678',NULL,'https://ik.imagekit.io/crjen7iza/avatars/avatar_14_1762784009811_Zs8DUUOjF','6911f3075c7cd75eb8447737','user',NULL,NULL,NULL,NULL,0,NULL,0,1,0,NULL,'2025-11-10 12:32:26','2025-11-10 14:13:31');
/*!40000 ALTER TABLE `users` ENABLE KEYS */;
UNLOCK TABLES;

--
-- Temporary view structure for view `v_active_refresh_tokens`
--

DROP TABLE IF EXISTS `v_active_refresh_tokens`;
/*!50001 DROP VIEW IF EXISTS `v_active_refresh_tokens`*/;
SET @saved_cs_client     = @@character_set_client;
/*!50503 SET character_set_client = utf8mb4 */;
/*!50001 CREATE VIEW `v_active_refresh_tokens` AS SELECT 
 1 AS `id`,
 1 AS `user_id`,
 1 AS `email`,
 1 AS `name`,
 1 AS `created_at`,
 1 AS `expires_at`,
 1 AS `user_agent`,
 1 AS `ip_address`,
 1 AS `days_until_expiry`*/;
SET character_set_client = @saved_cs_client;

--
-- Temporary view structure for view `v_active_sessions`
--

DROP TABLE IF EXISTS `v_active_sessions`;
/*!50001 DROP VIEW IF EXISTS `v_active_sessions`*/;
SET @saved_cs_client     = @@character_set_client;
/*!50503 SET character_set_client = utf8mb4 */;
/*!50001 CREATE VIEW `v_active_sessions` AS SELECT 
 1 AS `session_id`,
 1 AS `user_id`,
 1 AS `email`,
 1 AS `name`,
 1 AS `created_at`,
 1 AS `expires_at`,
 1 AS `last_activity`,
 1 AS `user_agent`,
 1 AS `ip_address`,
 1 AS `minutes_until_expiry`,
 1 AS `refresh_tokens_count`*/;
SET character_set_client = @saved_cs_client;

--
-- Temporary view structure for view `v_session_tokens`
--

DROP TABLE IF EXISTS `v_session_tokens`;
/*!50001 DROP VIEW IF EXISTS `v_session_tokens`*/;
SET @saved_cs_client     = @@character_set_client;
/*!50503 SET character_set_client = utf8mb4 */;
/*!50001 CREATE VIEW `v_session_tokens` AS SELECT 
 1 AS `session_id`,
 1 AS `user_id`,
 1 AS `email`,
 1 AS `session_token`,
 1 AS `session_created`,
 1 AS `last_activity`,
 1 AS `refresh_token_id`,
 1 AS `token_created`,
 1 AS `token_expires`,
 1 AS `token_revoked`,
 1 AS `token_hours_until_expiry`*/;
SET character_set_client = @saved_cs_client;

--
-- Dumping routines for database 'sailo_db'
--
/*!50003 DROP PROCEDURE IF EXISTS `cleanup_expired_auth_data` */;
/*!50003 SET @saved_cs_client      = @@character_set_client */ ;
/*!50003 SET @saved_cs_results     = @@character_set_results */ ;
/*!50003 SET @saved_col_connection = @@collation_connection */ ;
/*!50003 SET character_set_client  = utf8mb4 */ ;
/*!50003 SET character_set_results = utf8mb4 */ ;
/*!50003 SET collation_connection  = utf8mb4_0900_ai_ci */ ;
/*!50003 SET @saved_sql_mode       = @@sql_mode */ ;
/*!50003 SET sql_mode              = 'ONLY_FULL_GROUP_BY,STRICT_TRANS_TABLES,NO_ZERO_IN_DATE,NO_ZERO_DATE,ERROR_FOR_DIVISION_BY_ZERO,NO_ENGINE_SUBSTITUTION' */ ;
DELIMITER ;;
CREATE DEFINER=`root`@`localhost` PROCEDURE `cleanup_expired_auth_data`()
BEGIN
  -- 停用過期的 Sessions
  UPDATE sessions 
  SET is_active = FALSE 
  WHERE expires_at < NOW() AND is_active = TRUE;
  
  -- 撤銷過期的 Refresh Tokens
  UPDATE refresh_tokens 
  SET revoked = TRUE, revoked_at = NOW() 
  WHERE expires_at < NOW() AND revoked = FALSE;
  
  -- 刪除超過 30 天的過期 Sessions (保留資料用於分析)
  DELETE FROM sessions 
  WHERE is_active = FALSE 
    AND expires_at < DATE_SUB(NOW(), INTERVAL 30 DAY);
  
  -- 刪除超過 30 天的已撤銷 Refresh Tokens
  DELETE FROM refresh_tokens 
  WHERE revoked = TRUE 
    AND revoked_at < DATE_SUB(NOW(), INTERVAL 30 DAY);
  
  -- 返回清理統計
  SELECT 
    '清理完成' AS status,
    (SELECT COUNT(*) FROM sessions WHERE is_active = FALSE) AS inactive_sessions,
    (SELECT COUNT(*) FROM refresh_tokens WHERE revoked = TRUE) AS revoked_tokens;
END ;;
DELIMITER ;
/*!50003 SET sql_mode              = @saved_sql_mode */ ;
/*!50003 SET character_set_client  = @saved_cs_client */ ;
/*!50003 SET character_set_results = @saved_cs_results */ ;
/*!50003 SET collation_connection  = @saved_col_connection */ ;

--
-- Final view structure for view `v_active_refresh_tokens`
--

/*!50001 DROP VIEW IF EXISTS `v_active_refresh_tokens`*/;
/*!50001 SET @saved_cs_client          = @@character_set_client */;
/*!50001 SET @saved_cs_results         = @@character_set_results */;
/*!50001 SET @saved_col_connection     = @@collation_connection */;
/*!50001 SET character_set_client      = utf8mb4 */;
/*!50001 SET character_set_results     = utf8mb4 */;
/*!50001 SET collation_connection      = utf8mb4_0900_ai_ci */;
/*!50001 CREATE ALGORITHM=UNDEFINED */
/*!50013 DEFINER=`root`@`localhost` SQL SECURITY DEFINER */
/*!50001 VIEW `v_active_refresh_tokens` AS select `rt`.`id` AS `id`,`rt`.`user_id` AS `user_id`,`u`.`email` AS `email`,`u`.`name` AS `name`,`rt`.`created_at` AS `created_at`,`rt`.`expires_at` AS `expires_at`,`rt`.`user_agent` AS `user_agent`,`rt`.`ip_address` AS `ip_address`,timestampdiff(DAY,now(),`rt`.`expires_at`) AS `days_until_expiry` from (`refresh_tokens` `rt` join `users` `u` on((`rt`.`user_id` = `u`.`id`))) where ((`rt`.`revoked` = false) and (`rt`.`expires_at` > now())) order by `rt`.`created_at` desc */;
/*!50001 SET character_set_client      = @saved_cs_client */;
/*!50001 SET character_set_results     = @saved_cs_results */;
/*!50001 SET collation_connection      = @saved_col_connection */;

--
-- Final view structure for view `v_active_sessions`
--

/*!50001 DROP VIEW IF EXISTS `v_active_sessions`*/;
/*!50001 SET @saved_cs_client          = @@character_set_client */;
/*!50001 SET @saved_cs_results         = @@character_set_results */;
/*!50001 SET @saved_col_connection     = @@collation_connection */;
/*!50001 SET character_set_client      = utf8mb4 */;
/*!50001 SET character_set_results     = utf8mb4 */;
/*!50001 SET collation_connection      = utf8mb4_0900_ai_ci */;
/*!50001 CREATE ALGORITHM=UNDEFINED */
/*!50013 DEFINER=`root`@`localhost` SQL SECURITY DEFINER */
/*!50001 VIEW `v_active_sessions` AS select `s`.`id` AS `session_id`,`s`.`user_id` AS `user_id`,`u`.`email` AS `email`,`u`.`name` AS `name`,`s`.`created_at` AS `created_at`,`s`.`expires_at` AS `expires_at`,`s`.`last_activity` AS `last_activity`,`s`.`user_agent` AS `user_agent`,`s`.`ip_address` AS `ip_address`,timestampdiff(MINUTE,now(),`s`.`expires_at`) AS `minutes_until_expiry`,count(`rt`.`id`) AS `refresh_tokens_count` from ((`sessions` `s` join `users` `u` on((`s`.`user_id` = `u`.`id`))) left join `refresh_tokens` `rt` on(((`rt`.`session_id` = `s`.`id`) and (`rt`.`revoked` = false)))) where ((`s`.`is_active` = true) and (`s`.`expires_at` > now())) group by `s`.`id` order by `s`.`last_activity` desc */;
/*!50001 SET character_set_client      = @saved_cs_client */;
/*!50001 SET character_set_results     = @saved_cs_results */;
/*!50001 SET collation_connection      = @saved_col_connection */;

--
-- Final view structure for view `v_session_tokens`
--

/*!50001 DROP VIEW IF EXISTS `v_session_tokens`*/;
/*!50001 SET @saved_cs_client          = @@character_set_client */;
/*!50001 SET @saved_cs_results         = @@character_set_results */;
/*!50001 SET @saved_col_connection     = @@collation_connection */;
/*!50001 SET character_set_client      = utf8mb4 */;
/*!50001 SET character_set_results     = utf8mb4 */;
/*!50001 SET collation_connection      = utf8mb4_0900_ai_ci */;
/*!50001 CREATE ALGORITHM=UNDEFINED */
/*!50013 DEFINER=`root`@`localhost` SQL SECURITY DEFINER */
/*!50001 VIEW `v_session_tokens` AS select `s`.`id` AS `session_id`,`s`.`user_id` AS `user_id`,`u`.`email` AS `email`,`s`.`session_token` AS `session_token`,`s`.`created_at` AS `session_created`,`s`.`last_activity` AS `last_activity`,`rt`.`id` AS `refresh_token_id`,`rt`.`created_at` AS `token_created`,`rt`.`expires_at` AS `token_expires`,`rt`.`revoked` AS `token_revoked`,timestampdiff(HOUR,now(),`rt`.`expires_at`) AS `token_hours_until_expiry` from ((`sessions` `s` join `users` `u` on((`s`.`user_id` = `u`.`id`))) left join `refresh_tokens` `rt` on((`rt`.`session_id` = `s`.`id`))) where (`s`.`is_active` = true) order by `s`.`last_activity` desc,`rt`.`created_at` desc */;
/*!50001 SET character_set_client      = @saved_cs_client */;
/*!50001 SET character_set_results     = @saved_cs_results */;
/*!50001 SET collation_connection      = @saved_col_connection */;
/*!40103 SET TIME_ZONE=@OLD_TIME_ZONE */;

/*!40101 SET SQL_MODE=@OLD_SQL_MODE */;
/*!40014 SET FOREIGN_KEY_CHECKS=@OLD_FOREIGN_KEY_CHECKS */;
/*!40014 SET UNIQUE_CHECKS=@OLD_UNIQUE_CHECKS */;
/*!40101 SET CHARACTER_SET_CLIENT=@OLD_CHARACTER_SET_CLIENT */;
/*!40101 SET CHARACTER_SET_RESULTS=@OLD_CHARACTER_SET_RESULTS */;
/*!40101 SET COLLATION_CONNECTION=@OLD_COLLATION_CONNECTION */;
/*!40111 SET SQL_NOTES=@OLD_SQL_NOTES */;

-- Dump completed on 2025-11-11 20:59:11
